-- MySQL dump 10.13  Distrib 8.0.29, for Linux (x86_64)
--
-- Host: aspr.mysql.pythonanywhere-services.com    Database: aspr$aspr
-- ------------------------------------------------------
-- Server version	8.0.39

/*!40101 SET @OLD_CHARACTER_SET_CLIENT=@@CHARACTER_SET_CLIENT */;
/*!40101 SET @OLD_CHARACTER_SET_RESULTS=@@CHARACTER_SET_RESULTS */;
/*!40101 SET @OLD_COLLATION_CONNECTION=@@COLLATION_CONNECTION */;
/*!50503 SET NAMES utf8mb4 */;
/*!40103 SET @OLD_TIME_ZONE=@@TIME_ZONE */;
/*!40103 SET TIME_ZONE='+00:00' */;
/*!40014 SET @OLD_UNIQUE_CHECKS=@@UNIQUE_CHECKS, UNIQUE_CHECKS=0 */;
/*!40014 SET @OLD_FOREIGN_KEY_CHECKS=@@FOREIGN_KEY_CHECKS, FOREIGN_KEY_CHECKS=0 */;
/*!40101 SET @OLD_SQL_MODE=@@SQL_MODE, SQL_MODE='NO_AUTO_VALUE_ON_ZERO' */;
/*!40111 SET @OLD_SQL_NOTES=@@SQL_NOTES, SQL_NOTES=0 */;

--
-- Current Database: `aspr$aspr`
--

CREATE DATABASE /*!32312 IF NOT EXISTS*/ `aspr$aspr` /*!40100 DEFAULT CHARACTER SET utf8mb3 */ /*!80016 DEFAULT ENCRYPTION='N' */;

USE `aspr$aspr`;

--
-- Table structure for table `events`
--

DROP TABLE IF EXISTS `events`;
/*!40101 SET @saved_cs_client     = @@character_set_client */;
/*!50503 SET character_set_client = utf8mb4 */;
CREATE TABLE `events` (
  `event_id` varchar(15) NOT NULL,
  `limit_date` date DEFAULT NULL,
  `title` varchar(150) DEFAULT NULL,
  `active` tinyint(1) DEFAULT NULL,
  PRIMARY KEY (`event_id`)
) ENGINE=InnoDB DEFAULT CHARSET=utf8mb3;
/*!40101 SET character_set_client = @saved_cs_client */;

--
-- Dumping data for table `events`
--

LOCK TABLES `events` WRITE;
/*!40000 ALTER TABLE `events` DISABLE KEYS */;
INSERT INTO `events` VALUES ('10MAYO','2025-05-09','Seminario Internacional sobre \"El Rol del Físico Médico en la Radioterapia\".',1),('12ABRIL','2025-04-11','Seminario Internacional sobre \"Conservación de Alimentos por Irradiación\".',1),('22FEBRERO','2025-02-21','Seminario Internacional sobre \"Protección Radiológica en Intervencionismo\".',1),('26ABRIL','2025-04-25','Seminario Internacional sobre \"Derecho Nuclear\".',1),('28JUNIO','2025-06-28','Seminario Internacional sobre \"Funciones y Retos del Oficial de Protección Radiológica\".',1),('29MARZO','2025-03-28','Seminario Internacional sobre \"Formación y Capacitación de Operadores de Plantas Nucleares\".',1),('31MAYO','2025-05-30','Seminario Internacional sobre \"Protección Radiológica y el rol del Médico especialista en Radioterapia\".',1),('4ENERO','2025-01-01','Seminario Internacional sobre el Halcyon.',1),('7JUNIOTOE','2025-06-05','Curso de Actualización en Protección Radiológica para Trabajadores Ocupacionalmente Expuestos.',1),('8FEBRERO','2025-02-07','Seminario Internacional sobre \"Protección Radiológica y la Importancia del Tecnólogo en Radioterapia\"',1),('8MARZO','2025-03-07','Seminario Internacional sobre \"Control de Calidad en Resonancia Magnética\".',1),('IHB5M','2025-05-05','Curso de Radioprotección Aplicada para personal de Salud.',0);
/*!40000 ALTER TABLE `events` ENABLE KEYS */;
UNLOCK TABLES;

--
-- Table structure for table `events_certificate`
--

DROP TABLE IF EXISTS `events_certificate`;
/*!40101 SET @saved_cs_client     = @@character_set_client */;
/*!50503 SET character_set_client = utf8mb4 */;
CREATE TABLE `events_certificate` (
  `event_id` varchar(15) NOT NULL,
  `limit_date` date DEFAULT NULL,
  `title` varchar(150) DEFAULT NULL,
  `active` tinyint(1) DEFAULT NULL,
  PRIMARY KEY (`event_id`)
) ENGINE=InnoDB DEFAULT CHARSET=utf8mb3;
/*!40101 SET character_set_client = @saved_cs_client */;

--
-- Dumping data for table `events_certificate`
--

LOCK TABLES `events_certificate` WRITE;
/*!40000 ALTER TABLE `events_certificate` DISABLE KEYS */;
INSERT INTO `events_certificate` VALUES ('IHB5M','2025-05-05','Curso de Radioprotección Aplicada para personal de Salud.',1);
/*!40000 ALTER TABLE `events_certificate` ENABLE KEYS */;
UNLOCK TABLES;

--
-- Table structure for table `events_register`
--

DROP TABLE IF EXISTS `events_register`;
/*!40101 SET @saved_cs_client     = @@character_set_client */;
/*!50503 SET character_set_client = utf8mb4 */;
CREATE TABLE `events_register` (
  `register_id` int NOT NULL AUTO_INCREMENT,
  `event_id` varchar(10) DEFAULT NULL,
  `firstname` varchar(30) NOT NULL,
  `lastname` varchar(30) NOT NULL,
  `email` varchar(100) NOT NULL,
  `title` varchar(50) DEFAULT NULL,
  `profession` varchar(100) DEFAULT NULL,
  `org` varchar(100) DEFAULT NULL,
  `country` varchar(10) DEFAULT NULL,
  `tlf` varchar(20) DEFAULT NULL,
  `motives` text,
  `time_register` datetime DEFAULT CURRENT_TIMESTAMP,
  `id` varchar(50) DEFAULT NULL,
  PRIMARY KEY (`register_id`)
) ENGINE=InnoDB AUTO_INCREMENT=283 DEFAULT CHARSET=utf8mb3;
/*!40101 SET character_set_client = @saved_cs_client */;

--
-- Dumping data for table `events_register`
--

LOCK TABLES `events_register` WRITE;
/*!40000 ALTER TABLE `events_register` DISABLE KEYS */;
INSERT INTO `events_register` VALUES (1,'10MAYO','Raúl','Villalta','raulvillalta@gmail.com','licenciado','Físico Médico','Hosp. Domingo Luciani','VE','4122949106','Aorendizaje',NULL,NULL),(2,'26ABRIL','Luis Alfonso','Menéndez','luis.menendez1990@gmail.com','Titulo',NULL,'',NULL,'78406607','Estoy interesado en cuanto al tema debido que hasta el momento no había escuchado nada sobre derecho nuclear',NULL,NULL),(3,'26ABRIL','Raul','Recinos','raul.recinossierr@gmail.com','Lic. En producción de imágenes diagnósticas',NULL,'Centro médico zacapa',NULL,'3022-8830','',NULL,NULL),(4,'26ABRIL','Elizabeth','Rivera','liz.rivera2010@gmail.com','Maestría',NULL,'IGSS',NULL,'57044445','Conocimiento de todas las variables soy EPR',NULL,NULL),(5,'26ABRIL','Gabriela','Valencia Aguilera','gvvalencia-es@udabol.edu.bo','Magister en Derecho Constitucional',NULL,'Autoridad de Electricidad y Tecnología Nuclear',NULL,'71264184','Por el área en el que trabajo, tengo la necesidad de adquirir y fortalecer mis conocimientos en el area',NULL,NULL),(6,'26ABRIL','Angie Ximena','Lamprea Yara','Axlamprea@fucsalud.edu.co','Estudiante',NULL,'Fundación universitaria de Ciencias de la Salud FUCS',NULL,'3024203026','Nuevos conocimientos',NULL,NULL),(7,'26ABRIL','Allison Noelia','TAPIA','allisonarchi@gmail.com','Liceniatura',NULL,'Aben',NULL,'+591 60735991','',NULL,NULL),(8,'26ABRIL','Marthagraciela','Rodríguez maya','marthagracielarodriguezmaya@gmail.com','Doctora',NULL,'Particular',NULL,'56 6365 0839','Asunto relevante',NULL,NULL),(9,'26ABRIL','Liz','Peña Franco','lapf23@gmail.com','Lcda',NULL,'FACEN',NULL,'+595984962699','',NULL,NULL),(10,'10MAYO','Daniel','Canjura','dokanjura@gmail.com','licenciado','Radiología','ISSS','SV','78224030','Educación continua',NULL,NULL),(11,'10MAYO','PAOLA','ANDREA CONDORI YAVE','yave.paola021@gmail.com','licenciado','Iamgenologa','Hospital SAN ANDRES','BO','75705906','',NULL,NULL),(12,'10MAYO','Juan R.','Cruz Castaños','fisiokinecruz@gmail.com','licenciado','Rdiolologo','Hospital 9 de abril','BO','62350025','Conocer más detalles',NULL,NULL),(13,'10MAYO','Chory','Heredia matos','Herediamatos268@gmail.com','licenciado','Imagen médicas','Uasd','DO','8294759733','Para mi actualización como profesional',NULL,NULL),(14,'10MAYO','Jerry','Rivera Barco','jerryriverabarco10@gmail.com','otro','Fisico médico','Oncorad','PE','949719473','Información',NULL,NULL),(15,'10MAYO','Blanca','Mereles','bgmereles@gmail.com','licenciado','Físico medico','Universidad Nacional de Asunción','PY','982889051','Adquirir conocimientos \r\nVer criterios de países extranjeros',NULL,NULL),(16,'10MAYO','Dario','Bustos','dariobustosconcordia@gmail.com','tecnico','Técnico Radiólogo','Hospital Felipe Heras','AR','3454186685','Actualización y formación profesional',NULL,NULL),(17,'10MAYO','Mildref','Mora','mnmnphdeducacion2024@gmail.com','magister','Físico medico','HCU Dr Antonio María Pineda','VE','4245217912','',NULL,NULL),(18,'10MAYO','Roger','Portillo','Rportill77@yahoo.es','especialista','Físico médico','Minsa','NI','88064405','Actualización',NULL,NULL),(19,'10MAYO','Jean','Teodoro','fis_jean@yahoo.com.br','especialista','Físico','UOA-ACCG','otro','62984465929','Aprimoramento',NULL,NULL),(20,'10MAYO','Ricardo','Anglada','Ranglada@cne.gob.do','tecnico','Sector regulatoria gubernamental','Comisión Nacional de Energía de la República Dominicana','DO','8094056696','Me itnereza hacer un Msc en Físico Médica.',NULL,NULL),(21,'10MAYO','Celso luis','Melgarejo Arevalos','melgarejo356@gmail.com','licenciado','Lic en Radiología','Instituto de Previsión Social','PY','991313455','Uno nunca termina de aprender',NULL,NULL),(22,'10MAYO','Francisco Javier','Hernández Flores','franciscohernandez_f2010@hotmail.com','magister','Fisica Medica','Minsa','NI','83969681','Educación continua',NULL,NULL),(23,'10MAYO','Yamil','Alí Cruz','yac69.13@gmail.com','licenciado','Licenciado en Bio-Imagenología','GAMS','BO','77133334','Crecimiento profesional.',NULL,NULL),(24,'10MAYO','Estefanía Katherine Freire','Navas','sthefyfreire@gmail.com','otro','Biofísica','Hospital general privado DURÁN','EC','+59395158806','Me gustaría obtener más conocimiento',NULL,NULL),(25,'10MAYO','César Augusto López','Zapeta','dxcesarlopez1945@gmail.com','tecnico','Tecnico Radiologo','Escuela de Radiologia','GT','55415055','Me interesa para estar al dia sobre TEMAS RELACIONADOS A PROTECCION RADIOLOGICA, SOY DOCENTE PARA TECNICO',NULL,NULL),(26,'10MAYO','Yldrin Mariel','Rojas','yldrinrojas@gmail.com','licenciado','Radiologa','Radiodontica','PY','0991800060','Capacitación',NULL,NULL),(27,'26ABRIL','Katherine Gabriela','Garcia Lagod','Abogkatherinelagos585@gmail.com','Abogada',NULL,'SECRETARIA DE ENERGIA',NULL,'3243-9617','Me gusta tener conocimiento de diferentes áreas.',NULL,NULL),(28,'10MAYO','Ilda','Chica','ildachica@yahoo.es','magister','Ing Quimico','MEM','EC','0967738788','',NULL,NULL),(29,'26ABRIL','laura','Pimentel','pimentellaura48@gmail.com','Licenciatura en ciencias jurodicas',NULL,'Litigante',NULL,'70030941','Conocimiento',NULL,NULL),(30,'10MAYO','Rosio Galvez','Vasquez','rosi_gv@hotmail.com','licenciado','Tecnologo Médico','Hospital Arzobispo Loayza','PE','972575220','','2025-04-26 00:24:15',NULL),(31,'10MAYO','Maryory','Ramos Gómez','medic.hokage@hotmail.com','licenciado','Tecnólogo médico','Iren centro','PE','926216575','Estudiante física médica','2025-04-26 03:15:59',NULL),(32,'10MAYO','Cristian','Pajaro','ccpajaro@fucsalud.edu.co','otro','Estudiante','FUCS','CO','+57 3105505394','Me gustaría saber más acerca de modalidad de radioterapia ya que esta rama me gusta','2025-04-26 17:50:08',NULL),(33,'10MAYO','Cecilia','Alfaro','ceciliaalfaro536@gmail.com','especialista','Física médica','Unime','SV','60022476','Interes','2025-04-26 19:26:19',NULL),(34,'IHB5M','Celina Lisbeth','Solis Ramos','Celinalisramos@gmail.com',NULL,NULL,NULL,NULL,NULL,NULL,'2025-04-27 23:40:24',NULL),(35,'IHB5M','MELIDA DOLORES','RODRIGUEZ ESPAÑA','meli_rzespana@hotmail.com',NULL,NULL,NULL,NULL,NULL,NULL,'2025-04-27 23:40:24',NULL),(36,'IHB5M','Lucía Margarita','Rodríguez Rodríguez','luciamargaritarodriguez056@gmail.com',NULL,NULL,NULL,NULL,NULL,NULL,'2025-04-27 23:40:24',NULL),(37,'IHB5M','Michael','Chavez','michael.chavez180@gmail.com',NULL,NULL,NULL,NULL,NULL,NULL,'2025-04-27 23:40:24',NULL),(38,'IHB5M','German David','Alfaro Olmedo','davalme88@gmail.com',NULL,NULL,NULL,NULL,NULL,NULL,'2025-04-27 23:40:24',NULL),(39,'IHB5M','Karla Lissette','Córdova','karla_liss2203@hotmail.com',NULL,NULL,NULL,NULL,NULL,NULL,'2025-04-27 23:40:24',NULL),(40,'IHB5M','Allison','Muñoz','weritacortez@gmail.com',NULL,NULL,NULL,NULL,NULL,NULL,'2025-04-27 23:40:24',NULL),(41,'IHB5M','Julissa Stefanie','Gallegos Amaya','jgallegos.1000@gmail.com',NULL,NULL,NULL,NULL,NULL,NULL,'2025-04-27 23:40:24',NULL),(42,'IHB5M','DOUGLAS ALEXANDER','MARTINEZ SORTO','dr_sorto@hotmail.com',NULL,NULL,NULL,NULL,NULL,NULL,'2025-04-27 23:40:24',NULL),(43,'IHB5M','Ricardo','Rojas','rojasbenjamin33@gmail.com',NULL,NULL,NULL,NULL,NULL,NULL,'2025-04-27 23:40:24',NULL),(44,'IHB5M','Enny Carolina','Ariza García','ecariza@gammahealthsa.com',NULL,NULL,NULL,NULL,NULL,NULL,'2025-04-27 23:40:24',NULL),(45,'IHB5M','Christian Erick','Garcia Castellon','cegarcia@gammahealthsa.com',NULL,NULL,NULL,NULL,NULL,NULL,'2025-04-27 23:40:24',NULL),(47,'IHB5M','Brenda Carolina','Landaverde Perez','brendacarolina2006@hotmail.com',NULL,NULL,NULL,NULL,NULL,NULL,'2025-04-27 23:40:24',NULL),(48,'IHB5M','Diana','Carranza','dimaricarranza@gmail.com',NULL,'Enfermera','Clínica privada',NULL,'7831 5865','Por tener conocimientos sobre el área','2025-04-28 01:18:59','018366541'),(49,'IHB5M','Fátima Mabel','Villalta Ramos','fvillalta97@gmail.com',NULL,'Médico turnista','MINSAL',NULL,'75278983','Educación','2025-04-28 01:28:49','05473744-7'),(50,'IHB5M','Germán david','Alfaro peña','Asprelsalvador@gmail.com',NULL,'Médico','Ministerio de salud',NULL,'60246225','Aprender sobre protección radiologica','2025-04-28 01:38:07','De El Salvador'),(51,'IHB5M','Narda Elizabeth','Alvarado Rivas','elizabethrivas169@gmail.com',NULL,'Radiología','Clínica comunal la esperanza',NULL,'72483973','Amplificador conocimientos','2025-04-28 02:33:29','02694619-3'),(52,'IHB5M','Cecilia','Alfaro','ceciliaalfaro536@gmail.com',NULL,'Medico','Unime',NULL,'60022476','Interes','2025-04-28 17:45:25','03608431-7'),(53,'IHB5M','Carlos anubis','Jovel melendez','Anubisjovelrx@gmail.com',NULL,'Lic radiologia','Iss',NULL,'78878419','Interes','2025-04-28 17:49:59','01335645-2'),(54,'IHB5M','Glenda Aracely','Montiel Flores','aracely.montiel022@gmail.com',NULL,'Médico residente','Fosalud',NULL,'6439-8956','Gracias por la oportunidad,  para aprender nuevos conocimientos y enseñanza para mi crecimiento personal y profesional','2025-04-28 18:04:47','014-24'),(55,'10MAYO','Dheymar luis','Gonzales Rodriguez','dheymar72@gmail.com','licenciado','Bio inagenologo','Clinica san agustin','BO','65425242','Me interesa mucho todos los temas referentes a mi area','2025-04-29 00:06:26',NULL),(56,'IHB5M','Xiomara Lisette','Guzmán Ayala','lissette_guzman1994@hotmail.com',NULL,'Licenciada en Enfermeria','U. M. ISSS Santiago de Maria',NULL,'69739492','','2025-04-29 11:02:04','0503-68848'),(57,'10MAYO','Danny','Pasijojoa','goyesdany0@gmail.com','tecnico','Tecnólogo en Radioterapia','Hospital universitario del valle','CO','3176408147','','2025-04-29 21:42:51',NULL),(59,'IHB5M','German David','Alfaro peña','germanalfaro1954@gmail.com',NULL,'Doctor en medicina','Ministerio de salud pública',NULL,'72983721','Actualización de conocimientos','2025-05-01 16:09:38','02042525-4'),(60,'IHB5M','Merlyn','Cruz','cruzlozano.merlyn@gmail.com',NULL,'Medico','Hospital de ilobasco',NULL,'7459 5777','Enriquecer el aprendizaje y ponerle en práctica','2025-05-01 19:04:32','DUI'),(61,'IHB5M','Natalua','Urquilla','urquillanatalia162@gmail.com',NULL,'Lic en radiología e imágenes','Clinica de imagenes diagnosticas apopa',NULL,'71178797','Me gusta aprender sobre protección rqdiologica','2025-05-01 19:28:43','05834702-4'),(62,'IHB5M','Josue Israel','Ventura Ayala','Venturaj064@gmail.com',NULL,'Licenciatura en Radiologia','Hospital nacional San Juan de Dios',NULL,'76509985','Fomentar nuevos aprendizajes','2025-05-01 19:32:15','04874763-8'),(63,'IHB5M','Fátima','Chinchilla','fatima.chinchilla@isbm.gob.sv',NULL,'Médico','ISBM',NULL,'76813954','Conocimiento','2025-05-01 19:40:06','DUI'),(64,'IHB5M','Carlos Daniel','López Portillo','dl4401531@gmail.com',NULL,'Licenciado en Radiología e Imágenes','Centro Nacial de Radioterapia',NULL,'70975317','Poder ampliar mi conocimiento.','2025-05-01 19:40:47','06201357-2'),(65,'IHB5M','Allison Verenice','Hernández Martínez','martinezverenice6@gmail.com',NULL,'Licenciada en Radiología e imágenes','Hospital Nacional Santa Gertrudis',NULL,'7531 4583','Continuar con el enriquecimiento del conocimiento Radiológico, adquiriendo nueva información que pueda ayudarme a llegar al éxito profesional.','2025-05-01 19:42:41','06198368-5'),(66,'IHB5M','Simoni Marielos','Hernández Mendoza','marielos12517aquino@gmail.com',NULL,'Licda. En Radiología e Imágenes','Hospital Nacional de Sonsonate Dr. Jorge Mazzini Villacorta',NULL,'76962475','Conocer más sobre protección radiologíca para evitar riesgos como trabajadora.','2025-05-01 20:24:45','02289481-5'),(67,'IHB5M','Gabriela Isabel','García Pérez','Isabelgarciap00@gmail.com',NULL,'Licenciatura en Radiología e Imagen','Hospital Nacional de Sonsonate Dr Jorge Mazzini Villacorta',NULL,'74135494','Obtener mayor conocimiento','2025-05-01 20:30:37','06155355-3'),(68,'IHB5M','Luis Osmar','Espinoza Ramos','osmar218914@gmail.com',NULL,'Licenciatura en Radiología  e imágenes','Hospital Nacional de Ilobasco',NULL,'7133-6065','Para obtener un mejor conocimiento y aprendizaje en referencia a la protección radiológica.','2025-05-01 20:38:49','Luis Osmar Espinoza Ramos'),(69,'IHB5M','Gloria Apolonia','Palacios Recinos','soicalap27@gmail.com',NULL,'Medico','Hospital neumologico saldaña',NULL,'75039743','Creo que es de gran importancia la prevención de radiación a los pacientes sy personal de salud que manipula estos equipos','2025-05-01 20:44:24','03658943-0'),(70,'IHB5M','Doris Elena','Abrego Rivera','doris_abrego@hotmail.com',NULL,'Licenciada en  Radiología e Imagenes','Radiología',NULL,'7145-3672','Para adquirir nuevos conocidos','2025-05-01 20:52:41','DUI'),(71,'IHB5M','Oscar Armando','Henriquez','patriciohenriquez19@gmail.com',NULL,'Licenciado en Radiología e Imágenes','Licenciado en Radiología e Imágenes',NULL,'73423478','Reforzar conocimientos de protección radiológica y poder aplicarlos en el día a día laboral','2025-05-01 21:50:22','03604980-4'),(72,'IHB5M','Giselle Abigail','Orellana Anzora','giselleanzora104@gmail.com',NULL,'Licda. En Radiología e imágenes','Hospital Nacional de Sensuntepeque, cabañas',NULL,'75186080','Me interesa la información para refrescar conocimiento y saber sobre la protección radiologíca porque en esa área me desempeño','2025-05-01 22:57:27','Dui'),(73,'IHB5M','Victor Manuel','Durán Castillo','manuelduran291166@gmail.com',NULL,'Tec en Radiologia','Hospital nacional de ilobasco',NULL,'71368018','Quiero obtener más conocimiento sobre el tema','2025-05-01 22:58:46','Imagenologia'),(74,'IHB5M','Jeymi Elizabeth','Hernandez Leon','Jeymihernandez121@gmail.com',NULL,'Licenciatura en Radiología e Imágenes','Hospital Nacional De Ilobasco',NULL,'60341174','Me interesa puesto que puedo aplicar los conocimientos abquiridos para la práctica diaria en mi jornada laboral','2025-05-01 23:17:27','Dui'),(75,'IHB5M','Marlon Ernesto','Hernández Escobar','madoxsak@gmail.com',NULL,'Lic en radiología e imágenes','Radiología',NULL,'70154281','Conocer más sobre los métodos de protección radiologica','2025-05-01 23:23:45','DUI'),(77,'IHB5M','Marcela','Solórzano','Marcesolorzano@hotmail.com','doctor','Medico','Liga contra el cancer','SV','7921-9602','Trabajo con pacientes que reciben radioterapia y cobaltoterapia','2025-05-04 02:34:46',NULL),(78,'IHB5M','Ingrid Lisseth','Villatoro','lissethvillatoro680@gmail.com','licenciado','Radiología e imágenes','Hospital nacional santa Gertrudis San Vicente','SV','78083456','Aprender','2025-05-04 16:16:55',NULL),(79,'IHB5M','Yanira Guadalupe','Cárcamo Reyes','unikotrece@hotmail.com','licenciado','Licenciada en Radiología e Imagenes','Hospital Nacional Santa Gertrudis de San Vicente','SV','79429828','Obtener mayor conocimiento sobre la temática y aplicarla a la práctica laboral','2025-05-04 16:19:35',NULL),(80,'IHB5M','Maria de los Ángeles','Sánchez Olmedo','Mary.angell8538@gmail.com','licenciado','Enfermera de servicios especializados sala de operaciones','ISSS General','SV','78636763','Interés de conocer acerca de la Protección Radiológica','2025-05-04 22:30:52',NULL),(81,'IHB5M','Hilda Elisseth','Palacios Elizondo','elissethpalacioso5@gmail.com','doctor','Doctor en medicina','Hospital Privado','SV','7885 9282','Adquirir conocimiento','2025-05-04 23:43:10',NULL),(82,'IHB5M','Gerson Fernando','Díaz Santacruz','diaz8581@gmail.com','licenciado','Radiología e imágenes','Hospital Francisco Menéndez','SV','61387708','Aprender sobre protección radiológica','2025-05-05 14:14:08',NULL),(83,'IHB5M','Estefany Carolina','Armijo Cortez','Fanykarmijo@gmail.com','licenciado','Radiologia e Imágenes','Hospital Nacional Francisco Menéndez Ahuachapán','SV','78892083','Saber más acerca de este tema','2025-05-05 14:16:55',NULL),(84,'IHB5M','Johana Beatriz','Albanes de Bolaños','johanaalbanes17@gmail.com','licenciado','Lic en Radiología','Minsal','SV','79522609','Aplicar la protección Radiológica en mi trabajo y abrir puertas a trabajo','2025-05-05 14:40:29',NULL),(85,'IHB5M','Billy Alsamendi','Guzmán Ramos','billyguzman1286@gmail.com','licenciado','Radiologia e Imágenes','Minsal','SV','6068 3323','Oportunidad de aprendizaje que veneficiara y ayudara en mi carrera','2025-05-05 14:44:45',NULL),(86,'IHB5M','Katherine Dalila','Marroquín Sanabria','kdsanabria98@gmail.com','licenciado','Radiología e imágenes','Hospital Nacional Francisco Menéndez de Ahuachapán','SV','71867350','Conocer más sobre los efectos causados por la radiación a largo y corto plazo','2025-05-05 14:49:08',NULL),(87,'IHB5M','Gisel','Valencia','valenciagisel16@gmail.com','licenciado','Radiologia e Imagenes','Hospital Francisco Menendez Ahuachapan','SV','70892387','Aprender mas sobre la proteccion radiologica','2025-05-05 14:50:12',NULL),(88,'IHB5M','Jeniffer Guadalupe','Galvez Ramirez','lujen_94gr@outlook.com','licenciado','Licenciatura en Radiología e Imágenes','Hospital Paravida','SV','75561667','Conocimiento Continuo','2025-05-05 14:57:32',NULL),(89,'10MAYO','ricardo','anglada','ricardo_ak@outlook.com','tecnico','Ingeniería Quimica','Comisión Nacional de Energía República Dominicana','DO','8094056696','Trabajo en una autoridad reguladora y me gustaría enfocar mi vocación en la medicina nuclear.','2025-05-09 23:12:23',NULL),(91,'31MAYO','William Antonio','Aristizabal Loaiza','kelgaras@outlook.com','otro','Tecnólogo en radiología','Cardio','CO','3024322230','Expandir conocimiento','2025-05-10 18:25:01',NULL),(92,'31MAYO','Jessica','Gonzalez','jkg24en@hotmail.com','licenciado','Rx','Cbrt','SV','77477722','Ampliar conocimiento','2025-05-14 21:07:22',NULL),(93,'31MAYO','Glenda Aracely','Montiel Flores','aracely.montiel022@gmail.com','doctor','Doctora en Medicina','Fosalud','SV','6439-8956','Adquirir conocimientos, para poder ponerlos en práctica como especialista','2025-05-15 14:37:12',NULL),(94,'31MAYO','Iris anayanci','Hernández','yancidepalacios17@gmail.com','licenciado','Fioterapeuta','Independiente','SV','71921243','Conocimientos ñ','2025-05-16 03:36:07',NULL),(95,'31MAYO','Diana Marilu','Carranza de Portillo','dimaricarranza@gmail.com','tecnico','Enfermería','Privado','SV','78315865','Para aumentar mis conocimientos sobre esta área.','2025-05-16 03:47:46',NULL),(96,'31MAYO','Fátima','Villalta','fvillalta97@gmail.com','doctor','Médico turnista','MINSAL','SV','75278983','Educación','2025-05-16 04:00:02',NULL),(97,'IHB5M','Juan Agustín','Díaz Urbina','Juandiaz1983@gmail.com',NULL,NULL,NULL,NULL,NULL,NULL,'2025-05-16 23:26:18',NULL),(98,'31MAYO','Cristian camilo','Pajaro donado','ccpajaro@fucsalud.edu.co','otro','Estudiante','FUCS','CO','3105505394','Me gustaría saber más sobre el área de radioterapia y como es el rol del medico','2025-05-17 02:31:34',NULL),(99,'31MAYO','Jeison Esteban','Peña Díaz','Jeison.brs.98@gmail.com','tecnico','Tecnólogo en radiología e imágenes diagnósticas','Clínica Casanare de yopal','CO','3102598368','','2025-05-17 10:22:30',NULL),(100,'31MAYO','German David','Alfaro peña','germanalfaro1954@gmail.com','doctor','Médico','Ministerio de salud pública','SV','75321510','Actualización de conocimientos','2025-05-17 20:53:03',NULL),(101,'31MAYO','Carol Lizeth','Bautista Rodríguez','clbautista@fucsalud.edu.co','otro','Tegnologo en radiología e imágenes diagnósticas','Fucs','CO','3123113818','Ampliar conocimientos','2025-05-18 06:56:34',NULL),(103,'31MAYO','Guido','Rincon','guidorin22@gmail.com','doctor','PROFESOR UNIVERSITARIO','UNIVERSIDAD INDUSTRIAL DE SANTANDER','CO','3204741611','Actualizaciones, posibles redes de investigacion o grupos de interes','2025-05-18 21:19:48',NULL),(104,'31MAYO','Jennifer','Pasos Martinez','Jennpasos93@gmail.com','especialista','Físico médico','Hospital militar','NI','89954375','Soy encargado de protección radiológica y en mi hospital estamos recién abriendo radioterapia y me gustaría conocer más sobre esta aplicación','2025-05-18 21:52:12',NULL),(105,'31MAYO','Erika','Chisag','erifernanda.osr@hotmail.com','otro','biofísica','bioimagenes lab','EC','969003691','trabajo como oficial de seguridad radiológica','2025-05-18 22:02:53',NULL),(106,'31MAYO','José Oswaldo','Abad Ovalle','joseoswaldo.abadovalle@gmail.com','licenciado','Física','Auna','PE','969 680 964','Incrementar conocimiento','2025-05-18 22:30:23',NULL),(107,'31MAYO','Maria Angélica','Jiménez Pingo','angi301185@gmail.com','otro','Estudiante de radiología','Hospital nstra sra las Mercedes','PE','914799487','','2025-05-18 22:59:13',NULL),(108,'31MAYO','Pedro','Cortez','tezcotoberal@gmail.com','doctor','DOSIMETRÍSTA','Instituto Oncológico Nacional','BO','72278002','Responsable de protección radiológica','2025-05-18 23:00:05',NULL),(109,'31MAYO','Celso','Melgarejo','melgarejo356@gmail.com','licenciado','Radiologo','Instituto nacional de cardiología','PY','+595991313455','La importancia del aprendizaje constante','2025-05-19 00:07:19',NULL),(110,'31MAYO','Magda','Montaña','mmontana954@gmail.com','otro','Tecnologo','Idime','CO','3138619842','Laboró como tecnóloga y oficial de protección radiológica en un servicio de medicina nuclear','2025-05-19 01:34:47',NULL),(112,'31MAYO','Ilda','Chica','ildachica@yahoo.es','magister','Ing Quimico','MEM','EC','0967738788','','2025-05-19 03:04:55',NULL),(113,'31MAYO','José Alexander','Leal Lopez','leal.josealex@gmail.com','magister','Físico Médico','DEA','VE','584160582474','','2025-05-19 10:09:41',NULL),(114,'31MAYO','Marcos','Torres','marcostorres220695@gmail.com','otro','Ingeniero Geofísico','Dirección de Energía Atómica. Ministerio de Ciencia y Tecnología','VE','4141296187','','2025-05-19 10:16:15',NULL),(115,'31MAYO','Yaurima','Gómez','yaurima.gomez@gmail.com','licenciado','Ing. Procesos Químicos','Dirección de Energía Atómica - Mincyt','VE','04142371653','Aprendizaje profesional','2025-05-19 15:44:29',NULL),(116,'7JUNIOTOE','William Antonio','Aristizabal Loaiza','kelgaras@outlook.com','otro','Tecnólogo en radiología','Cardio','CO','3024322230','Actualización en conocimientos','2025-05-19 18:15:28',NULL),(117,'7JUNIOTOE','Maurice José','González Basulto','mauricejgb1985@gmail.com','doctor','Profesor Universitario','Ministerio de educación superior','CU','52040116','Profundización en aspectos de interrelación de radioterapia con otras especialidades','2025-05-19 20:05:21',NULL),(118,'7JUNIOTOE','Cristofer Hamilton','Barrios Villagran','cristoferbarrios20@gmail.com','tecnico','Tecnico en radiologuia','Instituto Guatemalteco de Seguridad Social IGSS','GT','59542898','Actualizacion de lecencia','2025-05-19 20:31:50',NULL),(119,'7JUNIOTOE','Stanley','Santos Sanchez','stanley.ruben.2013@gmail.com','tecnico','TECNICO EN RADIOLOGIA','SANATORIO','GT','55573724','PARA LA RENOVACION DE LICENCIA DE OPERADOR DE RAYOS X DE DIAGNOSTICO MEDICO','2025-05-19 20:37:15',NULL),(120,'7JUNIOTOE','Luis','Mejía','luigimejia1@gmail.com','licenciado','Veterinario','Veterinaria Petcétera','GT','58020379','Imagenología','2025-05-19 20:45:21',NULL),(121,'7JUNIOTOE','Adrian','Cano','ciriusnords@hotmail.com','otro','Dependiente de veterinaria','Petcetera','GT','55645994','Imageniologia','2025-05-19 20:48:48',NULL),(122,'7JUNIOTOE','Enny Carolina','Ariza García','ecariza@gammahealthsa.com','especialista','Bacterióloga','Gammahealth SA de CV','SV','+57 320 3053101','Actualización permanente en protección radiológica','2025-05-19 20:54:19',NULL),(123,'7JUNIOTOE','Raul Jose','Recinos Sierra','raul.recinossierr@gmail.com','tecnico','Radiologo','Centro Medico Zacapa','GT','3022-8830','Renovar licencia','2025-05-19 20:55:02',NULL),(124,'7JUNIOTOE','Christian Erick','García Castellón','cegarcia@gammahealthsa.com','especialista','Médico nuclear','Gammahealth S A de C V','CO','3016226035','Actualización continua','2025-05-19 21:15:28',NULL),(125,'7JUNIOTOE','Richard','Esteban','restebantmrx@gmail.com','licenciado','Tecnólogo Médico','Iren centro','PE','965 728 540','','2025-05-19 21:48:13',NULL),(126,'7JUNIOTOE','Ivan','Castillo Alcantara','castilloivan@msn.com','otro','Ingeniero','CMR','MX','5548576152','Para tener más conocimiento y precauciones en el manejo de áreas de RayosX','2025-05-19 21:54:22',NULL),(127,'7JUNIOTOE','Jeison Esteban','Peña Diaz','Jeison.brs.98@gmail.com','tecnico','Docente universitario, tecnólogo en radiología e imágenes diagnósticas','FUCS - Clinica Casanare','CO','3102598368','Capacitación continua','2025-05-19 22:04:49',NULL),(128,'31MAYO','Juan Manuel','Moraes','Juanmoraes53@gmail.com','licenciado','Imagenologgia','Hosp Maciel-Civa SA','UY','99402896','Interés en novedades de radioproteccion.','2025-05-19 22:07:22',NULL),(129,'7JUNIOTOE','César Augusto López','Zapeta','dxcesarlopez1945@gmail.com','tecnico','Tecnico en radiologia','Centro de radiologia de occidente','GT','55415055','Actualizarme y prepararme para renovar mi licencia','2025-05-19 22:22:44',NULL),(130,'7JUNIOTOE','José Andrés','Morales Barrutia','andrezbarrutia@gmail.com','tecnico','Técnico en Radiología e Imágenes Diagnósticas','Hospital Público','GT','40429350','Requisito de renovación para renovación de licencia.','2025-05-19 22:46:15',NULL),(131,'31MAYO','Lara Cruz','Marleny','marlenylara63@gmail.com','tecnico','Tecnólogo médico en radiologia','Clínica Monteriori','PE','995429032','','2025-05-20 00:56:37',NULL),(132,'7JUNIOTOE','Sandra','Muralles','murallessandra26@gmail.com','tecnico','Tecnico en Radiología','Cruz Roja Guatemalteca','GT','57414721','Renovación Licencia de Operador','2025-05-20 01:13:18',NULL),(133,'31MAYO','Reina Elizabeth','Mejia Alvarado','reinaelizabeth0555@gmail.com','tecnico','Técnico Universitario en Radiologia','Çruz Roja Guatemalteca','GT','54476188','Trámite para realizar Licencia','2025-05-20 01:17:15',NULL),(134,'31MAYO','Daniela','Rodriguez','daniela.r30@yahoo.com','tecnico','Técnica Radióloga y en Terapia Radiante','Hospital','AR','3804772021','','2025-05-20 06:07:18',NULL),(135,'7JUNIOTOE','Yulisa','Villanueva Chavez','yuhaniss501@gmail.com','licenciado','Tecnología médica en radiología','Clínica Jesús del Norte','PE','+51 925232506','Actualización sobre el tema','2025-05-20 06:39:07',NULL),(136,'7JUNIOTOE','Marco Rene','Ponciano Giron','renegold@gmail.com','doctor','Médico y cirujano','MSPAS','GT','59785470','Aprender','2025-05-20 11:27:48',NULL),(137,'7JUNIOTOE','Victor Daniel','Molina Mujica','molivictor17@gmail.com','licenciado','Ingeniero mecánico','Instituto venezolano de investigaciones científicas','VE','04161716138','Me desempeño como operador de dos irradiadores gamma...además de pertenecer al grupo de salvaguardias dentro del reactor nuclear rv-1','2025-05-20 11:32:17',NULL),(138,'7JUNIOTOE','Ana Flor','Pedraza Vargas','ynesa_4@hotmail.com','licenciado','Tecnólogo médico','Centro clínico Sanna','PE','959063832','Profesionales','2025-05-20 12:22:02',NULL),(139,'7JUNIOTOE','Jaime Cristobal','Rivera Agudelo','jaimerivera_26@hotmail.com','licenciado','Licenciado en Radiología e Imagenologia','Ministerio de Salud Pública','EC','0987077694','Actualizar conocimientos dentro del tema de protección radiológica','2025-05-20 12:38:29',NULL),(140,'7JUNIOTOE','Bibiana Aracely','Similox Sut','bibi_simi@live.com','tecnico','Técnico en Radiología e imágenes diagnosticas','Instituto guatemalteco de seguridad social igss','GT','58653189','Para actualizar mi licencia','2025-05-20 17:59:24',NULL),(141,'7JUNIOTOE','Luis Emilio','Marroquín Reyes','emiliomarroquin123@gmail.com','tecnico','Técnico en radiología','Hospital Pedro de Bethancourt','GT','33187934','','2025-05-20 17:59:38',NULL),(142,'7JUNIOTOE','Nery','Flores','Nerya.flores502@gmail.com','tecnico','Técnico en radiología e imágenes diagnósticas','Instituto Guatemalteco de seguridad social','GT','40246071','Para trámite de renovación de licencia de operador','2025-05-20 18:11:21',NULL),(143,'7JUNIOTOE','Victor Josué','Hernández Pérez','Josueantigua2020@gmail.com','tecnico','Técnico Universitario en Radiología e Imágenes Diagnósticas','Hospital Pedro de Bethancourt','GT','30772167','Renovación de Licencia','2025-05-20 18:19:43',NULL),(144,'31MAYO','María Daniela','Rodriguez Bolivar','rodriguezb.mdaniela@gmail.com','otro','ingeniero de petroleo','Dirección de Energía Atómica','VE','4128374274','','2025-05-20 18:52:55',NULL),(145,'7JUNIOTOE','Esmeralda','Juanito Yepes','esmeraldajyu@gmail.com','licenciado','Tecnología médica con especialidad en radiología','Centro de salud putina','PE','958052920','Capacitación continua en el ámbito de protección radiológica','2025-05-20 22:48:40',NULL),(146,'7JUNIOTOE','Homero Josué Álvarez','Fuentes','jossalf83@gmail.com','licenciado','Técnico Radiólogo','SSA','MX','7472210512','Actualizar conocimientos en protección Radiológica','2025-05-20 23:02:55',NULL),(147,'7JUNIOTOE','Giovanni Vicente','Gante Rendon','ggante3@gmail.com','licenciado','RADIOLOGIA','Hospital Alta Especialidad Dr Raymundo Abarca Alarcon','MX','747 109 2443','.','2025-05-20 23:13:14',NULL),(148,'7JUNIOTOE','Luis','Villalta','luisfernandovillaltamanrique@gmail.com','especialista','Ajhaha','Ajjaha','VE','74636271','Jdhajajajaj','2025-05-21 02:13:04',NULL),(149,'7JUNIOTOE','Raul','Villalta','raulvillalta@gmail.com','licenciado','Fisico Medico','Hospital Domingo Luciani','VE','4122949106','','2025-05-21 02:24:03',NULL),(150,'7JUNIOTOE','Julio Augusto','Hernández García','julioaugustohernandezgarcia@gmail.com','tecnico','Tecnico en Radiologia','Hospital Pedro de Bethancourt','GT','34993200','Actualización Licencia de Rx Tipo II','2025-05-21 02:24:58',NULL),(151,'7JUNIOTOE','Gabriela Isabel','García Pérez','Isabelgarciap00@gmail.com','licenciado','Licenciada en Radiología e Imágenes','Hospital Nacional de Sonsonate Dr Jorge Mazzini Villacorta','SV','74135494','Aprender más y formarme mucho mejor como Licenciada','2025-05-21 03:38:00',NULL),(152,'7JUNIOTOE','Doris','Rivera','Doris_abrego@hotmail.com','licenciado','Radiologia','San Vicente','SV','60246225','Aprender mas','2025-05-21 03:39:43',NULL),(153,'7JUNIOTOE','Jhon','Doe','jh9ndoe@borrame.com','doctor','Pruebs','Hosp. Domingo Luciani','SV','584122949106','Prueba','2025-05-21 03:56:53',NULL),(154,'31MAYO','Diana Carolina','Mucha Lopez','dayan12cg45733701@gmail.com','magister','Tecnólogo Médico en Radiología','Instituto Nacional de Salud del Niño Breña','PE','51930446696','','2025-05-21 11:21:53',NULL),(155,'7JUNIOTOE','Urbano','Marroquin Galindo','tecniurba@gmail.com','tecnico','Tecnico en Radiologia','Hospital Pedro de Bethancourt','GT','32688401','Actualizacion licencia Tipo II','2025-05-21 14:05:32',NULL),(156,'7JUNIOTOE','Walter Dario','Cutzal Calel','calelwalterc@gmail.com','tecnico','Tecnico en Radiologia','Hospital Pedro de Bethancourt','GT','33916441','Actualizacio licencia Tipo II','2025-05-21 16:15:42',NULL),(157,'7JUNIOTOE','Juan Miguel','Olalla Pilco','jmiguelolalla@gmail.com','doctor','Físico','Nuclearmed','EC','999706645','Actualización de conocimientos en Diagnóstico Médico','2025-05-21 16:43:17',NULL),(158,'7JUNIOTOE','Anderson','Quinteros','anderquin84@gmail.com','doctor','Médico','UEES','SV','76366273','Cultura general','2025-05-21 17:40:07',NULL),(159,'7JUNIOTOE','Carlos Anubis','Jovel Melendez','anubisjovelrx@gmail.com','licenciado','Lic en Radiologia','ISSS','SV','78878419','Deseo aprender mas de los maestros que van a dictar el tema','2025-05-21 17:55:09',NULL),(160,'7JUNIOTOE','Michael','Chavez','michael.chavez180@gmail.com','otro','Ingeniero Biomedico','MEDICHAVEZ','SV','74131÷59','Seguimiento a los diplomados de protección radiológica','2025-05-22 03:10:05',NULL),(161,'7JUNIOTOE','Jonathan Daniel','Godoy Rivera','jdgr.001@gmail.com','tecnico','Tecnico en radiologia','Santa bertilda','GT','56188818','Actualización','2025-05-22 14:40:49',NULL),(162,'7JUNIOTOE','Norma María','Gómez Ovalle','normamariag23@gmail.com','tecnico','Técnico en Radiología','Cruz Roja Guatemalteca','GT','30255178','Ampliación de conocimientos','2025-05-22 18:36:53',NULL),(163,'7JUNIOTOE','Eunice Abigail','Hernández Cabrera','abigailcabre13@gmail.com','tecnico','Técnico en radiología e imágenes diagnósticas','Hospital de antigua','GT','59131637','Renovación de licencia','2025-05-22 19:37:15',NULL),(164,'7JUNIOTOE','Giselle Abigail','Orellana Anzora','giselleanzora104@gmail.com','licenciado','Licda. En Radiología e imágenes','Hospital Nacional de Sensuntepeque, cabañas','SV','75186080','Para actualizar conocimientos.','2025-05-23 00:50:52',NULL),(165,'7JUNIOTOE','Victor Manuel','Durán Castillo','manuelduran291166@gmail.com','tecnico','Tec en Radiologia','Hospital nacional de ilobasco','SV','71368018','Para,estar actualizado,en lo q es la protección radiologica','2025-05-23 05:04:16',NULL),(166,'7JUNIOTOE','Fátima Mabel','Villalta Ramos','fvillalta97@gmail.com','doctor','Médico','MINSAL','SV','75278983','Educación','2025-05-23 12:12:44',NULL),(167,'31MAYO','Rosselly Petronila','Ramos Chinchay','roselyramosch01@gmail.com','licenciado','Física','Asl servicios multiples','PE','950452611','Soy también estudiante de maestría en física medica y quisiera conocer del rol de médico especialista así como en qué aporta el físico medico en radioterapia','2025-05-23 17:34:00',NULL),(168,'7JUNIOTOE','Yanira Guadalupe','Cárcamo Reyes','unikotrece@hotmail.com','licenciado','Licenciada en Radiología e Imagenes','Hospital Nacional Santa Gertrudis de San Vicente','SV','79429828','Actualización de conocimientos sobre protección radiologica','2025-05-23 17:53:20',NULL),(169,'7JUNIOTOE','Ingrid Lisseth','Villatoro Meléndez','lissethvillatoro680@gmail.com','licenciado','Radiología e imágenes','Hospital nacional santa Gertrudis San Vicente','SV','78083456','Expandir conocimiento','2025-05-23 17:56:46',NULL),(170,'7JUNIOTOE','Kevin Rudel','López','13002620@galileo.edu','tecnico','Técnico en Radiología e imágenes diagnósticas','Centro Medico militar','GT','33010217','Actualización en protección y ampliación de conocimientos.','2025-05-25 05:16:06',NULL),(171,'7JUNIOTOE','Ruben Ismael','Perez','rubenismaelperez741@gmail.com','tecnico','Técnico de rayos x','Hospital esperanza','GT','58176157','Actualización','2025-05-26 18:58:36',NULL),(172,'7JUNIOTOE','Yasmin Ivette','Monge Quijano','yasminmonge09@gmail.com','licenciado','Enfermera','Hospital nacional de chalatenango','SV','69574752','','2025-05-26 19:31:56',NULL),(173,'7JUNIOTOE','Jose Alfredo','Soriano Vaquerano','jose.soriano@accesa.com.sv','otro','Ingeniero','ACCESA','SV','78559900','Solamente por que soy el VP, chis','2025-05-26 20:39:11',NULL),(174,'7JUNIOTOE','Noé Francisco','Aguirre Zepeda','noe.aguirre@cepa.gob.sv','licenciado','Administrador de Empresas','Comisión Ejecutiva Portuaria Autónoma','SV','25371407','En razón de los riesgos laborales derivados del uso de los equipos de escaneo de equipajes que emiten cierto nivel de radiación.','2025-05-26 20:59:36',NULL),(175,'7JUNIOTOE','Rossana','Herrera','rossherr10@gmail.com','doctor','Medico','Clinica Vilá','SV','78946256','Ampliar conocimiento','2025-05-27 17:55:59',NULL),(176,'7JUNIOTOE','Ricardo Alexander','Martinez Andres','ricardo.martinez190826@liveusam.edu.sv','otro','Doctorado','Universidad alberto masferrer','SV','78909180','Para expandir el conocimiento','2025-05-27 21:54:48',NULL),(177,'7JUNIOTOE','Gloria Maribel','Andres','gloriandres30@gmail.com','otro','Empleada','Clinica vila','SV','7293 6067','Aprender mas sobre la protección radiológica\r\nY la toma de radiografías panoramicas','2025-05-27 23:40:55',NULL),(178,'7JUNIOTOE','Fernando Gabriel','Olmedo','folmedo@cemenurnk.org.ar','otro','Dosimetrista','CEMENURNK','AR','3704706305','','2025-05-28 11:58:58',NULL),(179,'7JUNIOTOE','Andres De Jesus','Pinto Mazariegos','andrespinto11@hotmail.com','tecnico','Tecnico en Radiologia Diagnostica','Hospital Nacional de Melchor de Mencos Peten','GT','48589896','Actualizacion de Proteccion Radiologiaca para renovacion de la Licencia ante el Ministerio de Energia y Minas','2025-05-29 00:10:08',NULL),(180,'7JUNIOTOE','Angel','Palacios','lapfuentes1604@gmail.com','otro','Estudiante de técnico Radiologo','Multimedica Melchor','GT','33387573','Poder tener mejor aprendizaje de la protección radiológica','2025-05-29 00:28:46',NULL),(181,'7JUNIOTOE','Edgar Gudiel','Salazar Acosta','gudielsalazar@gmail.com','tecnico','Tecnico Radiologo','HOSPITAL NACIONAL DE MELCHOR','GT','502 57817860','Requisitos para actualizarse','2025-05-29 00:31:48',NULL),(182,'7JUNIOTOE','Jacks Wilson','Mamani Abado','Jackwil.m3a@gmail.com','licenciado','Tecnólogo Médico','Minsa','PE','915 378 963','','2025-05-29 02:58:45',NULL),(183,'7JUNIOTOE','Sandra Elizabeth','Castillo Nerio','Sandraelizacastillonerio@gmail.com','tecnico','Enfermera','Enfermera','SV','7468 4443','Soy enfermera.pero estoy encargada  y autorizada de tomar placas dentales panorámicas. Y estoy interesada en actualizarme .','2025-05-29 03:20:32',NULL),(184,'7JUNIOTOE','Elsa Aidé','Barrientos Palma De Aguilar','elsitabarrientos16@gmail.com','tecnico','Tecnico en Radiologia Diagnostica','Hospital Nacional de Melchor de Mencos Peten','GT','47230633','Actualizar la proteccion radiologica para renovar licencia','2025-05-29 03:40:19',NULL),(185,'7JUNIOTOE','Ricardo Antonio','Rosales Yat','rosalesrichar77@gmail.com','tecnico','Técnico en rayos x','Hospital de Melchor de Mencos Petén','GT','58523234','Actualización','2025-05-29 14:31:57',NULL),(186,'7JUNIOTOE','Carlos','Hernandez','chernandez@radioterapia.com.ve','doctor','Medico Radioterapeuta','GURVE','VE','4149039957','Aprendizaje','2025-05-29 15:18:52',NULL),(187,'7JUNIOTOE','Cristian Fernando','Rosales González','rosalescristian6@gmail.com','tecnico','Técnico en Radiología','IGSS','GT','4715-8388','Actualización de licencia','2025-05-29 16:16:03',NULL),(188,'7JUNIOTOE','German Haroldo','Chiquin Icó','chiquin9@gmail.com','tecnico','Tecnico en Radiologia','Igss hospital coban','GT','57008213','Para renovación de licencia de operador','2025-05-29 16:29:36',NULL),(189,'7JUNIOTOE','Aris Marlene','Morales Williams','williamsaris21@gmail.com','tecnico','Técnico en radiología','Hospital regional coban','GT','57101943','Renovación de licencia Rayos X','2025-05-29 16:35:36',NULL),(190,'7JUNIOTOE','Luis Felipe','Ramirez Vicente','luisfeliperamirez35@gmail.com','tecnico','Técnico en Radiología','Clínica multidiagnostico San Carlos','GT','55378163','Actualización sobre protección radiológica','2025-05-29 18:24:46',NULL),(191,'7JUNIOTOE','Claudia Karina','Baeza Vivar','baezavivarkarina@gmail.com','tecnico','Técnico en Radiología  diagnóstico  médico','Hospital Pedro de Bethancourt','GT','51684874','Renovación de licencia  de operador','2025-05-29 18:26:56',NULL),(192,'31MAYO','Dario','Bustos','dariobustosconcordia@gmail.com','tecnico','Técnico Radiólogo','Hospita Heras','AR','3454186685','Sumar herramientas y mantenerme actualizado con colegas','2025-05-29 18:47:25',NULL),(193,'31MAYO','Chory','Heredia Matos','Herediamatos268@gmail.com','licenciado','Imagen médicas','Uasd','DO','8294759733','Actualizarme  y mas conocimiento','2025-05-29 19:02:41',NULL),(194,'31MAYO','Oscar Armando','Henriquez','patriciohenriquez19@gmail.com','licenciado','Licenciado en Radiología e Imágenes','Minsal','SV','73423478','Obtener mayor conocimiento sobre el tema para poder aplicarlo en el día a día de mi profesión','2025-05-29 19:04:14',NULL),(195,'31MAYO','Yldrin','Rojas','yldrinrojas@gmail.com','licenciado','Radiologa','Sanatorio Británico','PY','+595991800060','Ampliar conocimientos','2025-05-29 19:15:59',NULL),(196,'31MAYO','Alicia','Colman','aliciacolman90@gmail.com','licenciado','Radiología e Imagenología','Facultad de Ciencias Exactas y Naturales','PY','+5959982 773613','Ampliar mis conocimientos en áreas de Radioterapia','2025-05-29 19:18:03',NULL),(197,'31MAYO','Maurice José','González Basulto','mauricejgb1985@gmail.com','doctor','Profesor Universitario','Ministerio de educación superior','CU','52040116','','2025-05-29 19:42:15',NULL),(198,'31MAYO','Enny Carolina','Ariza García','ecariza@gammahealthsa.com','magister','Bacterióloga','Gammahealth SA de CV','CO','3203053101','Actualización','2025-05-29 20:46:09',NULL),(199,'31MAYO','Cesar Augusto','López Zapeta','dxcesarlopez1945@gmail.com','tecnico','Tecnico radiologo y psicologo','Escuela nacional de radiologia','GT','55415055','Estar actualizado y recibir mas información importante, yo imparto curso de protección Radiologica','2025-05-30 00:21:23',NULL),(200,'31MAYO','Simoni Marielos','Hernández Mendoza','marielos12517aquino@gmail.com','licenciado','Licda. En Radiología e Imágenes','Hospital Nacional de Sonsonate Dr. Jorge Mazzini Villacorta','SV','76962475','Poner en práctica en mi trabajo','2025-05-30 02:06:25',NULL),(201,'7JUNIOTOE','Luis Arturo','Nuñez Nieves','Arturoparaeltuy@gmail.com','tecnico','Radiólogo','Hospital clínico universitario','VE','4123918548','Expansión del conocimiento.','2025-05-30 02:58:03',NULL),(202,'7JUNIOTOE','Arturo','Martinez Rivas','arturomarti1212@gmail.com','licenciado','Radiologia E imagenes','Servicios medicos san pedro, sociedad anonima de capital variable','SV','78434267','Actualizacion de conocimientos','2025-05-30 03:15:56',NULL),(203,'7JUNIOTOE','Roberto Carlos','Aparicio Guatemala','robertoapariciomp@gmail.com','licenciado','Físico en Radioterapia','Liga Contra el Cáncer de El Salvador','SV','7371 9318','ampliar más conocimientos de Protección Radiológica','2025-05-30 03:19:48',NULL),(204,'7JUNIOTOE','Brandom Miguel','Vazquez Flores','brandom251298@gmail.com','tecnico','Técnico Profesional en Radiología y Radioterapia','Centro Médico Nacional Manuel Avila Camacho','MX','2215709711','Con fines de aprendizaje y capacitación','2025-05-30 04:57:45',NULL),(205,'7JUNIOTOE','Lilian','Brasesco','lilian.brasesco@gmail.com','tecnico','Radiologo','Hospital Británico','UY','598 99569010','Soy RPR del hospital y me interesa estar informada','2025-05-30 09:24:23',NULL),(206,'31MAYO','Liz','Peña Franco','lapf23@gmail.com','licenciado','Imagenólogo','FACEN','PY','0984962699','','2025-05-30 10:33:03',NULL),(207,'31MAYO','Fernando Gabriel','Olmedo','folmedo@cemenurnk.org.ar','otro','Dosimetrista','CEMENURNK','AR','3704706305','','2025-05-30 11:22:21',NULL),(208,'31MAYO','Angie Ximena','Lamprea Yara','Axlamprea@fucsalud.edu.co','tecnico','Tecnóloga en Radiología e imágenes diagnósticas','Fucs','CO','3024203026','Nuevos conocimientos','2025-05-30 14:43:57',NULL),(209,'7JUNIOTOE','Cristian Jesús','Ccanto Najarro','cristianccanto97@gmail.com','otro','Físico Médico','INEN','PE','933834862','Estoy terminando mis prácticas en Radioterapia - Física Médica','2025-05-30 15:41:29',NULL),(210,'7JUNIOTOE','Lizeth Guadalupe','López Linares','lupita300784@hotmail.com','licenciado','Radioterapista','Instituto Salvadoreño del Seguro Social','SV','7128 6294','Actualización de protección radiológica, adquirir nuevos conocimientos','2025-05-30 16:24:03',NULL),(211,'31MAYO','Mildred','Mora','mnmnphdeducacion2024@gmail.com','magister','Física Medica','HCU Dr Antonio María Pineda','VE','4245217912','Actulaizacion','2025-05-30 16:39:40',NULL),(212,'31MAYO','Yohanna','Pérez','yohannamargot.doc@gmail.com','magister','Físico médico','Hospital Central Universitario Dr Antonio María Pineda','VE','04245388673','Ampliar los horizontes académicos laterales','2025-05-30 16:42:53',NULL),(213,'7JUNIOTOE','Francisco Javier','Hernández Flores','franciscohernandez_f2010@hotmail.com','magister','Fisica Medica','Centro Nacional de Radioterapia Nora Astorga','NI','83969681','Actualizacion de conocimientos','2025-05-30 19:48:42',NULL),(214,'7JUNIOTOE','Jennifer Anielka','Pasos Martinez','Jennpasos93@gmail.com','especialista','Físico medico','Hospital militar','NI','+50589954375','Hola me interesa porque soy especialista en protección radiológica y me gusta estar siempre actualizada y aprender más','2025-05-30 19:55:42',NULL),(215,'7JUNIOTOE','Byron','González','bygomon2000@yahoo.com','doctor','Físico','FIXICA QUALITY CONTROL','NI','87954203','Actualización de conocimientos','2025-05-30 19:57:27',NULL),(216,'31MAYO','Dina Lourdes','Alcamari Imata','dina.tmrad19@gmail.com','licenciado','Tecnologia medica','Iren centro','PE','917389907','Temas laborales y ampliar el conocimiento','2025-05-30 20:04:29',NULL),(217,'7JUNIOTOE','Venecia','Calandron','vene_23@hotmail.com','licenciado','Físico medico','UNLP-argentina','AR','2215712397','Capacitación continúa, feedback con colegas compartir perspectivas y conocimiento','2025-05-30 23:41:14',NULL),(218,'7JUNIOTOE','Ofni Otoniel','Aburto Dávila','Otonieldavila737@gmail.com','tecnico','Radioterapista','Centro Nacional de Radioterapia Nora astorga','NI','77919646','Actualizar los conocimientos, seguir aprendiendo y obtener certificación qué acredite el conocimiento','2025-05-31 02:09:48',NULL),(219,'7JUNIOTOE','Leylis Vanessa','Raúdez Gómez','ley.raudez@gmail.com','licenciado','Fisica medica','Hospital Aleman Nicaragüense','NI','8784_7511','En el area de proteccion radiologica. \r\nActualizando conocimientos para garantizar  la calidad del trabajo dia a dia','2025-05-31 02:45:25',NULL),(220,'7JUNIOTOE','Carmen','Aquino Francisco','aquinofranciscocarmen@gmail.com','licenciado','Bioimagenes','Hospital Universitario Dr.luis Morillo King','DO','8492632235','Seguir avanzando en mi carrera, para ofrecer a los pacientes todos mis conocimientos','2025-05-31 04:26:00',NULL),(221,'7JUNIOTOE','José Abel','Díaz Fernández','Abelfernan1997@gmail.com','tecnico','Imágenes médicas','Hospital Luis Manuel Morillo king','DO','8299593538','Me encanta estar a la vanguardia con mis conocimientos sobre mi área de trabajo','2025-05-31 04:29:42',NULL),(222,'7JUNIOTOE','Miguel Angel','Torrez Almaraz','migueltorrezalmaraz@gmail.com','licenciado','Bioimagenologo','Cns','BO','72070181','Actualizarme','2025-05-31 04:59:24',NULL),(223,'7JUNIOTOE','Fredy','Félix Purilla','fredyaries@hotmail.es','licenciado','Tecnólogo Médico en Radiología','Hospital Regional de Ica','PE','969695570','Ampliar mis conocimientos','2025-05-31 05:00:50',NULL),(224,'7JUNIOTOE','Fernando Javier','García Sánchez','fer1310@hotmail.com','licenciado','Físico Médico','Centro Estatal de Oncología \"Dr. Ernesto Rivera Claisse\"','MX','6441925324','Un amplio interés en conocer avances o actualización referente a seguridad radiológica ya que laboro en esa área','2025-05-31 05:09:04',NULL),(225,'7JUNIOTOE','Allison','Tapia','allisonarchi@gmail.com','licenciado','ING. Quimica','Laboratorio De radiecologia','BO','+591 60735991','Me gustaria scar mi licencia y actualizacion De capacitation en protection radiological','2025-05-31 05:23:33',NULL),(226,'7JUNIOTOE','Liliana','Lavaroni','lily-lavaroni@hotmail.com','licenciado','Tec tomogrfaia','Hospital de Balcarce','AR','02266637680','Aprender y actualizar conocimientos','2025-05-31 05:50:52',NULL),(227,'7JUNIOTOE','Arturo Leonell','Gomez Tarco','algomezt@unac.edu.pe','otro','Físico','Ipen','PE','906017895','Protección Radiológica','2025-05-31 05:53:13',NULL),(228,'7JUNIOTOE','Paula','Madeira','madeirapaula22@gmail.com','tecnico','Radiologia','ULSSJ','otro','962784649','','2025-05-31 09:10:52',NULL),(229,'7JUNIOTOE','Maikel Octavio','Naranjo Castellano','maikeloctavionaranjo@gmail.com','licenciado','Radioquímico','Hospital Clínico Quirúrgico Hermanos Ameijeiras','CU','59129166','Reforzar mis conocimientos sobre la protección radiológica en una radiofarmacia hospitalaria','2025-05-31 09:55:27',NULL),(230,'7JUNIOTOE','Luz','Villalba','luzvillalbab27@gmail.com','licenciado','Radiología','Hospital Central de las Fuerzas Armadas','PY','0982510080','Capacitación constante','2025-05-31 10:55:34',NULL),(231,'7JUNIOTOE','Silvio Damián','Musso','silviodamianmusso.hf@gmail.com','licenciado','Bioimagenes','Hospital Bernardino Rivadavia','AR','1165224779','Capacitación continua','2025-05-31 11:07:15',NULL),(232,'7JUNIOTOE','Norma Ester','Barca','normaesterbarca.hf@gmail.com','licenciado','Bioimagenes','Hospital Bernardino Rivadavia','AR','1144117345','Capacitación continua','2025-05-31 11:08:51',NULL),(233,'7JUNIOTOE','Veronika','Padilla Tineo','veronikapadilla8@gmail.com','licenciado','TECNOLOGÍA MÉDICA','Clínica Oncológica Aliada','PE','950120622','Siempre es bueno actualizarse acerca de la Protección Radiológica ya que estamos en contacto con la radiación.','2025-05-31 11:17:17',NULL),(234,'7JUNIOTOE','Yerko Orlando','Huanca Luna','yerko7_7@hotmail.com','tecnico','Biomedico','Hospital Viedma','BO','70300190','Actualizacion','2025-05-31 11:40:40',NULL),(235,'7JUNIOTOE','Yanet Tatiana','Contreras Villena','tatiana.07cv@gmail.com','licenciado','Tecnologia medica en radiologia','Essalud','PE','934301157','Es un tema importante y es necesario seguir capacitandonos','2025-05-31 11:42:45',NULL),(236,'7JUNIOTOE','Antonia Gabriela','Sosa Molino','gabrielasosamo@live.com.ar','licenciado','Lic. En Producción de Bio imágenes','Maternidad Provincial','AR','2664398415','Actualización de información sobre la protección radiologica','2025-05-31 12:25:30',NULL),(237,'7JUNIOTOE','Mariana','Signorino','Maruu_signorino@hotmail.com','tecnico','Tecnólogo en Radioterapia','Sapp','UY','098522647','Estimados , siempre me gusta estar reforzando conocimientos así como adquiriendo nuevos para ser una gran profesional','2025-05-31 12:34:10',NULL),(238,'7JUNIOTOE','Daiana','Suarez Molina','daivalenbustos@gmail.com','licenciado','Producción Bio imagenes','Maternidad Provincial Dra Teresita Baigorria','AR','2664576316','Buen día estoy interesada en ampliar mis conocimientos, la especialización en protección radiológica es algo que personalmente me resulta muy interesante y sumamente importante.','2025-05-31 12:35:24',NULL),(239,'7JUNIOTOE','Carlos Alberto','Vargas Alama','thelionswarrior@gmail.com','licenciado','LIC. TM. EN RADIOLOGÍA','MINSA','PE','988898222','','2025-05-31 12:43:08',NULL),(240,'7JUNIOTOE','Evelin Ruth Calizaya','Chambi','ecalizayachambi@gmail.com','licenciado','Bio-Imagenologa','Agencia boliviana de energía nuclear','BO','73317855','Trabajo con radiación en medicina nuclear y es muy importante la protección radiologica','2025-05-31 12:50:38',NULL),(241,'7JUNIOTOE','Alexis','Vera Tapia','alexisvt1990@gmail.com','licenciado','Biofisico','Hospital del Rio','EC','0995380725','','2025-05-31 13:16:20',NULL),(242,'7JUNIOTOE','Héctor','Mendoza','mrhams@gmail.com','magister','Físico Médico','Física Médica, C.A.','VE','+584128004672','Refrescar conocimientos','2025-05-31 13:19:18',NULL),(243,'7JUNIOTOE','Angela','Jurado Casallas','angelajucat@gmail.com','otro','Ingeniera ambiental','Independiente','CO','3208618309','Actualización de saberes','2025-05-31 13:21:52',NULL),(244,'7JUNIOTOE','Monica Patricia','Rodriguez','patriciarodriguez301027@gmail.com','licenciado','Docente','Instituto superior Blaise Pascal','AR','5491161739589','Adquisición de nuevo conocimiento y repaso de temas ya aprendidos','2025-05-31 13:22:05',NULL),(245,'7JUNIOTOE','Fidel','Torres Garcete','torresgarcetefidel@gmail.com','licenciado','Radiologia','INSTITUTO NACIONAL DEL CÁNCER','PY','9834 80796','Actualizar los conocimientos para trasladar a los compañeros','2025-05-31 13:36:11',NULL),(246,'7JUNIOTOE','Yanet','García Lozada','thedragarcia@gmail.com','especialista','Médico','UCLA','VE','58-4245481536','Profesional.','2025-05-31 13:36:46',NULL),(247,'7JUNIOTOE','Ethel Guisella','Borja Solano','borjaset245@gmail.com','licenciado','Tecnólogo médico radiologia','Instituto de medicina legal','PE','992590363','Capacitación y actualización','2025-05-31 13:39:47',NULL),(248,'7JUNIOTOE','Cristina','Ajila','cristiajila980@gmail.com','otro','Biofísica','Hial','EC','0991529488','Es conocer y actualizar los conocimientos en optimización de dosis (ALARA) y dominio de protocolos de blindaje y dosimetría para cumplimiento regulatorio y reducción de riesgos operacionales','2025-05-31 13:41:42',NULL),(249,'7JUNIOTOE','Lara Cruz','Marleny','marlenylara63@gmail.com','tecnico','Tecnólogo médico en radiologia','Clínica Monteriori','PE','995429032','Tener actualización sobre el uso adecuado de los RX','2025-05-31 13:46:48',NULL),(250,'7JUNIOTOE','María Alejandra','Quirós Sánchez','alequiros1986@gmail.com','otro','Imágenes Médicas','Clínica Sta Fe','CR','8324 3913','Para actualización y refrescamiento','2025-05-31 13:50:16',NULL),(251,'7JUNIOTOE','Cristhel','Bautista','crbago@outlook.com','licenciado','Tecnología médica en radiología','Sisol','PE','931060943','Capacitación','2025-05-31 14:23:28',NULL),(252,'7JUNIOTOE','Marco Antonio','Requena Sánchez','calebantonio1976@gmail.com','licenciado','Tecnólogo médico','Hospital nstra sra las Mercedes','PE','977311093','','2025-05-31 14:47:22',NULL),(253,'7JUNIOTOE','María Angelica','Jimenez Pingo','angi301185@gmail.com','tecnico','Radiología','Hospital nstra sra las Mercedes','PE','914799487','','2025-05-31 14:49:44',NULL),(255,'7JUNIOTOE','Denis Cristian','Villarroel Garcia','denis.villarroel77@gmail.com','tecnico','TECNICO RADIOLOGO','HOSPITAL HERNAN MESSUTI','BO','61616137','siempre tener actualizaciones es imprescindible para nuestra área, y reforzar conocimientos','2025-05-31 15:28:19',NULL),(256,'7JUNIOTOE','Boris Harold','Dominguez Terán','borisharolddominguezteran@gmail.com','licenciado','Licenciatura en Bio-imagenología','Hospital México','BO','65406025','Ampliar y actualizar mis conocimientos en protección radiólogica.','2025-05-31 16:32:13',NULL),(257,'7JUNIOTOE','Ramiro','Huamaní Saravia','ramirohs26@hotmail.com','licenciado','Tecnologia Médica Radiología','Clinica santa cruz','PE','921200883','Actualización','2025-05-31 16:33:14',NULL),(258,'7JUNIOTOE','Javier','Robleto','jrobleto@gmail.com','otro','Ingeniero Electrónico FSE','Personal','NI','505 8881 3220','Mantener los conocimiento sobre protección radiologica, siempre actualizados.','2025-05-31 17:11:59',NULL),(259,'7JUNIOTOE','Luz Dary','Torres Angarita','luzdatoan@gmail.com','magister','Físico','Clínica del Norte','CO','3142094792','Protección radiológica en medicina nuclear','2025-05-31 17:56:30',NULL),(260,'7JUNIOTOE','Gabriela Milagros','Pennino','milagrospennino@gmail.com','tecnico','Radiologa','Cruz roja','AR','1131066213','','2025-05-31 18:20:09',NULL),(261,'7JUNIOTOE','José Oswaldo','Abad Ovalle','joseoswaldo.abadovalle@gmail.com','licenciado','Fisico','Fuerza Aérea del Perú','PE','969 680 964','Conocimiento','2025-05-31 20:54:11',NULL),(262,'7JUNIOTOE','Carolina','Bermudez Rios','caritobermudez79@gmail.com','otro','Tecnóloga en Radiología','Centro de especialistas','CO','313 6671075','Actualización','2025-05-31 21:01:08',NULL),(263,'7JUNIOTOE','Brigete Ibone','Tibis Fernandez','ibonetibis40@gmail.com','licenciado','Bioimagenologia','Ninguno','BO','78776386','Actualización','2025-05-31 21:03:19',NULL),(264,'7JUNIOTOE','Mileinis Paola','Tilano Barraza','mileinistilano13@gmail.com','otro','Tecnologa en Radiología','Ips Cardiocentro pediátrico de sucre','CO','3103808659','Ampliar conocimientos','2025-05-31 22:18:27',NULL),(265,'7JUNIOTOE','Emilton Antonio','Arrieta Lara','emiltonarrietalara82@gmail.com','otro','Tecnológo en radiología','Clínica especializada la concepción','CO','3216258065','Adquirir conocimientos y actualizaciones en protección radiológica','2025-05-31 23:12:21',NULL),(266,'7JUNIOTOE','Cecilia Patricia','Rivera Sánchez','patrys28@gmail.com','licenciado','Lic en Radiologia e Imagenes','Centro Nacional de Radioterapia','SV','77862365','Aprender','2025-05-31 23:22:57',NULL),(267,'7JUNIOTOE','Cecilia Beatriz','Alfaro Olmedo','Ceciliaalfaro536@gmail.com','magister','Físico medico','Unime','SV','60022476','Aprender','2025-06-01 04:49:04',NULL),(268,'7JUNIOTOE','Susan','Castilla','astrensiz@gmail.com','licenciado','Tecnólogo Médico en Radiología','Heves','PE','965450788','Actualización','2025-06-01 10:02:57',NULL),(269,'7JUNIOTOE','María Cruz','Inga Quistan','mafer040816@gmail.com','licenciado','Tecnologo médico','Hospital regional Lambayeque','PE','979175189','Para seguir aprendiendo los avances nuevos.','2025-06-01 11:58:14',NULL),(270,'7JUNIOTOE','Álvaro David','Ruiz Hidalgo','prl.osr.13b@gmail.com','magister','Biofísico','HGFO','EC','+593 984570635','Actualización permanente.','2025-06-01 14:03:18',NULL),(271,'7JUNIOTOE','Fabián Isac','Sanchez Chavez','fisch070807@gmail.com','tecnico','TSU','Hospital general de Celaya','MX','4611217681','Actualizarme , conocer las nuevas normas o cambios en las leyes y o en la práctica diaria','2025-06-01 16:10:06',NULL),(272,'7JUNIOTOE','Erik','Albaiceta','albaicetaerik@gmail.com','licenciado','Licenciado en producción de bio imágenes','24609634','AR','2994606046','Me interesa la formación y actualización continua.\r\nAgradecería poder compartir la jornada','2025-06-01 16:55:34',NULL),(273,'7JUNIOTOE','Chory','Heredia Matos','Herediamatos268@gmail.com','licenciado','Imagen médicas','Uasd','DO','8294759733','','2025-06-01 17:07:17',NULL),(274,'7JUNIOTOE','Larissa Gissel','Noguera Aguilera','larissagisseln@gmail.com','licenciado','Radiologa','INCAN','PY','+595992652100','','2025-06-01 19:30:30',NULL),(275,'7JUNIOTOE','Manuela','Farro Quesquen','manuelapedro27@gmail.com','licenciado','Tecnológo Médico - Radiologia','Imágenes','PE','948923460','','2025-06-01 20:56:59',NULL),(276,'7JUNIOTOE','Liz','Bravo Chuquillanque','lizbravo789@gmail.com','licenciado','Tecnólogo Médico','Hospital Rebagliati','PE','51940204435','Actualización en protección Radiologica','2025-06-01 21:38:21',NULL),(277,'7JUNIOTOE','Vicenta','Velarde Andrade','vicenta.velarde.a.6@gmail.com','licenciado','Lic.Tecnólogo Médico','Essalud Hospital Edgardo Rebagliati Martins','PE','990370350','Me interesa actualizar mis conocimientis .','2025-06-01 21:45:26',NULL),(278,'7JUNIOTOE','Henry Diego','Patty Flores','legendryus@gmail.com','doctor','Médico Nuclear','Cmnyr el alto','BO','72536718','Soy profesional de salud interesado en actualizar términos de protección radiologíca','2025-06-01 21:53:49',NULL),(279,'7JUNIOTOE','Andrea','Maldonado','amaldonadomachado69@gmail.com','licenciado','Bioquímica','Medicina Biomolecular- Instituto Oulton','AR','3515904756','','2025-06-01 22:26:22',NULL),(280,'7JUNIOTOE','Magda','Montaña','mmontana954@gmail.com','otro','Tecnóloga','Idime','CO','3138619842','Laboró en un servicio de medicina nuclear y me desempeño como tecnóloga y oficial de protección radiológica allí','2025-06-02 01:28:40',NULL),(281,'7JUNIOTOE','Gabriela','Sánchez González','gabysg3@hotmail.com','licenciado','Químico Farmacéutico Biólogo','Servicios de Salud de Veracruz','MX','2291747474','Ampliar y actualizar mi conocimiento en el tema.','2025-06-02 02:22:33',NULL),(282,'7JUNIOTOE','Gustavo Henry','Orihuela Sandoval','gustavo123orihuela@gmail.com','licenciado','Física','Universidad Nacional del Callao','PE','966774914','','2025-06-02 02:50:13',NULL);
/*!40000 ALTER TABLE `events_register` ENABLE KEYS */;
UNLOCK TABLES;

--
-- Table structure for table `events_register_old`
--

DROP TABLE IF EXISTS `events_register_old`;
/*!40101 SET @saved_cs_client     = @@character_set_client */;
/*!50503 SET character_set_client = utf8mb4 */;
CREATE TABLE `events_register_old` (
  `register_id` int NOT NULL AUTO_INCREMENT,
  `firstname` varchar(30) NOT NULL,
  `lastname` varchar(30) NOT NULL,
  `email` varchar(100) NOT NULL,
  `inputs` text,
  `event_id` varchar(10) DEFAULT NULL,
  PRIMARY KEY (`register_id`)
) ENGINE=InnoDB AUTO_INCREMENT=19 DEFAULT CHARSET=utf8mb3;
/*!40101 SET character_set_client = @saved_cs_client */;

--
-- Dumping data for table `events_register_old`
--

LOCK TABLES `events_register_old` WRITE;
/*!40000 ALTER TABLE `events_register_old` DISABLE KEYS */;
INSERT INTO `events_register_old` VALUES (1,'Cecilia','Alonzo','Ceciliaalfaro536@gmail.com','Doctora|50378845155|Unime|Jefe|Educación','26ABRIL'),(2,'Raul','Villalta','raulvillalta@gmail.com','Lcdo. Física|584122949106|Hosp. Domingo Luciani|Físico Médico|','26ABRIL'),(3,'Jessica','Gonzalez','jkg24en@hotmail.com','Licda en radiologia e imagenes|77477722|Cnrt|Prof en radiologia|Ampliar conocimientos','26ABRIL'),(4,'William Antonio','Aristizabal Loaiza','kelgaras@outlook.com','Tecnólogo en radiología|3007483936|La cardio|Tecnólogo|Aprender, instruirse y tener mejores conocimientos cada día.','26ABRIL'),(5,'Hillary','Bautista','hcbautista@fucsalud.edu.co','Estudiante|3138345059|Fucs|Radiologia|','26ABRIL'),(6,'Leoreana','Marcano','leoreanasantos@gmail.com','Maestría en física médica|04248897718|||','26ABRIL'),(8,'Lorena','Arias','lorebea82@yahoo.com','Licenciada en ciencias jurídicas|72613071|FGR|Auxiliar fiscal|','26ABRIL'),(9,'Juan Miguel','Olalla Pilco','jmiguelolalla@gmail.com','Maestría|+593999796645|Nuclearmed|OSR|Conocer los fundamentos del Derecho Nuclear','26ABRIL'),(10,'Cristian','Pajaro','ccpajaro@fucsalud.edu.co','Estudiante|+57 3105505394|FUCS|Estudiante|Quisiera aprender más sobre otras ramas relacionadas a la la radiología','26ABRIL'),(11,'Duvan','Lopez lopez','duvanlolo7@gmail.com','Tecnologo en radiología|3112227898|Hospital|Radiologo|Capacitarnos','26ABRIL'),(12,'Jessica','Acero','alejaguzman68_ecuador@hotmail.com','Lic. Radiología|0984707962|Servisalud|Radiologia|Tener mayor conocimiento en el ámbito','26ABRIL'),(13,'María Fernanda','Giménez Riveros','gimenezfernanda2311@gmail.com','Licenciatura|+595 973 200 206|||Aprender','26ABRIL'),(14,'GIOVANNI VICENTE','GANTE RENDON','ggante3@gmail.com','Lic. Radiologia e Imagen|7471092443|HGRAA|Radiologia|Aprender y actualizar sobre protección Radiologica','26ABRIL'),(15,'Julian Orlando','Paez Lopez','jopaezl@unal.edu.co','Maestría física médica|+57 3222066473|Instituto Nacional de Cancerologia|Físico médico- Protección Radiológica|Estoy interesado en conocer desde una óptica internacional lo relacionado con derecho nuclear y las diferentes formas en que se implementa y sus retos. Esto en razón de mis funciones como OPR de la institución en la que trabajo.','26ABRIL'),(16,'Úrsula','Carrera','ursula.carrera@ibama.gov.br','Biologa|55 61 981038004|Ibama|Analista de Medio Ambiente|Trabajo con solicitudes de permiso para generacion de energía.','26ABRIL'),(17,'Carlos Raúl','Rodríguez salgado','bufetejuridicorodriguez647@gmail.com','Abogado|50488946255|SEN|Asesor legal|Ampliar los conocimientos legales','26ABRIL');
/*!40000 ALTER TABLE `events_register_old` ENABLE KEYS */;
UNLOCK TABLES;

--
-- Table structure for table `newsletter_register`
--

DROP TABLE IF EXISTS `newsletter_register`;
/*!40101 SET @saved_cs_client     = @@character_set_client */;
/*!50503 SET character_set_client = utf8mb4 */;
CREATE TABLE `newsletter_register` (
  `register_id` int NOT NULL AUTO_INCREMENT,
  `firstname` varchar(30) NOT NULL,
  `lastname` varchar(30) NOT NULL,
  `email` varchar(100) NOT NULL,
  `time_register` datetime DEFAULT CURRENT_TIMESTAMP,
  PRIMARY KEY (`register_id`)
) ENGINE=InnoDB AUTO_INCREMENT=207 DEFAULT CHARSET=utf8mb3;
/*!40101 SET character_set_client = @saved_cs_client */;

--
-- Dumping data for table `newsletter_register`
--

LOCK TABLES `newsletter_register` WRITE;
/*!40000 ALTER TABLE `newsletter_register` DISABLE KEYS */;
INSERT INTO `newsletter_register` VALUES (1,'Cecilia','Alonzo','Ceciliaalfaro536@gmail.com',NULL),(2,'Raul','Villalta','raulvillalta@gmail.com',NULL),(4,'William Antonio','Aristizabal Loaiza','kelgaras@outlook.com',NULL),(5,'Hillary','Bautista','hcbautista@fucsalud.edu.co',NULL),(6,'Leoreana','Marcano','leoreanasantos@gmail.com',NULL),(7,'Jhon','Doe','Jhondoe@gmail.com',NULL),(8,'Lorena','Arias','lorebea82@yahoo.com',NULL),(9,'Juan Miguel','Olalla Pilco','jmiguelolalla@gmail.com',NULL),(10,'Cristian','Pajaro','ccpajaro@fucsalud.edu.co',NULL),(11,'Duvan','Lopez lopez','duvanlolo7@gmail.com',NULL),(12,'Jessica','Acero','alejaguzman68_ecuador@hotmail.com',NULL),(13,'María Fernanda','Giménez Riveros','gimenezfernanda2311@gmail.com',NULL),(14,'GIOVANNI VICENTE','GANTE RENDON','ggante3@gmail.com',NULL),(15,'Julian Orlando','Paez Lopez','jopaezl@unal.edu.co',NULL),(16,'Úrsula','Carrera','ursula.carrera@ibama.gov.br',NULL),(17,'Carlos Raúl','Rodríguez salgado','bufetejuridicorodriguez647@gmail.com',NULL),(18,'Luis Alfonso','Menéndez','luis.menendez1990@gmail.com',NULL),(19,'Raul','Recinos','raul.recinossierr@gmail.com',NULL),(20,'Elizabeth','Rivera','liz.rivera2010@gmail.com',NULL),(21,'Gabriela','Valencia Aguilera','gvvalencia-es@udabol.edu.bo',NULL),(22,'Marthagraciela','Rodríguez maya','marthagracielarodriguezmaya@gmail.com',NULL),(23,'Liz','Peña Franco','lapf23@gmail.com',NULL),(24,'Daniel','Canjura','dokanjura@gmail.com',NULL),(25,'PAOLA','ANDREA CONDORI YAVE','yave.paola021@gmail.com',NULL),(26,'Juan R.','Cruz Castaños','fisiokinecruz@gmail.com',NULL),(27,'Chory','Heredia matos','Herediamatos268@gmail.com',NULL),(28,'Jerry','Rivera Barco','jerryriverabarco10@gmail.com',NULL),(29,'Blanca','Mereles','bgmereles@gmail.com',NULL),(30,'Dario','Bustos','dariobustosconcordia@gmail.com',NULL),(31,'Mildref','Mora','mnmnphdeducacion2024@gmail.com',NULL),(32,'Roger','Portillo','Rportill77@yahoo.es',NULL),(33,'Jean','Teodoro','fis_jean@yahoo.com.br',NULL),(34,'Ricardo','Anglada','Ranglada@cne.gob.do',NULL),(35,'Celso luis','Melgarejo Arevalos','melgarejo356@gmail.com',NULL),(36,'Francisco Javier','Hernández Flores','franciscohernandez_f2010@hotmail.com',NULL),(37,'Yamil','Alí Cruz','yac69.13@gmail.com',NULL),(38,'Estefanía Katherine Freire','Navas','sthefyfreire@gmail.com',NULL),(39,'César Augusto López','Zapeta','dxcesarlopez1945@gmail.com',NULL),(40,'Yldrin Mariel','Rojas','yldrinrojas@gmail.com',NULL),(41,'Katherine Gabriela','Garcia Lagod','Abogkatherinelagos585@gmail.com',NULL),(42,'Ilda','Chica','ildachica@yahoo.es',NULL),(43,'laura','Pimentel','pimentellaura48@gmail.com',NULL),(44,'Rosio Galvez','Vasquez','rosi_gv@hotmail.com','2025-04-26 00:24:15'),(45,'Maryory','Ramos Gómez','medic.hokage@hotmail.com','2025-04-26 03:15:59'),(46,'Germán david','Alfaro peña','Asprelsalvador@gmail.com','2025-04-28 01:38:07'),(47,'Narda Elizabeth','Alvarado Rivas','elizabethrivas169@gmail.com','2025-04-28 02:33:29'),(48,'Carlos anubis','Jovel melendez','Anubisjovelrx@gmail.com','2025-04-28 17:49:59'),(49,'Glenda Aracely','Montiel Flores','aracely.montiel022@gmail.com','2025-04-28 18:04:47'),(50,'Dheymar luis','Gonzales Rodriguez','dheymar72@gmail.com','2025-04-29 00:06:26'),(51,'Xiomara Lisette','Guzmán Ayala','lissette_guzman1994@hotmail.com','2025-04-29 11:02:04'),(52,'Danny','Pasijojoa','goyesdany0@gmail.com','2025-04-29 21:42:51'),(53,'Gustavo','Sandoval','gusta_200274@hotmail.com','2025-04-30 00:33:12'),(54,'Luis','Villalta','luisfernandovillaltamanrique@gmail.com','2025-05-01 15:13:00'),(55,'German David','Alfaro peña','germanalfaro1954@gmail.com','2025-05-01 16:09:38'),(56,'Merlyn','Cruz','cruzlozano.merlyn@gmail.com','2025-05-01 19:04:32'),(57,'Natalua','Urquilla','urquillanatalia162@gmail.com','2025-05-01 19:28:43'),(58,'Josue Israel','Ventura Ayala','Venturaj064@gmail.com','2025-05-01 19:32:15'),(59,'Fátima','Chinchilla','fatima.chinchilla@isbm.gob.sv','2025-05-01 19:40:06'),(60,'Carlos Daniel','López Portillo','dl4401531@gmail.com','2025-05-01 19:40:47'),(61,'Allison Verenice','Hernández Martínez','martinezverenice6@gmail.com','2025-05-01 19:42:41'),(62,'Simoni Marielos','Hernández Mendoza','marielos12517aquino@gmail.com','2025-05-01 20:24:45'),(63,'Gabriela Isabel','García Pérez','Isabelgarciap00@gmail.com','2025-05-01 20:30:37'),(64,'Luis Osmar','Espinoza Ramos','osmar218914@gmail.com','2025-05-01 20:38:49'),(65,'Gloria Apolonia','Palacios Recinos','soicalap27@gmail.com','2025-05-01 20:44:24'),(66,'Doris Elena','Abrego Rivera','doris_abrego@hotmail.com','2025-05-01 20:52:41'),(67,'Oscar Armando','Henriquez','patriciohenriquez19@gmail.com','2025-05-01 21:50:22'),(68,'Giselle Abigail','Orellana Anzora','giselleanzora104@gmail.com','2025-05-01 22:57:27'),(69,'Marlon Ernesto','Hernández Escobar','madoxsak@gmail.com','2025-05-01 23:23:45'),(70,'Karla Patricia','Hernández Hernández','paty40281@gmail.com','2025-05-01 23:48:24'),(71,'Ingrid Lisseth','Villatoro','lissethvillatoro680@gmail.com','2025-05-04 16:16:55'),(72,'Yanira Guadalupe','Cárcamo Reyes','unikotrece@hotmail.com','2025-05-04 16:19:35'),(73,'Hilda Elisseth','Palacios Elizondo','elissethpalacioso5@gmail.com','2025-05-04 23:43:10'),(74,'Gerson Fernando','Díaz Santacruz','diaz8581@gmail.com','2025-05-05 14:14:08'),(75,'Johana Beatriz','Albanes de Bolaños','johanaalbanes17@gmail.com','2025-05-05 14:40:29'),(76,'Billy Alsamendi','Guzmán Ramos','billyguzman1286@gmail.com','2025-05-05 14:44:45'),(77,'Jeniffer Guadalupe','Galvez Ramirez','lujen_94gr@outlook.com','2025-05-05 14:57:32'),(78,'ricardo','anglada','ricardo_ak@outlook.com','2025-05-09 23:12:23'),(79,'Jessica','Gonzalez','jkg24en@hotmail.com','2025-05-14 21:07:23'),(80,'Diana Marilu','Carranza de Portillo','dimaricarranza@gmail.com','2025-05-16 03:47:46'),(81,'Jeison Esteban','Peña Díaz','Jeison.brs.98@gmail.com','2025-05-17 10:22:30'),(82,'Guido','Rincon','guidorin22@gmail.com','2025-05-18 21:19:48'),(83,'Jennifer','Pasos Martinez','Jennpasos93@gmail.com','2025-05-18 21:52:12'),(84,'Erika','Chisag','erifernanda.osr@hotmail.com','2025-05-18 22:02:53'),(85,'Dr.C. Maurice José','González Basulto','mauricejgb1985@gmail.com','2025-05-18 22:25:31'),(86,'José Oswaldo','Abad Ovalle','joseoswaldo.abadovalle@gmail.com','2025-05-18 22:30:23'),(87,'Maria Angélica','Jiménez Pingo','angi301185@gmail.com','2025-05-18 22:59:13'),(88,'Pedro','Cortez','tezcotoberal@gmail.com','2025-05-18 23:00:05'),(89,'Luis Arturo','Nuñez Nieves','arturoparaeltuy@gmail.com','2025-05-19 01:17:12'),(90,'Magda','Montaña','mmontana954@gmail.com','2025-05-19 01:34:47'),(91,'José Alexander','Leal Lopez','leal.josealex@gmail.com','2025-05-19 10:09:41'),(92,'Marcos','Torres','marcostorres220695@gmail.com','2025-05-19 10:16:15'),(93,'María Daniela','Rodríguez','rodriguezb.mdaniela@gmail.com','2025-05-19 11:12:42'),(94,'Yaurima','Gómez','yaurima.gomez@gmail.com','2025-05-19 15:44:29'),(95,'Cristofer Hamilton','Barrios Villagran','cristoferbarrios20@gmail.com','2025-05-19 20:31:50'),(96,'Stanley','Santos Sanchez','stanley.ruben.2013@gmail.com','2025-05-19 20:37:15'),(97,'Luis','Mejía','luigimejia1@gmail.com','2025-05-19 20:45:21'),(98,'Enny Carolina','Ariza García','ecariza@gammahealthsa.com','2025-05-19 20:54:19'),(99,'Christian Erick','García Castellón','cegarcia@gammahealthsa.com','2025-05-19 21:15:28'),(100,'Ivan','Castillo Alcantara','castilloivan@msn.com','2025-05-19 21:54:22'),(101,'Juan Manuel','Moraes','Juanmoraes53@gmail.com','2025-05-19 22:07:22'),(102,'José Andrés','Morales Barrutia','andrezbarrutia@gmail.com','2025-05-19 22:46:15'),(103,'Lara Cruz','Marleny','marlenylara63@gmail.com','2025-05-20 00:56:37'),(104,'Reina Elizabeth','Mejia Alvarado','reinaelizabeth0555@gmail.com','2025-05-20 01:17:15'),(105,'Daniela','Rodriguez','daniela.r30@yahoo.com','2025-05-20 06:07:18'),(106,'Yulisa','Villanueva Chavez','yuhaniss501@gmail.com','2025-05-20 06:39:07'),(107,'Marco Rene','Ponciano Giron','renegold@gmail.com','2025-05-20 11:27:48'),(108,'Victor Daniel','Molina Mujica','molivictor17@gmail.com','2025-05-20 11:32:17'),(109,'Ana Flor','Pedraza Vargas','ynesa_4@hotmail.com','2025-05-20 12:22:02'),(110,'Jaime Cristobal','Rivera Agudelo','jaimerivera_26@hotmail.com','2025-05-20 12:38:29'),(111,'Bibiana Aracely','Similox Sut','bibi_simi@live.com','2025-05-20 17:59:24'),(112,'Luis Emilio','Marroquín Reyes','emiliomarroquin123@gmail.com','2025-05-20 17:59:38'),(113,'Nery','Flores','Nerya.flores502@gmail.com','2025-05-20 18:11:21'),(114,'Victor Josué','Hernández Pérez','Josueantigua2020@gmail.com','2025-05-20 18:19:43'),(115,'Fernando Gabriel','Olmedo','folmedo@cemenurnk.org.ar','2025-05-20 22:09:25'),(116,'Esmeralda','Juanito Yepes','esmeraldajyu@gmail.com','2025-05-20 22:48:40'),(117,'Homero Josué Álvarez','Fuentes','jossalf83@gmail.com','2025-05-20 23:02:55'),(118,'Julio Augusto','Hernández García','julioaugustohernandezgarcia@gmail.com','2025-05-21 02:24:58'),(119,'Diana Carolina','Mucha Lopez','dayan12cg45733701@gmail.com','2025-05-21 11:21:53'),(120,'Urbano','Marroquin Galindo','tecniurba@gmail.com','2025-05-21 14:05:32'),(121,'Marvin','Gross','marvinhn1985@hotmail.com','2025-05-21 17:19:21'),(122,'Claudia karina','Baeza Vivar','baezavivarkarina@gmail.com','2025-05-21 17:34:26'),(123,'Anderson','Quinteros','anderquin84@gmail.com','2025-05-21 17:40:07'),(124,'Michael','Chavez','michael.chavez180@gmail.com','2025-05-22 03:10:05'),(125,'Eunice Abigail','Hernández Cabrera','abigailcabre13@gmail.com','2025-05-22 19:37:15'),(126,'Rosselly Petronila','Ramos Chinchay','roselyramosch01@gmail.com','2025-05-23 17:34:00'),(127,'Kevin Rudel','López','13002620@galileo.edu','2025-05-25 05:16:06'),(128,'Ruben Ismael','Perez','rubenismaelperez741@gmail.com','2025-05-26 18:58:36'),(129,'Yasmin Ivette','Monge Quijano','yasminmonge09@gmail.com','2025-05-26 19:31:56'),(130,'Jose Alfredo','Soriano Vaquerano','jose.soriano@accesa.com.sv','2025-05-26 20:39:11'),(131,'Noé Francisco','Aguirre Zepeda','noe.aguirre@cepa.gob.sv','2025-05-26 20:59:36'),(132,'Rossana','Herrera','rossherr10@gmail.com','2025-05-27 17:55:59'),(133,'Ricardo Alexander','Martinez Andres','ricardo.martinez190826@liveusam.edu.sv','2025-05-27 21:54:48'),(134,'Gloria Maribel','Andres','gloriandres30@gmail.com','2025-05-27 23:40:55'),(135,'Andres De Jesus','Pinto Mazariegos','andrespinto11@hotmail.com','2025-05-29 00:10:08'),(136,'Angel','Palacios','lapfuentes1604@gmail.com','2025-05-29 00:28:46'),(137,'Edgar Gudiel','Salazar Acosta','gudielsalazar@gmail.com','2025-05-29 00:31:48'),(138,'Jacks Wilson','Mamani Abado','Jackwil.m3a@gmail.com','2025-05-29 02:58:45'),(139,'Ricardo Antonio','Rosales Yat','rosalesrichar77@gmail.com','2025-05-29 14:31:57'),(140,'Cristian Fernando','Rosales González','rosalescristian6@gmail.com','2025-05-29 16:16:03'),(141,'German Haroldo','Chiquin Icó','chiquin9@gmail.com','2025-05-29 16:29:36'),(142,'Aris Marlene','Morales Williams','williamsaris21@gmail.com','2025-05-29 16:35:36'),(143,'Luis Felipe','Ramirez Vicente','luisfeliperamirez35@gmail.com','2025-05-29 18:24:46'),(144,'Arturo','Martinez Rivas','arturomarti1212@gmail.com','2025-05-30 03:15:56'),(145,'Roberto Carlos','Aparicio Guatemala','robertoapariciomp@gmail.com','2025-05-30 03:19:48'),(146,'Brandom Miguel','Vazquez Flores','brandom251298@gmail.com','2025-05-30 04:57:45'),(147,'Lilian','Brasesco','lilian.brasesco@gmail.com','2025-05-30 09:24:23'),(148,'Angie Ximena','Lamprea Yara','Axlamprea@fucsalud.edu.co','2025-05-30 14:43:57'),(149,'Cristian Jesús','Ccanto Najarro','cristianccanto97@gmail.com','2025-05-30 15:41:29'),(150,'Lizeth Guadalupe','López Linares','lupita300784@hotmail.com','2025-05-30 16:24:03'),(151,'Yohanna','Pérez','yohannamargot.doc@gmail.com','2025-05-30 16:42:53'),(152,'Byron','González','bygomon2000@yahoo.com','2025-05-30 19:57:27'),(153,'Dina Lourdes','Alcamari Imata','dina.tmrad19@gmail.com','2025-05-30 20:04:29'),(154,'Venecia','Calandron','vene_23@hotmail.com','2025-05-30 23:41:14'),(155,'Ofni Otoniel','Aburto Dávila','Otonieldavila737@gmail.com','2025-05-31 02:09:48'),(156,'Leylis Vanessa','Raúdez Gómez','ley.raudez@gmail.com','2025-05-31 02:45:25'),(157,'Carmen','Aquino Francisco','aquinofranciscocarmen@gmail.com','2025-05-31 04:26:00'),(158,'José Abel','Díaz Fernández','Abelfernan1997@gmail.com','2025-05-31 04:29:42'),(159,'Miguel Angel','Torrez Almaraz','migueltorrezalmaraz@gmail.com','2025-05-31 04:59:24'),(160,'Fredy','Félix Purilla','fredyaries@hotmail.es','2025-05-31 05:00:50'),(161,'Fernando Javier','García Sánchez','fer1310@hotmail.com','2025-05-31 05:09:04'),(162,'Allison','Tapia','allisonarchi@gmail.com','2025-05-31 05:23:33'),(163,'Arturo Leonell','Gomez Tarco','algomezt@unac.edu.pe','2025-05-31 05:53:13'),(164,'Paula','Madeira','madeirapaula22@gmail.com','2025-05-31 09:10:52'),(165,'Maikel Octavio','Naranjo Castellano','maikeloctavionaranjo@gmail.com','2025-05-31 09:55:27'),(166,'Silvio Damián','Musso','silviodamianmusso.hf@gmail.com','2025-05-31 11:07:15'),(167,'Norma Ester','Barca','normaesterbarca.hf@gmail.com','2025-05-31 11:08:51'),(168,'Veronika','Padilla Tineo','veronikapadilla8@gmail.com','2025-05-31 11:17:17'),(169,'Yerko Orlando','Huanca Luna','yerko7_7@hotmail.com','2025-05-31 11:40:40'),(170,'Antonia Gabriela','Sosa Molino','gabrielasosamo@live.com.ar','2025-05-31 12:25:30'),(171,'Mariana','Signorino','Maruu_signorino@hotmail.com','2025-05-31 12:34:10'),(172,'Daiana','Suarez Molina','daivalenbustos@gmail.com','2025-05-31 12:35:24'),(173,'Carlos Alberto','Vargas Alama','thelionswarrior@gmail.com','2025-05-31 12:43:08'),(174,'Evelin Ruth Calizaya','Chambi','ecalizayachambi@gmail.com','2025-05-31 12:50:38'),(175,'Héctor','Mendoza','mrhams@gmail.com','2025-05-31 13:19:18'),(176,'Angela','Jurado Casallas','angelajucat@gmail.com','2025-05-31 13:21:52'),(177,'Monica Patricia','Rodriguez','patriciarodriguez301027@gmail.com','2025-05-31 13:22:05'),(178,'Fidel','Torres Garcete','torresgarcetefidel@gmail.com','2025-05-31 13:36:11'),(179,'Yanet','García Lozada','thedragarcia@gmail.com','2025-05-31 13:36:46'),(180,'Ethel Guisella','Borja Solano','borjaset245@gmail.com','2025-05-31 13:39:47'),(181,'Cristina','Ajila','cristiajila980@gmail.com','2025-05-31 13:41:42'),(182,'Cristhel','Bautista','crbago@outlook.com','2025-05-31 14:23:28'),(183,'Marco Antonio','Requena Sánchez','calebantonio1976@gmail.com','2025-05-31 14:47:22'),(184,'Luiso','Fernandiño','lkdjashdklhasjkhjk@gmail.com','2025-05-31 14:59:37'),(185,'Denis Cristian','Villarroel Garcia','denis.villarroel77@gmail.com','2025-05-31 15:28:19'),(186,'Boris Harold','Dominguez Terán','borisharolddominguezteran@gmail.com','2025-05-31 16:32:13'),(187,'Ramiro','Huamaní Saravia','ramirohs26@hotmail.com','2025-05-31 16:33:14'),(188,'Javier','Robleto','jrobleto@gmail.com','2025-05-31 17:11:59'),(189,'Luz Dary','Torres Angarita','luzdatoan@gmail.com','2025-05-31 17:56:30'),(190,'Carolina','Bermudez Rios','caritobermudez79@gmail.com','2025-05-31 21:01:08'),(191,'Brigete Ibone','Tibis Fernandez','ibonetibis40@gmail.com','2025-05-31 21:03:19'),(192,'Mileinis Paola','Tilano Barraza','mileinistilano13@gmail.com','2025-05-31 22:18:27'),(193,'Emilton Antonio','Arrieta Lara','emiltonarrietalara82@gmail.com','2025-05-31 23:12:21'),(194,'Cecilia Patricia','Rivera Sánchez','patrys28@gmail.com','2025-05-31 23:22:57'),(195,'María Cruz','Inga Quistan','mafer040816@gmail.com','2025-06-01 11:58:14'),(196,'Álvaro David','Ruiz Hidalgo','prl.osr.13b@gmail.com','2025-06-01 14:03:18'),(197,'Fabián Isac','Sanchez Chavez','fisch070807@gmail.com','2025-06-01 16:10:06'),(198,'Erik','Albaiceta','albaicetaerik@gmail.com','2025-06-01 16:55:34'),(199,'Larissa Gissel','Noguera Aguilera','larissagisseln@gmail.com','2025-06-01 19:30:30'),(200,'Manuela','Farro Quesquen','manuelapedro27@gmail.com','2025-06-01 20:56:59'),(201,'Liz','Bravo Chuquillanque','lizbravo789@gmail.com','2025-06-01 21:38:21'),(202,'Vicenta','Velarde Andrade','vicenta.velarde.a.6@gmail.com','2025-06-01 21:45:26'),(203,'Henry Diego','Patty Flores','legendryus@gmail.com','2025-06-01 21:53:49'),(204,'Andrea','Maldonado','amaldonadomachado69@gmail.com','2025-06-01 22:26:22'),(205,'Gabriela','Sánchez González','gabysg3@hotmail.com','2025-06-02 02:22:33'),(206,'Gustavo Henry','Orihuela Sandoval','gustavo123orihuela@gmail.com','2025-06-02 02:50:13');
/*!40000 ALTER TABLE `newsletter_register` ENABLE KEYS */;
UNLOCK TABLES;

--
-- Table structure for table `users`
--

DROP TABLE IF EXISTS `users`;
/*!40101 SET @saved_cs_client     = @@character_set_client */;
/*!50503 SET character_set_client = utf8mb4 */;
CREATE TABLE `users` (
  `user_id` int NOT NULL AUTO_INCREMENT,
  `firstname` varchar(50) NOT NULL,
  `lastname` varchar(50) NOT NULL,
  `email` varchar(100) NOT NULL,
  `gender` enum('m','f','o') NOT NULL DEFAULT 'o',
  `password` varchar(255) NOT NULL,
  `active` tinyint(1) DEFAULT '1',
  `user_rank` tinyint(1) DEFAULT NULL,
  PRIMARY KEY (`user_id`)
) ENGINE=InnoDB AUTO_INCREMENT=2 DEFAULT CHARSET=utf8mb3;
/*!40101 SET character_set_client = @saved_cs_client */;

--
-- Dumping data for table `users`
--

LOCK TABLES `users` WRITE;
/*!40000 ALTER TABLE `users` DISABLE KEYS */;
INSERT INTO `users` VALUES (1,'Luis','Villalta','luisfernandovillaltamanrique@gmail.com','m','pbkdf2:sha256:600000$Ixa1jjSw4RI6k8Zc$e7d26b8587babf03184cb0079106819fdb9b3be8df23bb37373c46458ed9d466',1,1);
/*!40000 ALTER TABLE `users` ENABLE KEYS */;
UNLOCK TABLES;
/*!40103 SET TIME_ZONE=@OLD_TIME_ZONE */;

/*!40101 SET SQL_MODE=@OLD_SQL_MODE */;
/*!40014 SET FOREIGN_KEY_CHECKS=@OLD_FOREIGN_KEY_CHECKS */;
/*!40014 SET UNIQUE_CHECKS=@OLD_UNIQUE_CHECKS */;
/*!40101 SET CHARACTER_SET_CLIENT=@OLD_CHARACTER_SET_CLIENT */;
/*!40101 SET CHARACTER_SET_RESULTS=@OLD_CHARACTER_SET_RESULTS */;
/*!40101 SET COLLATION_CONNECTION=@OLD_COLLATION_CONNECTION */;
/*!40111 SET SQL_NOTES=@OLD_SQL_NOTES */;

-- Dump completed on 2025-06-02  5:02:57
