-- MySQL dump 10.13  Distrib 8.0.29, for Linux (x86_64)
--
-- Host: aspr.mysql.pythonanywhere-services.com    Database: aspr$aspr
-- ------------------------------------------------------
-- Server version	8.0.43

/*!40101 SET @OLD_CHARACTER_SET_CLIENT=@@CHARACTER_SET_CLIENT */;
/*!40101 SET @OLD_CHARACTER_SET_RESULTS=@@CHARACTER_SET_RESULTS */;
/*!40101 SET @OLD_COLLATION_CONNECTION=@@COLLATION_CONNECTION */;
/*!50503 SET NAMES utf8mb4 */;
/*!40103 SET @OLD_TIME_ZONE=@@TIME_ZONE */;
/*!40103 SET TIME_ZONE='+00:00' */;
/*!40014 SET @OLD_UNIQUE_CHECKS=@@UNIQUE_CHECKS, UNIQUE_CHECKS=0 */;
/*!40014 SET @OLD_FOREIGN_KEY_CHECKS=@@FOREIGN_KEY_CHECKS, FOREIGN_KEY_CHECKS=0 */;
/*!40101 SET @OLD_SQL_MODE=@@SQL_MODE, SQL_MODE='NO_AUTO_VALUE_ON_ZERO' */;
/*!40111 SET @OLD_SQL_NOTES=@@SQL_NOTES, SQL_NOTES=0 */;

--
-- Current Database: `aspr$aspr`
--

CREATE DATABASE /*!32312 IF NOT EXISTS*/ `aspr$aspr` /*!40100 DEFAULT CHARACTER SET utf8mb3 */ /*!80016 DEFAULT ENCRYPTION='N' */;

USE `aspr$aspr`;

--
-- Table structure for table `events`
--

DROP TABLE IF EXISTS `events`;
/*!40101 SET @saved_cs_client     = @@character_set_client */;
/*!50503 SET character_set_client = utf8mb4 */;
CREATE TABLE `events` (
  `event_id` varchar(20) NOT NULL,
  `limit_date` date DEFAULT NULL,
  `title` varchar(150) DEFAULT NULL,
  `active` tinyint(1) DEFAULT NULL,
  PRIMARY KEY (`event_id`)
) ENGINE=InnoDB DEFAULT CHARSET=utf8mb3;
/*!40101 SET character_set_client = @saved_cs_client */;

--
-- Dumping data for table `events`
--

LOCK TABLES `events` WRITE;
/*!40000 ALTER TABLE `events` DISABLE KEYS */;
INSERT INTO `events` VALUES ('10MAYO','2025-05-09','Seminario Internacional sobre \"El Rol del Físico Médico en la Radioterapia\".',1),('11OCT','2025-10-10','Seminario Internacional sobre \"El Médico Especialista en la Optimización de Protección Radiológica\"',1),('12ABRIL','2025-04-11','Seminario Internacional sobre \"Conservación de Alimentos por Irradiación\".',1),('13DIC','2025-12-12','Seminario Internacional sobre \"Estrategias De Comunicación Y Preparación Lideradas Por El Tecnólogo\".',1),('14JUNIO','2025-06-14','Seminario Internacional sobre \"El Doctorado Regional en Física\".',1),('1NOV','2025-10-30','Seminario Internacional sobre \"Protección Radiológica frente a Materiales Radiactivos de Origen Natural\".',1),('22FEBRERO','2025-02-21','Seminario Internacional sobre \"Protección Radiológica en Intervencionismo\".',1),('26ABRIL','2025-04-25','Seminario Internacional sobre \"Derecho Nuclear\".',1),('27SEPTIEMBRE','2025-09-26','Seminario Internacional sobre \"Estrategia Nacional de Capacitación en Protección Radiológica\".',1),('28JUNIO','2025-06-27','Seminario Internacional sobre \"Funciones y Retos del Oficial de Protección Radiológica\".',1),('29MARZO','2025-03-28','Seminario Internacional sobre \"Formación y Capacitación de Operadores de Plantas Nucleares\".',1),('29NOV','2025-11-28','Seminario Internacional sobre \"Particularidades de la Protección Radiológica en Radioterapia\".',1),('30AGOSTO','2025-08-29','Seminario Internacional sobre \"Dosimetría\"',1),('31MAYO','2025-05-30','Seminario Internacional sobre \"Protección Radiológica y el rol del Médico especialista en Radioterapia\".',1),('4ENERO','2025-01-01','Seminario Internacional sobre el Halcyon.',1),('5JULIO','2025-07-04','Seminario Internacional sobre \"Niveles de Referencia en Radiodiagnóstico\".',1),('6SEPTIEMBRE','2025-09-05','Seminario Internacional sobre \"Pilares para la Excelencia Operacional y la Confianza del Paciente\"',1),('7JUNIOTOE','2025-06-05','Curso de Actualización en Protección Radiológica para Trabajadores Ocupacionalmente Expuestos.',0),('8FEBRERO','2025-02-07','Seminario Internacional sobre \"Protección Radiológica y la Importancia del Tecnólogo en Radioterapia\"',1),('8MARZO','2025-03-07','Seminario Internacional sobre \"Control de Calidad en Resonancia Magnética\".',1),('9AGOSTO','2025-08-08','Seminario Internacional sobre \"Irradiación de Tumores en Movimiento\"',0),('IHB5M','2025-05-05','Curso de Radioprotección Aplicada para personal de Salud.',0);
/*!40000 ALTER TABLE `events` ENABLE KEYS */;
UNLOCK TABLES;

--
-- Table structure for table `events_certificate`
--

DROP TABLE IF EXISTS `events_certificate`;
/*!40101 SET @saved_cs_client     = @@character_set_client */;
/*!50503 SET character_set_client = utf8mb4 */;
CREATE TABLE `events_certificate` (
  `event_id` varchar(15) NOT NULL,
  `limit_date` date DEFAULT NULL,
  `title` varchar(150) DEFAULT NULL,
  `active` tinyint(1) DEFAULT NULL,
  PRIMARY KEY (`event_id`)
) ENGINE=InnoDB DEFAULT CHARSET=utf8mb3;
/*!40101 SET character_set_client = @saved_cs_client */;

--
-- Dumping data for table `events_certificate`
--

LOCK TABLES `events_certificate` WRITE;
/*!40000 ALTER TABLE `events_certificate` DISABLE KEYS */;
INSERT INTO `events_certificate` VALUES ('7JUNIOTOE','2025-06-07','Curso de Actualización en Protección Radiológica para Trabajadores Ocupacionalmente Expuestos.',1),('IHB5M','2025-05-05','Curso de Radioprotección Aplicada para personal de Salud.',1);
/*!40000 ALTER TABLE `events_certificate` ENABLE KEYS */;
UNLOCK TABLES;

--
-- Table structure for table `events_register`
--

DROP TABLE IF EXISTS `events_register`;
/*!40101 SET @saved_cs_client     = @@character_set_client */;
/*!50503 SET character_set_client = utf8mb4 */;
CREATE TABLE `events_register` (
  `register_id` int NOT NULL AUTO_INCREMENT,
  `event_id` varchar(20) DEFAULT NULL,
  `firstname` varchar(30) NOT NULL,
  `lastname` varchar(30) NOT NULL,
  `email` varchar(100) NOT NULL,
  `title` varchar(50) DEFAULT NULL,
  `profession` varchar(100) DEFAULT NULL,
  `org` varchar(100) DEFAULT NULL,
  `country` varchar(10) DEFAULT NULL,
  `tlf` varchar(20) DEFAULT NULL,
  `motives` text,
  `time_register` datetime DEFAULT CURRENT_TIMESTAMP,
  `id` varchar(50) DEFAULT NULL,
  PRIMARY KEY (`register_id`)
) ENGINE=InnoDB AUTO_INCREMENT=1056 DEFAULT CHARSET=utf8mb3;
/*!40101 SET character_set_client = @saved_cs_client */;

--
-- Dumping data for table `events_register`
--

LOCK TABLES `events_register` WRITE;
/*!40000 ALTER TABLE `events_register` DISABLE KEYS */;
INSERT INTO `events_register` VALUES (1,'10MAYO','Raúl','Villalta','raulvillalta@gmail.com','licenciado','Físico Médico','Hosp. Domingo Luciani','VE','4122949106','Aorendizaje',NULL,NULL),(2,'26ABRIL','Luis Alfonso','Menéndez','luis.menendez1990@gmail.com','Titulo',NULL,'',NULL,'78406607','Estoy interesado en cuanto al tema debido que hasta el momento no había escuchado nada sobre derecho nuclear',NULL,NULL),(3,'26ABRIL','Raul','Recinos','raul.recinossierr@gmail.com','Lic. En producción de imágenes diagnósticas',NULL,'Centro médico zacapa',NULL,'3022-8830','',NULL,NULL),(4,'26ABRIL','Elizabeth','Rivera','liz.rivera2010@gmail.com','Maestría',NULL,'IGSS',NULL,'57044445','Conocimiento de todas las variables soy EPR',NULL,NULL),(5,'26ABRIL','Gabriela','Valencia Aguilera','gvvalencia-es@udabol.edu.bo','Magister en Derecho Constitucional',NULL,'Autoridad de Electricidad y Tecnología Nuclear',NULL,'71264184','Por el área en el que trabajo, tengo la necesidad de adquirir y fortalecer mis conocimientos en el area',NULL,NULL),(6,'26ABRIL','Angie Ximena','Lamprea Yara','Axlamprea@fucsalud.edu.co','Estudiante',NULL,'Fundación universitaria de Ciencias de la Salud FUCS',NULL,'3024203026','Nuevos conocimientos',NULL,NULL),(7,'26ABRIL','Allison Noelia','TAPIA','allisonarchi@gmail.com','Liceniatura',NULL,'Aben',NULL,'+591 60735991','',NULL,NULL),(8,'26ABRIL','Marthagraciela','Rodríguez maya','marthagracielarodriguezmaya@gmail.com','Doctora',NULL,'Particular',NULL,'56 6365 0839','Asunto relevante',NULL,NULL),(9,'26ABRIL','Liz','Peña Franco','lapf23@gmail.com','Lcda',NULL,'FACEN',NULL,'+595984962699','',NULL,NULL),(10,'10MAYO','Daniel','Canjura','dokanjura@gmail.com','licenciado','Radiología','ISSS','SV','78224030','Educación continua',NULL,NULL),(11,'10MAYO','PAOLA','ANDREA CONDORI YAVE','yave.paola021@gmail.com','licenciado','Iamgenologa','Hospital SAN ANDRES','BO','75705906','',NULL,NULL),(12,'10MAYO','Juan R.','Cruz Castaños','fisiokinecruz@gmail.com','licenciado','Rdiolologo','Hospital 9 de abril','BO','62350025','Conocer más detalles',NULL,NULL),(13,'10MAYO','Chory','Heredia matos','Herediamatos268@gmail.com','licenciado','Imagen médicas','Uasd','DO','8294759733','Para mi actualización como profesional',NULL,NULL),(14,'10MAYO','Jerry','Rivera Barco','jerryriverabarco10@gmail.com','otro','Fisico médico','Oncorad','PE','949719473','Información',NULL,NULL),(15,'10MAYO','Blanca','Mereles','bgmereles@gmail.com','licenciado','Físico medico','Universidad Nacional de Asunción','PY','982889051','Adquirir conocimientos \r\nVer criterios de países extranjeros',NULL,NULL),(16,'10MAYO','Dario','Bustos','dariobustosconcordia@gmail.com','tecnico','Técnico Radiólogo','Hospital Felipe Heras','AR','3454186685','Actualización y formación profesional',NULL,NULL),(17,'10MAYO','Mildref','Mora','mnmnphdeducacion2024@gmail.com','magister','Físico medico','HCU Dr Antonio María Pineda','VE','4245217912','',NULL,NULL),(18,'10MAYO','Roger','Portillo','Rportill77@yahoo.es','especialista','Físico médico','Minsa','NI','88064405','Actualización',NULL,NULL),(19,'10MAYO','Jean','Teodoro','fis_jean@yahoo.com.br','especialista','Físico','UOA-ACCG','otro','62984465929','Aprimoramento',NULL,NULL),(20,'10MAYO','Ricardo','Anglada','Ranglada@cne.gob.do','tecnico','Sector regulatoria gubernamental','Comisión Nacional de Energía de la República Dominicana','DO','8094056696','Me itnereza hacer un Msc en Físico Médica.',NULL,NULL),(21,'10MAYO','Celso luis','Melgarejo Arevalos','melgarejo356@gmail.com','licenciado','Lic en Radiología','Instituto de Previsión Social','PY','991313455','Uno nunca termina de aprender',NULL,NULL),(22,'10MAYO','Francisco Javier','Hernández Flores','franciscohernandez_f2010@hotmail.com','magister','Fisica Medica','Minsa','NI','83969681','Educación continua',NULL,NULL),(23,'10MAYO','Yamil','Alí Cruz','yac69.13@gmail.com','licenciado','Licenciado en Bio-Imagenología','GAMS','BO','77133334','Crecimiento profesional.',NULL,NULL),(24,'10MAYO','Estefanía Katherine Freire','Navas','sthefyfreire@gmail.com','otro','Biofísica','Hospital general privado DURÁN','EC','+59395158806','Me gustaría obtener más conocimiento',NULL,NULL),(25,'10MAYO','César Augusto López','Zapeta','dxcesarlopez1945@gmail.com','tecnico','Tecnico Radiologo','Escuela de Radiologia','GT','55415055','Me interesa para estar al dia sobre TEMAS RELACIONADOS A PROTECCION RADIOLOGICA, SOY DOCENTE PARA TECNICO',NULL,NULL),(26,'10MAYO','Yldrin Mariel','Rojas','yldrinrojas@gmail.com','licenciado','Radiologa','Radiodontica','PY','0991800060','Capacitación',NULL,NULL),(27,'26ABRIL','Katherine Gabriela','Garcia Lagod','Abogkatherinelagos585@gmail.com','Abogada',NULL,'SECRETARIA DE ENERGIA',NULL,'3243-9617','Me gusta tener conocimiento de diferentes áreas.',NULL,NULL),(28,'10MAYO','Ilda','Chica','ildachica@yahoo.es','magister','Ing Quimico','MEM','EC','0967738788','',NULL,NULL),(29,'26ABRIL','laura','Pimentel','pimentellaura48@gmail.com','Licenciatura en ciencias jurodicas',NULL,'Litigante',NULL,'70030941','Conocimiento',NULL,NULL),(30,'10MAYO','Rosio Galvez','Vasquez','rosi_gv@hotmail.com','licenciado','Tecnologo Médico','Hospital Arzobispo Loayza','PE','972575220','','2025-04-26 00:24:15',NULL),(31,'10MAYO','Maryory','Ramos Gómez','medic.hokage@hotmail.com','licenciado','Tecnólogo médico','Iren centro','PE','926216575','Estudiante física médica','2025-04-26 03:15:59',NULL),(32,'10MAYO','Cristian','Pajaro','ccpajaro@fucsalud.edu.co','otro','Estudiante','FUCS','CO','+57 3105505394','Me gustaría saber más acerca de modalidad de radioterapia ya que esta rama me gusta','2025-04-26 17:50:08',NULL),(33,'10MAYO','Cecilia','Alfaro','ceciliaalfaro536@gmail.com','especialista','Física médica','Unime','SV','60022476','Interes','2025-04-26 19:26:19',NULL),(34,'IHB5M','Celina Lisbeth','Solis Ramos','Celinalisramos@gmail.com',NULL,NULL,NULL,NULL,NULL,NULL,'2025-04-27 23:40:24',NULL),(35,'IHB5M','MELIDA DOLORES','RODRIGUEZ ESPAÑA','meli_rzespana@hotmail.com',NULL,NULL,NULL,NULL,NULL,NULL,'2025-04-27 23:40:24',NULL),(36,'IHB5M','Lucía Margarita','Rodríguez Rodríguez','luciamargaritarodriguez056@gmail.com',NULL,NULL,NULL,NULL,NULL,NULL,'2025-04-27 23:40:24',NULL),(37,'IHB5M','Michael','Chavez','michael.chavez180@gmail.com',NULL,NULL,NULL,NULL,NULL,NULL,'2025-04-27 23:40:24',NULL),(38,'IHB5M','German David','Alfaro Olmedo','davalme88@gmail.com',NULL,NULL,NULL,NULL,NULL,NULL,'2025-04-27 23:40:24',NULL),(39,'IHB5M','Karla Lissette','Córdova','karla_liss2203@hotmail.com',NULL,NULL,NULL,NULL,NULL,NULL,'2025-04-27 23:40:24',NULL),(40,'IHB5M','Allison','Muñoz','weritacortez@gmail.com',NULL,NULL,NULL,NULL,NULL,NULL,'2025-04-27 23:40:24',NULL),(41,'IHB5M','Julissa Stefanie','Gallegos Amaya','jgallegos.1000@gmail.com',NULL,NULL,NULL,NULL,NULL,NULL,'2025-04-27 23:40:24',NULL),(42,'IHB5M','DOUGLAS ALEXANDER','MARTINEZ SORTO','dr_sorto@hotmail.com',NULL,NULL,NULL,NULL,NULL,NULL,'2025-04-27 23:40:24',NULL),(43,'IHB5M','Ricardo','Rojas','rojasbenjamin33@gmail.com',NULL,NULL,NULL,NULL,NULL,NULL,'2025-04-27 23:40:24',NULL),(44,'IHB5M','Enny Carolina','Ariza García','ecariza@gammahealthsa.com',NULL,NULL,NULL,NULL,NULL,NULL,'2025-04-27 23:40:24',NULL),(45,'IHB5M','Christian Erick','Garcia Castellon','cegarcia@gammahealthsa.com',NULL,NULL,NULL,NULL,NULL,NULL,'2025-04-27 23:40:24',NULL),(47,'IHB5M','Brenda Carolina','Landaverde Perez','brendacarolina2006@hotmail.com',NULL,NULL,NULL,NULL,NULL,NULL,'2025-04-27 23:40:24',NULL),(48,'IHB5M','Diana','Carranza','dimaricarranza@gmail.com',NULL,'Enfermera','Clínica privada',NULL,'7831 5865','Por tener conocimientos sobre el área','2025-04-28 01:18:59','018366541'),(49,'IHB5M','Fátima Mabel','Villalta Ramos','fvillalta97@gmail.com',NULL,'Médico turnista','MINSAL',NULL,'75278983','Educación','2025-04-28 01:28:49','05473744-7'),(50,'IHB5M','Germán david','Alfaro peña','Asprelsalvador@gmail.com',NULL,'Médico','Ministerio de salud',NULL,'60246225','Aprender sobre protección radiologica','2025-04-28 01:38:07','De El Salvador'),(51,'TEST','Narda Elizabeth','Alvarado Rivas','elizabethrivas169@hotmail.com',NULL,'Radiología','Clínica comunal la esperanza',NULL,'72483973','Amplificador conocimientos','2025-04-28 02:33:29','02694619-3'),(52,'IHB5M','Cecilia','Alfaro','ceciliaalfaro536@gmail.com',NULL,'Medico','Unime',NULL,'60022476','Interes','2025-04-28 17:45:25','03608431-7'),(53,'IHB5M','Carlos anubis','Jovel melendez','Anubisjovelrx@gmail.com',NULL,'Lic radiologia','Iss',NULL,'78878419','Interes','2025-04-28 17:49:59','01335645-2'),(54,'IHB5M','Glenda Aracely','Montiel Flores','aracely.montiel022@gmail.com',NULL,'Médico residente','Fosalud',NULL,'6439-8956','Gracias por la oportunidad,  para aprender nuevos conocimientos y enseñanza para mi crecimiento personal y profesional','2025-04-28 18:04:47','014-24'),(55,'10MAYO','Dheymar luis','Gonzales Rodriguez','dheymar72@gmail.com','licenciado','Bio inagenologo','Clinica san agustin','BO','65425242','Me interesa mucho todos los temas referentes a mi area','2025-04-29 00:06:26',NULL),(56,'IHB5M','Xiomara Lisette','Guzmán Ayala','lissette_guzman1994@hotmail.com',NULL,'Licenciada en Enfermeria','U. M. ISSS Santiago de Maria',NULL,'69739492','','2025-04-29 11:02:04','0503-68848'),(57,'10MAYO','Danny','Pasijojoa','goyesdany0@gmail.com','tecnico','Tecnólogo en Radioterapia','Hospital universitario del valle','CO','3176408147','','2025-04-29 21:42:51',NULL),(59,'IHB5M','German David','Alfaro peña','germanalfaro1954@gmail.com',NULL,'Doctor en medicina','Ministerio de salud pública',NULL,'72983721','Actualización de conocimientos','2025-05-01 16:09:38','02042525-4'),(60,'IHB5M','Merlyn','Cruz','cruzlozano.merlyn@gmail.com',NULL,'Medico','Hospital de ilobasco',NULL,'7459 5777','Enriquecer el aprendizaje y ponerle en práctica','2025-05-01 19:04:32','DUI'),(61,'IHB5M','Natalua','Urquilla','urquillanatalia162@gmail.com',NULL,'Lic en radiología e imágenes','Clinica de imagenes diagnosticas apopa',NULL,'71178797','Me gusta aprender sobre protección rqdiologica','2025-05-01 19:28:43','05834702-4'),(62,'IHB5M','Josue Israel','Ventura Ayala','Venturaj064@gmail.com',NULL,'Licenciatura en Radiologia','Hospital nacional San Juan de Dios',NULL,'76509985','Fomentar nuevos aprendizajes','2025-05-01 19:32:15','04874763-8'),(63,'IHB5M','Fátima','Chinchilla','fatima.chinchilla@isbm.gob.sv',NULL,'Médico','ISBM',NULL,'76813954','Conocimiento','2025-05-01 19:40:06','DUI'),(64,'IHB5M','Carlos Daniel','López Portillo','dl4401531@gmail.com',NULL,'Licenciado en Radiología e Imágenes','Centro Nacial de Radioterapia',NULL,'70975317','Poder ampliar mi conocimiento.','2025-05-01 19:40:47','06201357-2'),(65,'IHB5M','Allison Verenice','Hernández Martínez','martinezverenice6@gmail.com',NULL,'Licenciada en Radiología e imágenes','Hospital Nacional Santa Gertrudis',NULL,'7531 4583','Continuar con el enriquecimiento del conocimiento Radiológico, adquiriendo nueva información que pueda ayudarme a llegar al éxito profesional.','2025-05-01 19:42:41','06198368-5'),(66,'IHB5M','Simoni Marielos','Hernández Mendoza','marielos12517aquino@gmail.com',NULL,'Licda. En Radiología e Imágenes','Hospital Nacional de Sonsonate Dr. Jorge Mazzini Villacorta',NULL,'76962475','Conocer más sobre protección radiologíca para evitar riesgos como trabajadora.','2025-05-01 20:24:45','02289481-5'),(67,'IHB5M','Gabriela Isabel','García Pérez','Isabelgarciap00@gmail.com',NULL,'Licenciatura en Radiología e Imagen','Hospital Nacional de Sonsonate Dr Jorge Mazzini Villacorta',NULL,'74135494','Obtener mayor conocimiento','2025-05-01 20:30:37','06155355-3'),(68,'IHB5M','Luis Osmar','Espinoza Ramos','osmar218914@gmail.com',NULL,'Licenciatura en Radiología  e imágenes','Hospital Nacional de Ilobasco',NULL,'7133-6065','Para obtener un mejor conocimiento y aprendizaje en referencia a la protección radiológica.','2025-05-01 20:38:49','Luis Osmar Espinoza Ramos'),(69,'IHB5M','Gloria Apolonia','Palacios Recinos','soicalap27@gmail.com',NULL,'Medico','Hospital neumologico saldaña',NULL,'75039743','Creo que es de gran importancia la prevención de radiación a los pacientes sy personal de salud que manipula estos equipos','2025-05-01 20:44:24','03658943-0'),(70,'IHB5M','Doris Elena','Abrego Rivera','doris_abrego@hotmail.com',NULL,'Licenciada en  Radiología e Imagenes','Radiología',NULL,'7145-3672','Para adquirir nuevos conocidos','2025-05-01 20:52:41','DUI'),(71,'IHB5M','Oscar Armando','Henriquez','patriciohenriquez19@gmail.com',NULL,'Licenciado en Radiología e Imágenes','Licenciado en Radiología e Imágenes',NULL,'73423478','Reforzar conocimientos de protección radiológica y poder aplicarlos en el día a día laboral','2025-05-01 21:50:22','03604980-4'),(72,'IHB5M','Giselle Abigail','Orellana Anzora','giselleanzora104@gmail.com',NULL,'Licda. En Radiología e imágenes','Hospital Nacional de Sensuntepeque, cabañas',NULL,'75186080','Me interesa la información para refrescar conocimiento y saber sobre la protección radiologíca porque en esa área me desempeño','2025-05-01 22:57:27','Dui'),(73,'IHB5M','Victor Manuel','Durán Castillo','manuelduran291166@gmail.com',NULL,'Tec en Radiologia','Hospital nacional de ilobasco',NULL,'71368018','Quiero obtener más conocimiento sobre el tema','2025-05-01 22:58:46','Imagenologia'),(74,'IHB5M','Jeymi Elizabeth','Hernandez Leon','Jeymihernandez121@gmail.com',NULL,'Licenciatura en Radiología e Imágenes','Hospital Nacional De Ilobasco',NULL,'60341174','Me interesa puesto que puedo aplicar los conocimientos abquiridos para la práctica diaria en mi jornada laboral','2025-05-01 23:17:27','Dui'),(75,'IHB5M','Marlon Ernesto','Hernández Escobar','madoxsak@gmail.com',NULL,'Lic en radiología e imágenes','Radiología',NULL,'70154281','Conocer más sobre los métodos de protección radiologica','2025-05-01 23:23:45','DUI'),(77,'IHB5M','Marcela','Solórzano','Marcesolorzano@hotmail.com','doctor','Medico','Liga contra el cancer','SV','7921-9602','Trabajo con pacientes que reciben radioterapia y cobaltoterapia','2025-05-04 02:34:46',NULL),(78,'IHB5M','Ingrid Lisseth','Villatoro','lissethvillatoro680@gmail.com','licenciado','Radiología e imágenes','Hospital nacional santa Gertrudis San Vicente','SV','78083456','Aprender','2025-05-04 16:16:55',NULL),(79,'IHB5M','Yanira Guadalupe','Cárcamo Reyes','unikotrece@hotmail.com','licenciado','Licenciada en Radiología e Imagenes','Hospital Nacional Santa Gertrudis de San Vicente','SV','79429828','Obtener mayor conocimiento sobre la temática y aplicarla a la práctica laboral','2025-05-04 16:19:35',NULL),(80,'IHB5M','Maria de los Ángeles','Sánchez Olmedo','Mary.angell8538@gmail.com','licenciado','Enfermera de servicios especializados sala de operaciones','ISSS General','SV','78636763','Interés de conocer acerca de la Protección Radiológica','2025-05-04 22:30:52',NULL),(81,'IHB5M','Hilda Elisseth','Palacios Elizondo','elissethpalacioso5@gmail.com','doctor','Doctor en medicina','Hospital Privado','SV','7885 9282','Adquirir conocimiento','2025-05-04 23:43:10',NULL),(82,'IHB5M','Gerson Fernando','Díaz Santacruz','diaz8581@gmail.com','licenciado','Radiología e imágenes','Hospital Francisco Menéndez','SV','61387708','Aprender sobre protección radiológica','2025-05-05 14:14:08',NULL),(83,'IHB5M','Estefany Carolina','Armijo Cortez','Fanykarmijo@gmail.com','licenciado','Radiologia e Imágenes','Hospital Nacional Francisco Menéndez Ahuachapán','SV','78892083','Saber más acerca de este tema','2025-05-05 14:16:55',NULL),(84,'IHB5M','Johana Beatriz','Albanes de Bolaños','johanaalbanes17@gmail.com','licenciado','Lic en Radiología','Minsal','SV','79522609','Aplicar la protección Radiológica en mi trabajo y abrir puertas a trabajo','2025-05-05 14:40:29',NULL),(85,'IHB5M','Billy Alsamendi','Guzmán Ramos','billyguzman1286@gmail.com','licenciado','Radiologia e Imágenes','Minsal','SV','6068 3323','Oportunidad de aprendizaje que veneficiara y ayudara en mi carrera','2025-05-05 14:44:45',NULL),(86,'IHB5M','Katherine Dalila','Marroquín Sanabria','kdsanabria98@gmail.com','licenciado','Radiología e imágenes','Hospital Nacional Francisco Menéndez de Ahuachapán','SV','71867350','Conocer más sobre los efectos causados por la radiación a largo y corto plazo','2025-05-05 14:49:08',NULL),(87,'IHB5M','Gisel','Valencia','valenciagisel16@gmail.com','licenciado','Radiologia e Imagenes','Hospital Francisco Menendez Ahuachapan','SV','70892387','Aprender mas sobre la proteccion radiologica','2025-05-05 14:50:12',NULL),(88,'IHB5M','Jeniffer Guadalupe','Galvez Ramirez','lujen_94gr@outlook.com','licenciado','Licenciatura en Radiología e Imágenes','Hospital Paravida','SV','75561667','Conocimiento Continuo','2025-05-05 14:57:32',NULL),(89,'10MAYO','ricardo','anglada','ricardo_ak@outlook.com','tecnico','Ingeniería Quimica','Comisión Nacional de Energía República Dominicana','DO','8094056696','Trabajo en una autoridad reguladora y me gustaría enfocar mi vocación en la medicina nuclear.','2025-05-09 23:12:23',NULL),(91,'31MAYO','William Antonio','Aristizabal Loaiza','kelgaras@outlook.com','otro','Tecnólogo en radiología','Cardio','CO','3024322230','Expandir conocimiento','2025-05-10 18:25:01',NULL),(92,'31MAYO','Jessica','Gonzalez','jkg24en@hotmail.com','licenciado','Rx','Cbrt','SV','77477722','Ampliar conocimiento','2025-05-14 21:07:22',NULL),(93,'31MAYO','Glenda Aracely','Montiel Flores','aracely.montiel022@gmail.com','doctor','Doctora en Medicina','Fosalud','SV','6439-8956','Adquirir conocimientos, para poder ponerlos en práctica como especialista','2025-05-15 14:37:12',NULL),(94,'31MAYO','Iris anayanci','Hernández','yancidepalacios17@gmail.com','licenciado','Fioterapeuta','Independiente','SV','71921243','Conocimientos ñ','2025-05-16 03:36:07',NULL),(95,'31MAYO','Diana Marilu','Carranza de Portillo','dimaricarranza@gmail.com','tecnico','Enfermería','Privado','SV','78315865','Para aumentar mis conocimientos sobre esta área.','2025-05-16 03:47:46',NULL),(96,'31MAYO','Fátima','Villalta','fvillalta97@gmail.com','doctor','Médico turnista','MINSAL','SV','75278983','Educación','2025-05-16 04:00:02',NULL),(97,'IHB5M','Juan Agustín','Díaz Urbina','Juandiaz1983@gmail.com',NULL,NULL,NULL,NULL,NULL,NULL,'2025-05-16 23:26:18',NULL),(98,'31MAYO','Cristian camilo','Pajaro donado','ccpajaro@fucsalud.edu.co','otro','Estudiante','FUCS','CO','3105505394','Me gustaría saber más sobre el área de radioterapia y como es el rol del medico','2025-05-17 02:31:34',NULL),(99,'31MAYO','Jeison Esteban','Peña Díaz','Jeison.brs.98@gmail.com','tecnico','Tecnólogo en radiología e imágenes diagnósticas','Clínica Casanare de yopal','CO','3102598368','','2025-05-17 10:22:30',NULL),(100,'31MAYO','German David','Alfaro peña','germanalfaro1954@gmail.com','doctor','Médico','Ministerio de salud pública','SV','75321510','Actualización de conocimientos','2025-05-17 20:53:03',NULL),(101,'31MAYO','Carol Lizeth','Bautista Rodríguez','clbautista@fucsalud.edu.co','otro','Tegnologo en radiología e imágenes diagnósticas','Fucs','CO','3123113818','Ampliar conocimientos','2025-05-18 06:56:34',NULL),(103,'31MAYO','Guido','Rincon','guidorin22@gmail.com','doctor','PROFESOR UNIVERSITARIO','UNIVERSIDAD INDUSTRIAL DE SANTANDER','CO','3204741611','Actualizaciones, posibles redes de investigacion o grupos de interes','2025-05-18 21:19:48',NULL),(104,'31MAYO','Jennifer','Pasos Martinez','Jennpasos93@gmail.com','especialista','Físico médico','Hospital militar','NI','89954375','Soy encargado de protección radiológica y en mi hospital estamos recién abriendo radioterapia y me gustaría conocer más sobre esta aplicación','2025-05-18 21:52:12',NULL),(105,'31MAYO','Erika','Chisag','erifernanda.osr@hotmail.com','otro','biofísica','bioimagenes lab','EC','969003691','trabajo como oficial de seguridad radiológica','2025-05-18 22:02:53',NULL),(106,'31MAYO','José Oswaldo','Abad Ovalle','joseoswaldo.abadovalle@gmail.com','licenciado','Física','Auna','PE','969 680 964','Incrementar conocimiento','2025-05-18 22:30:23',NULL),(107,'31MAYO','Maria Angélica','Jiménez Pingo','angi301185@gmail.com','otro','Estudiante de radiología','Hospital nstra sra las Mercedes','PE','914799487','','2025-05-18 22:59:13',NULL),(108,'31MAYO','Pedro','Cortez','tezcotoberal@gmail.com','doctor','DOSIMETRÍSTA','Instituto Oncológico Nacional','BO','72278002','Responsable de protección radiológica','2025-05-18 23:00:05',NULL),(109,'31MAYO','Celso','Melgarejo','melgarejo356@gmail.com','licenciado','Radiologo','Instituto nacional de cardiología','PY','+595991313455','La importancia del aprendizaje constante','2025-05-19 00:07:19',NULL),(110,'31MAYO','Magda','Montaña','mmontana954@gmail.com','otro','Tecnologo','Idime','CO','3138619842','Laboró como tecnóloga y oficial de protección radiológica en un servicio de medicina nuclear','2025-05-19 01:34:47',NULL),(112,'31MAYO','Ilda','Chica','ildachica@yahoo.es','magister','Ing Quimico','MEM','EC','0967738788','','2025-05-19 03:04:55',NULL),(113,'31MAYO','José Alexander','Leal Lopez','leal.josealex@gmail.com','magister','Físico Médico','DEA','VE','584160582474','','2025-05-19 10:09:41',NULL),(114,'31MAYO','Marcos','Torres','marcostorres220695@gmail.com','otro','Ingeniero Geofísico','Dirección de Energía Atómica. Ministerio de Ciencia y Tecnología','VE','4141296187','','2025-05-19 10:16:15',NULL),(115,'31MAYO','Yaurima','Gómez','yaurima.gomez@gmail.com','licenciado','Ing. Procesos Químicos','Dirección de Energía Atómica - Mincyt','VE','04142371653','Aprendizaje profesional','2025-05-19 15:44:29',NULL),(116,'7JUNIOTOE','William Antonio','Aristizabal Loaiza','kelgaras@outlook.com','otro','Tecnólogo en radiología','Cardio','CO','3024322230','Actualización en conocimientos','2025-05-19 18:15:28',NULL),(117,'7JUNIOTOE','Maurice José','González Basulto','mauricejgb1985@gmail.com','doctor','Profesor Universitario','Ministerio de educación superior','CU','52040116','Profundización en aspectos de interrelación de radioterapia con otras especialidades','2025-05-19 20:05:21',NULL),(118,'7JUNIOTOE','Cristofer Hamilton','Barrios Villagran','cristoferbarrios20@gmail.com','tecnico','Tecnico en radiologuia','Instituto Guatemalteco de Seguridad Social IGSS','GT','59542898','Actualizacion de lecencia','2025-05-19 20:31:50',NULL),(119,'7JUNIOTOE','Stanley','Santos Sanchez','stanley.ruben.2013@gmail.com','tecnico','TECNICO EN RADIOLOGIA','SANATORIO','GT','55573724','PARA LA RENOVACION DE LICENCIA DE OPERADOR DE RAYOS X DE DIAGNOSTICO MEDICO','2025-05-19 20:37:15',NULL),(120,'7JUNIOTOE','Luis','Mejía','luigimejia1@gmail.com','licenciado','Veterinario','Veterinaria Petcétera','GT','58020379','Imagenología','2025-05-19 20:45:21',NULL),(121,'7JUNIOTOE','Adrian','Cano','ciriusnords@hotmail.com','otro','Dependiente de veterinaria','Petcetera','GT','55645994','Imageniologia','2025-05-19 20:48:48',NULL),(122,'7JUNIOTOE','Enny Carolina','Ariza García','ecariza@gammahealthsa.com','especialista','Bacterióloga','Gammahealth SA de CV','SV','+57 320 3053101','Actualización permanente en protección radiológica','2025-05-19 20:54:19',NULL),(123,'7JUNIOTOE','Raul Jose','Recinos Sierra','raul.recinossierr@gmail.com','tecnico','Radiologo','Centro Medico Zacapa','GT','3022-8830','Renovar licencia','2025-05-19 20:55:02',NULL),(124,'7JUNIOTOE','Christian Erick','García Castellón','cegarcia@gammahealthsa.com','especialista','Médico nuclear','Gammahealth S A de C V','CO','3016226035','Actualización continua','2025-05-19 21:15:28',NULL),(125,'7JUNIOTOE','Richard','Esteban','restebantmrx@gmail.com','licenciado','Tecnólogo Médico','Iren centro','PE','965 728 540','','2025-05-19 21:48:13',NULL),(126,'7JUNIOTOE','Ivan','Castillo Alcantara','castilloivan@msn.com','otro','Ingeniero','CMR','MX','5548576152','Para tener más conocimiento y precauciones en el manejo de áreas de RayosX','2025-05-19 21:54:22',NULL),(127,'7JUNIOTOE','Jeison Esteban','Peña Diaz','Jeison.brs.98@gmail.com','tecnico','Docente universitario, tecnólogo en radiología e imágenes diagnósticas','FUCS - Clinica Casanare','CO','3102598368','Capacitación continua','2025-05-19 22:04:49',NULL),(128,'31MAYO','Juan Manuel','Moraes','Juanmoraes53@gmail.com','licenciado','Imagenologgia','Hosp Maciel-Civa SA','UY','99402896','Interés en novedades de radioproteccion.','2025-05-19 22:07:22',NULL),(129,'7JUNIOTOE','César Augusto López','Zapeta','dxcesarlopez1945@gmail.com','tecnico','Tecnico en radiologia','Centro de radiologia de occidente','GT','55415055','Actualizarme y prepararme para renovar mi licencia','2025-05-19 22:22:44',NULL),(130,'7JUNIOTOE','José Andrés','Morales Barrutia','andrezbarrutia@gmail.com','tecnico','Técnico en Radiología e Imágenes Diagnósticas','Hospital Público','GT','40429350','Requisito de renovación para renovación de licencia.','2025-05-19 22:46:15',NULL),(131,'31MAYO','Lara Cruz','Marleny','marlenylara63@gmail.com','tecnico','Tecnólogo médico en radiologia','Clínica Monteriori','PE','995429032','','2025-05-20 00:56:37',NULL),(132,'7JUNIOTOE','Sandra','Muralles','murallessandra26@gmail.com','tecnico','Tecnico en Radiología','Cruz Roja Guatemalteca','GT','57414721','Renovación Licencia de Operador','2025-05-20 01:13:18',NULL),(133,'31MAYO','Reina Elizabeth','Mejia Alvarado','reinaelizabeth0555@gmail.com','tecnico','Técnico Universitario en Radiologia','Çruz Roja Guatemalteca','GT','54476188','Trámite para realizar Licencia','2025-05-20 01:17:15',NULL),(134,'31MAYO','Daniela','Rodriguez','daniela.r30@yahoo.com','tecnico','Técnica Radióloga y en Terapia Radiante','Hospital','AR','3804772021','','2025-05-20 06:07:18',NULL),(135,'7JUNIOTOE','Yulisa','Villanueva Chavez','yuhaniss501@gmail.com','licenciado','Tecnología médica en radiología','Clínica Jesús del Norte','PE','+51 925232506','Actualización sobre el tema','2025-05-20 06:39:07',NULL),(136,'7JUNIOTOE','Marco Rene','Ponciano Giron','renegold@gmail.com','doctor','Médico y cirujano','MSPAS','GT','59785470','Aprender','2025-05-20 11:27:48',NULL),(137,'7JUNIOTOE','Victor Daniel','Molina Mujica','molivictor17@gmail.com','licenciado','Ingeniero mecánico','Instituto venezolano de investigaciones científicas','VE','04161716138','Me desempeño como operador de dos irradiadores gamma...además de pertenecer al grupo de salvaguardias dentro del reactor nuclear rv-1','2025-05-20 11:32:17',NULL),(138,'7JUNIOTOE','Ana Flor','Pedraza Vargas','ynesa_4@hotmail.com','licenciado','Tecnólogo médico','Centro clínico Sanna','PE','959063832','Profesionales','2025-05-20 12:22:02',NULL),(139,'7JUNIOTOE','Jaime Cristobal','Rivera Agudelo','jaimerivera_26@hotmail.com','licenciado','Licenciado en Radiología e Imagenologia','Ministerio de Salud Pública','EC','0987077694','Actualizar conocimientos dentro del tema de protección radiológica','2025-05-20 12:38:29',NULL),(140,'7JUNIOTOE','Bibiana Aracely','Similox Sut','bibi_simi@live.com','tecnico','Técnico en Radiología e imágenes diagnosticas','Instituto guatemalteco de seguridad social igss','GT','58653189','Para actualizar mi licencia','2025-05-20 17:59:24',NULL),(141,'7JUNIOTOE','Luis Emilio','Marroquín Reyes','emiliomarroquin123@gmail.com','tecnico','Técnico en radiología','Hospital Pedro de Bethancourt','GT','33187934','','2025-05-20 17:59:38',NULL),(142,'7JUNIOTOE','Nery','Flores','Nerya.flores502@gmail.com','tecnico','Técnico en radiología e imágenes diagnósticas','Instituto Guatemalteco de seguridad social','GT','40246071','Para trámite de renovación de licencia de operador','2025-05-20 18:11:21',NULL),(143,'7JUNIOTOE','Victor Josué','Hernández Pérez','Josueantigua2020@gmail.com','tecnico','Técnico Universitario en Radiología e Imágenes Diagnósticas','Hospital Pedro de Bethancourt','GT','30772167','Renovación de Licencia','2025-05-20 18:19:43',NULL),(144,'31MAYO','María Daniela','Rodriguez Bolivar','rodriguezb.mdaniela@gmail.com','otro','ingeniero de petroleo','Dirección de Energía Atómica','VE','4128374274','','2025-05-20 18:52:55',NULL),(145,'7JUNIOTOE','Esmeralda','Juanito Yepes','esmeraldajyu@gmail.com','licenciado','Tecnología médica con especialidad en radiología','Centro de salud putina','PE','958052920','Capacitación continua en el ámbito de protección radiológica','2025-05-20 22:48:40',NULL),(146,'7JUNIOTOE','Homero Josué Álvarez','Fuentes','jossalf83@gmail.com','licenciado','Técnico Radiólogo','SSA','MX','7472210512','Actualizar conocimientos en protección Radiológica','2025-05-20 23:02:55',NULL),(147,'7JUNIOTOE','Giovanni Vicente','Gante Rendon','ggante3@gmail.com','licenciado','RADIOLOGIA','Hospital Alta Especialidad Dr Raymundo Abarca Alarcon','MX','747 109 2443','.','2025-05-20 23:13:14',NULL),(148,'7JUNIOTOE','Luis','Villalta','luisfernandovillaltamanrique@gmail.com','especialista','Ajhaha','Ajjaha','VE','74636271','Jdhajajajaj','2025-05-21 02:13:04',NULL),(149,'7JUNIOTOE','Raul','Villalta','raulvillalta@gmail.com','licenciado','Fisico Medico','Hospital Domingo Luciani','VE','4122949106','','2025-05-21 02:24:03',NULL),(150,'7JUNIOTOE','Julio Augusto','Hernández García','julioaugustohernandezgarcia@gmail.com','tecnico','Tecnico en Radiologia','Hospital Pedro de Bethancourt','GT','34993200','Actualización Licencia de Rx Tipo II','2025-05-21 02:24:58',NULL),(151,'7JUNIOTOE','Gabriela Isabel','García Pérez','Isabelgarciap00@gmail.com','licenciado','Licenciada en Radiología e Imágenes','Hospital Nacional de Sonsonate Dr Jorge Mazzini Villacorta','SV','74135494','Aprender más y formarme mucho mejor como Licenciada','2025-05-21 03:38:00',NULL),(152,'7JUNIOTOE','Doris','Rivera','Doris_abrego@hotmail.com','licenciado','Radiologia','San Vicente','SV','60246225','Aprender mas','2025-05-21 03:39:43',NULL),(153,'7JUNIOTOE','Jhon','Doe','jh9ndoe@borrame.com','doctor','Pruebs','Hosp. Domingo Luciani','SV','584122949106','Prueba','2025-05-21 03:56:53',NULL),(154,'31MAYO','Diana Carolina','Mucha Lopez','dayan12cg45733701@gmail.com','magister','Tecnólogo Médico en Radiología','Instituto Nacional de Salud del Niño Breña','PE','51930446696','','2025-05-21 11:21:53',NULL),(155,'7JUNIOTOE','Urbano','Marroquin Galindo','tecniurba@gmail.com','tecnico','Tecnico en Radiologia','Hospital Pedro de Bethancourt','GT','32688401','Actualizacion licencia Tipo II','2025-05-21 14:05:32',NULL),(156,'7JUNIOTOE','Walter Dario','Cutzal Calel','calelwalterc@gmail.com','tecnico','Tecnico en Radiologia','Hospital Pedro de Bethancourt','GT','33916441','Actualizacio licencia Tipo II','2025-05-21 16:15:42',NULL),(157,'7JUNIOTOE','Juan Miguel','Olalla Pilco','jmiguelolalla@gmail.com','doctor','Físico','Nuclearmed','EC','999706645','Actualización de conocimientos en Diagnóstico Médico','2025-05-21 16:43:17',NULL),(158,'7JUNIOTOE','Anderson','Quinteros','anderquin84@gmail.com','doctor','Médico','UEES','SV','76366273','Cultura general','2025-05-21 17:40:07',NULL),(159,'7JUNIOTOE','Carlos Anubis','Jovel Melendez','anubisjovelrx@gmail.com','licenciado','Lic en Radiologia','ISSS','SV','78878419','Deseo aprender mas de los maestros que van a dictar el tema','2025-05-21 17:55:09',NULL),(160,'7JUNIOTOE','Michael','Chavez','michael.chavez180@gmail.com','otro','Ingeniero Biomedico','MEDICHAVEZ','SV','74131÷59','Seguimiento a los diplomados de protección radiológica','2025-05-22 03:10:05',NULL),(161,'7JUNIOTOE','Jonathan Daniel','Godoy Rivera','jdgr.001@gmail.com','tecnico','Tecnico en radiologia','Santa bertilda','GT','56188818','Actualización','2025-05-22 14:40:49',NULL),(162,'7JUNIOTOE','Norma María','Gómez Ovalle','normamariag23@gmail.com','tecnico','Técnico en Radiología','Cruz Roja Guatemalteca','GT','30255178','Ampliación de conocimientos','2025-05-22 18:36:53',NULL),(163,'7JUNIOTOE','Eunice Abigail','Hernández Cabrera','abigailcabre13@gmail.com','tecnico','Técnico en radiología e imágenes diagnósticas','Hospital de antigua','GT','59131637','Renovación de licencia','2025-05-22 19:37:15',NULL),(164,'7JUNIOTOE','Giselle Abigail','Orellana Anzora','giselleanzora104@gmail.com','licenciado','Licda. En Radiología e imágenes','Hospital Nacional de Sensuntepeque, cabañas','SV','75186080','Para actualizar conocimientos.','2025-05-23 00:50:52',NULL),(165,'7JUNIOTOE','Victor Manuel','Durán Castillo','manuelduran291166@gmail.com','tecnico','Tec en Radiologia','Hospital nacional de ilobasco','SV','71368018','Para,estar actualizado,en lo q es la protección radiologica','2025-05-23 05:04:16',NULL),(166,'7JUNIOTOE','Fátima Mabel','Villalta Ramos','fvillalta97@gmail.com','doctor','Médico','MINSAL','SV','75278983','Educación','2025-05-23 12:12:44',NULL),(167,'31MAYO','Rosselly Petronila','Ramos Chinchay','roselyramosch01@gmail.com','licenciado','Física','Asl servicios multiples','PE','950452611','Soy también estudiante de maestría en física medica y quisiera conocer del rol de médico especialista así como en qué aporta el físico medico en radioterapia','2025-05-23 17:34:00',NULL),(168,'7JUNIOTOE','Yanira Guadalupe','Cárcamo Reyes','unikotrece@hotmail.com','licenciado','Licenciada en Radiología e Imagenes','Hospital Nacional Santa Gertrudis de San Vicente','SV','79429828','Actualización de conocimientos sobre protección radiologica','2025-05-23 17:53:20',NULL),(169,'7JUNIOTOE','Ingrid Lisseth','Villatoro Meléndez','lissethvillatoro680@gmail.com','licenciado','Radiología e imágenes','Hospital nacional santa Gertrudis San Vicente','SV','78083456','Expandir conocimiento','2025-05-23 17:56:46',NULL),(170,'7JUNIOTOE','Kevin Rudel','López','13002620@galileo.edu','tecnico','Técnico en Radiología e imágenes diagnósticas','Centro Medico militar','GT','33010217','Actualización en protección y ampliación de conocimientos.','2025-05-25 05:16:06',NULL),(171,'7JUNIOTOE','Ruben Ismael','Perez','rubenismaelperez741@gmail.com','tecnico','Técnico de rayos x','Hospital esperanza','GT','58176157','Actualización','2025-05-26 18:58:36',NULL),(172,'7JUNIOTOE','Yasmin Ivette','Monge Quijano','yasminmonge09@gmail.com','licenciado','Enfermera','Hospital nacional de chalatenango','SV','69574752','','2025-05-26 19:31:56',NULL),(173,'7JUNIOTOE','Jose Alfredo','Soriano Vaquerano','jose.soriano@accesa.com.sv','otro','Ingeniero','ACCESA','SV','78559900','Solamente por que soy el VP, chis','2025-05-26 20:39:11',NULL),(174,'7JUNIOTOE','Noé Francisco','Aguirre Zepeda','noe.aguirre@cepa.gob.sv','licenciado','Administrador de Empresas','Comisión Ejecutiva Portuaria Autónoma','SV','25371407','En razón de los riesgos laborales derivados del uso de los equipos de escaneo de equipajes que emiten cierto nivel de radiación.','2025-05-26 20:59:36',NULL),(175,'7JUNIOTOE','Rossana','Herrera','rossherr10@gmail.com','doctor','Medico','Clinica Vilá','SV','78946256','Ampliar conocimiento','2025-05-27 17:55:59',NULL),(176,'7JUNIOTOE','Ricardo Alexander','Martinez Andres','ricardo.martinez190826@liveusam.edu.sv','otro','Doctorado','Universidad alberto masferrer','SV','78909180','Para expandir el conocimiento','2025-05-27 21:54:48',NULL),(177,'7JUNIOTOE','Gloria Maribel','Andres','gloriandres30@gmail.com','otro','Empleada','Clinica vila','SV','7293 6067','Aprender mas sobre la protección radiológica\r\nY la toma de radiografías panoramicas','2025-05-27 23:40:55',NULL),(178,'7JUNIOTOE','Fernando Gabriel','Olmedo','folmedo@cemenurnk.org.ar','otro','Dosimetrista','CEMENURNK','AR','3704706305','','2025-05-28 11:58:58',NULL),(179,'7JUNIOTOE','Andres De Jesus','Pinto Mazariegos','andrespinto11@hotmail.com','tecnico','Tecnico en Radiologia Diagnostica','Hospital Nacional de Melchor de Mencos Peten','GT','48589896','Actualizacion de Proteccion Radiologiaca para renovacion de la Licencia ante el Ministerio de Energia y Minas','2025-05-29 00:10:08',NULL),(180,'7JUNIOTOE','Angel','Palacios','lapfuentes1604@gmail.com','otro','Estudiante de técnico Radiologo','Multimedica Melchor','GT','33387573','Poder tener mejor aprendizaje de la protección radiológica','2025-05-29 00:28:46',NULL),(181,'7JUNIOTOE','Edgar Gudiel','Salazar Acosta','gudielsalazar@gmail.com','tecnico','Tecnico Radiologo','HOSPITAL NACIONAL DE MELCHOR','GT','502 57817860','Requisitos para actualizarse','2025-05-29 00:31:48',NULL),(182,'7JUNIOTOE','Jacks Wilson','Mamani Abado','Jackwil.m3a@gmail.com','licenciado','Tecnólogo Médico','Minsa','PE','915 378 963','','2025-05-29 02:58:45',NULL),(183,'7JUNIOTOE','Sandra Elizabeth','Castillo Nerio','Sandraelizacastillonerio@gmail.com','tecnico','Enfermera','Enfermera','SV','7468 4443','Soy enfermera.pero estoy encargada  y autorizada de tomar placas dentales panorámicas. Y estoy interesada en actualizarme .','2025-05-29 03:20:32',NULL),(184,'7JUNIOTOE','Elsa Aidé','Barrientos Palma De Aguilar','elsitabarrientos16@gmail.com','tecnico','Tecnico en Radiologia Diagnostica','Hospital Nacional de Melchor de Mencos Peten','GT','47230633','Actualizar la proteccion radiologica para renovar licencia','2025-05-29 03:40:19',NULL),(185,'7JUNIOTOE','Ricardo Antonio','Rosales Yat','rosalesrichar77@gmail.com','tecnico','Técnico en rayos x','Hospital de Melchor de Mencos Petén','GT','58523234','Actualización','2025-05-29 14:31:57',NULL),(186,'7JUNIOTOE','Carlos','Hernandez','chernandez@radioterapia.com.ve','doctor','Medico Radioterapeuta','GURVE','VE','4149039957','Aprendizaje','2025-05-29 15:18:52',NULL),(187,'7JUNIOTOE','Cristian Fernando','Rosales González','rosalescristian6@gmail.com','tecnico','Técnico en Radiología','IGSS','GT','4715-8388','Actualización de licencia','2025-05-29 16:16:03',NULL),(188,'7JUNIOTOE','German Haroldo','Chiquin Icó','chiquin9@gmail.com','tecnico','Tecnico en Radiologia','Igss hospital coban','GT','57008213','Para renovación de licencia de operador','2025-05-29 16:29:36',NULL),(189,'7JUNIOTOE','Aris Marlene','Morales Williams','williamsaris21@gmail.com','tecnico','Técnico en radiología','Hospital regional coban','GT','57101943','Renovación de licencia Rayos X','2025-05-29 16:35:36',NULL),(190,'7JUNIOTOE','Luis Felipe','Ramirez Vicente','luisfeliperamirez35@gmail.com','tecnico','Técnico en Radiología','Clínica multidiagnostico San Carlos','GT','55378163','Actualización sobre protección radiológica','2025-05-29 18:24:46',NULL),(191,'7JUNIOTOE','Claudia Karina','Baeza Vivar','baezavivarkarina@gmail.com','tecnico','Técnico en Radiología  diagnóstico  médico','Hospital Pedro de Bethancourt','GT','51684874','Renovación de licencia  de operador','2025-05-29 18:26:56',NULL),(192,'31MAYO','Dario','Bustos','dariobustosconcordia@gmail.com','tecnico','Técnico Radiólogo','Hospita Heras','AR','3454186685','Sumar herramientas y mantenerme actualizado con colegas','2025-05-29 18:47:25',NULL),(193,'31MAYO','Chory','Heredia Matos','Herediamatos268@gmail.com','licenciado','Imagen médicas','Uasd','DO','8294759733','Actualizarme  y mas conocimiento','2025-05-29 19:02:41',NULL),(194,'31MAYO','Oscar Armando','Henriquez','patriciohenriquez19@gmail.com','licenciado','Licenciado en Radiología e Imágenes','Minsal','SV','73423478','Obtener mayor conocimiento sobre el tema para poder aplicarlo en el día a día de mi profesión','2025-05-29 19:04:14',NULL),(195,'31MAYO','Yldrin','Rojas','yldrinrojas@gmail.com','licenciado','Radiologa','Sanatorio Británico','PY','+595991800060','Ampliar conocimientos','2025-05-29 19:15:59',NULL),(196,'31MAYO','Alicia','Colman','aliciacolman90@gmail.com','licenciado','Radiología e Imagenología','Facultad de Ciencias Exactas y Naturales','PY','+5959982 773613','Ampliar mis conocimientos en áreas de Radioterapia','2025-05-29 19:18:03',NULL),(197,'31MAYO','Maurice José','González Basulto','mauricejgb1985@gmail.com','doctor','Profesor Universitario','Ministerio de educación superior','CU','52040116','','2025-05-29 19:42:15',NULL),(198,'31MAYO','Enny Carolina','Ariza García','ecariza@gammahealthsa.com','magister','Bacterióloga','Gammahealth SA de CV','CO','3203053101','Actualización','2025-05-29 20:46:09',NULL),(199,'31MAYO','Cesar Augusto','López Zapeta','dxcesarlopez1945@gmail.com','tecnico','Tecnico radiologo y psicologo','Escuela nacional de radiologia','GT','55415055','Estar actualizado y recibir mas información importante, yo imparto curso de protección Radiologica','2025-05-30 00:21:23',NULL),(200,'31MAYO','Simoni Marielos','Hernández Mendoza','marielos12517aquino@gmail.com','licenciado','Licda. En Radiología e Imágenes','Hospital Nacional de Sonsonate Dr. Jorge Mazzini Villacorta','SV','76962475','Poner en práctica en mi trabajo','2025-05-30 02:06:25',NULL),(201,'7JUNIOTOE','Luis Arturo','Nuñez Nieves','Arturoparaeltuy@gmail.com','tecnico','Radiólogo','Hospital clínico universitario','VE','4123918548','Expansión del conocimiento.','2025-05-30 02:58:03',NULL),(202,'7JUNIOTOE','Arturo','Martinez Rivas','arturomarti1212@gmail.com','licenciado','Radiologia E imagenes','Servicios medicos san pedro, sociedad anonima de capital variable','SV','78434267','Actualizacion de conocimientos','2025-05-30 03:15:56',NULL),(203,'7JUNIOTOE','Roberto Carlos','Aparicio Guatemala','robertoapariciomp@gmail.com','licenciado','Físico en Radioterapia','Liga Contra el Cáncer de El Salvador','SV','7371 9318','ampliar más conocimientos de Protección Radiológica','2025-05-30 03:19:48',NULL),(204,'7JUNIOTOE','Brandom Miguel','Vazquez Flores','brandom251298@gmail.com','tecnico','Técnico Profesional en Radiología y Radioterapia','Centro Médico Nacional Manuel Avila Camacho','MX','2215709711','Con fines de aprendizaje y capacitación','2025-05-30 04:57:45',NULL),(205,'7JUNIOTOE','Lilian','Brasesco','lilian.brasesco@gmail.com','tecnico','Radiologo','Hospital Británico','UY','598 99569010','Soy RPR del hospital y me interesa estar informada','2025-05-30 09:24:23',NULL),(206,'31MAYO','Liz','Peña Franco','lapf23@gmail.com','licenciado','Imagenólogo','FACEN','PY','0984962699','','2025-05-30 10:33:03',NULL),(207,'31MAYO','Fernando Gabriel','Olmedo','folmedo@cemenurnk.org.ar','otro','Dosimetrista','CEMENURNK','AR','3704706305','','2025-05-30 11:22:21',NULL),(208,'31MAYO','Angie Ximena','Lamprea Yara','Axlamprea@fucsalud.edu.co','tecnico','Tecnóloga en Radiología e imágenes diagnósticas','Fucs','CO','3024203026','Nuevos conocimientos','2025-05-30 14:43:57',NULL),(209,'7JUNIOTOE','Cristian Jesús','Ccanto Najarro','cristianccanto97@gmail.com','otro','Físico Médico','INEN','PE','933834862','Estoy terminando mis prácticas en Radioterapia - Física Médica','2025-05-30 15:41:29',NULL),(210,'7JUNIOTOE','Lizeth Guadalupe','López Linares','lupita300784@hotmail.com','licenciado','Radioterapista','Instituto Salvadoreño del Seguro Social','SV','7128 6294','Actualización de protección radiológica, adquirir nuevos conocimientos','2025-05-30 16:24:03',NULL),(211,'31MAYO','Mildred','Mora','mnmnphdeducacion2024@gmail.com','magister','Física Medica','HCU Dr Antonio María Pineda','VE','4245217912','Actulaizacion','2025-05-30 16:39:40',NULL),(212,'31MAYO','Yohanna','Pérez','yohannamargot.doc@gmail.com','magister','Físico médico','Hospital Central Universitario Dr Antonio María Pineda','VE','04245388673','Ampliar los horizontes académicos laterales','2025-05-30 16:42:53',NULL),(213,'7JUNIOTOE','Francisco Javier','Hernández Flores','franciscohernandez_f2010@hotmail.com','magister','Fisica Medica','Centro Nacional de Radioterapia Nora Astorga','NI','83969681','Actualizacion de conocimientos','2025-05-30 19:48:42',NULL),(214,'7JUNIOTOE','Jennifer Anielka','Pasos Martinez','Jennpasos93@gmail.com','especialista','Físico medico','Hospital militar','NI','+50589954375','Hola me interesa porque soy especialista en protección radiológica y me gusta estar siempre actualizada y aprender más','2025-05-30 19:55:42',NULL),(215,'7JUNIOTOE','Byron','González','bygomon2000@yahoo.com','doctor','Físico','FIXICA QUALITY CONTROL','NI','87954203','Actualización de conocimientos','2025-05-30 19:57:27',NULL),(216,'31MAYO','Dina Lourdes','Alcamari Imata','dina.tmrad19@gmail.com','licenciado','Tecnologia medica','Iren centro','PE','917389907','Temas laborales y ampliar el conocimiento','2025-05-30 20:04:29',NULL),(217,'7JUNIOTOE','Venecia','Calandron','vene_23@hotmail.com','licenciado','Físico medico','UNLP-argentina','AR','2215712397','Capacitación continúa, feedback con colegas compartir perspectivas y conocimiento','2025-05-30 23:41:14',NULL),(218,'7JUNIOTOE','Ofni Otoniel','Aburto Dávila','Otonieldavila737@gmail.com','tecnico','Radioterapista','Centro Nacional de Radioterapia Nora astorga','NI','77919646','Actualizar los conocimientos, seguir aprendiendo y obtener certificación qué acredite el conocimiento','2025-05-31 02:09:48',NULL),(219,'7JUNIOTOE','Leylis Vanessa','Raúdez Gómez','ley.raudez@gmail.com','licenciado','Fisica medica','Hospital Aleman Nicaragüense','NI','8784_7511','En el area de proteccion radiologica. \r\nActualizando conocimientos para garantizar  la calidad del trabajo dia a dia','2025-05-31 02:45:25',NULL),(220,'7JUNIOTOE','Carmen','Aquino Francisco','aquinofranciscocarmen@gmail.com','licenciado','Bioimagenes','Hospital Universitario Dr.luis Morillo King','DO','8492632235','Seguir avanzando en mi carrera, para ofrecer a los pacientes todos mis conocimientos','2025-05-31 04:26:00',NULL),(221,'7JUNIOTOE','José Abel','Díaz Fernández','Abelfernan1997@gmail.com','tecnico','Imágenes médicas','Hospital Luis Manuel Morillo king','DO','8299593538','Me encanta estar a la vanguardia con mis conocimientos sobre mi área de trabajo','2025-05-31 04:29:42',NULL),(222,'7JUNIOTOE','Miguel Angel','Torrez Almaraz','migueltorrezalmaraz@gmail.com','licenciado','Bioimagenologo','Cns','BO','72070181','Actualizarme','2025-05-31 04:59:24',NULL),(223,'7JUNIOTOE','Fredy','Félix Purilla','fredyaries@hotmail.es','licenciado','Tecnólogo Médico en Radiología','Hospital Regional de Ica','PE','969695570','Ampliar mis conocimientos','2025-05-31 05:00:50',NULL),(224,'7JUNIOTOE','Fernando Javier','García Sánchez','fer1310@hotmail.com','licenciado','Físico Médico','Centro Estatal de Oncología \"Dr. Ernesto Rivera Claisse\"','MX','6441925324','Un amplio interés en conocer avances o actualización referente a seguridad radiológica ya que laboro en esa área','2025-05-31 05:09:04',NULL),(225,'7JUNIOTOE','Allison','Tapia','allisonarchi@gmail.com','licenciado','ING. Quimica','Laboratorio De radiecologia','BO','+591 60735991','Me gustaria scar mi licencia y actualizacion De capacitation en protection radiological','2025-05-31 05:23:33',NULL),(226,'7JUNIOTOE','Liliana','Lavaroni','lily-lavaroni@hotmail.com','licenciado','Tec tomogrfaia','Hospital de Balcarce','AR','02266637680','Aprender y actualizar conocimientos','2025-05-31 05:50:52',NULL),(227,'7JUNIOTOE','Arturo Leonell','Gomez Tarco','algomezt@unac.edu.pe','otro','Físico','Ipen','PE','906017895','Protección Radiológica','2025-05-31 05:53:13',NULL),(228,'7JUNIOTOE','Paula','Madeira','madeirapaula22@gmail.com','tecnico','Radiologia','ULSSJ','otro','962784649','','2025-05-31 09:10:52',NULL),(229,'7JUNIOTOE','Maikel Octavio','Naranjo Castellano','maikeloctavionaranjo@gmail.com','licenciado','Radioquímico','Hospital Clínico Quirúrgico Hermanos Ameijeiras','CU','59129166','Reforzar mis conocimientos sobre la protección radiológica en una radiofarmacia hospitalaria','2025-05-31 09:55:27',NULL),(230,'7JUNIOTOE','Luz','Villalba','luzvillalbab27@gmail.com','licenciado','Radiología','Hospital Central de las Fuerzas Armadas','PY','0982510080','Capacitación constante','2025-05-31 10:55:34',NULL),(231,'7JUNIOTOE','Silvio Damián','Musso','silviodamianmusso.hf@gmail.com','licenciado','Bioimagenes','Hospital Bernardino Rivadavia','AR','1165224779','Capacitación continua','2025-05-31 11:07:15',NULL),(232,'7JUNIOTOE','Norma Ester','Barca','normaesterbarca.hf@gmail.com','licenciado','Bioimagenes','Hospital Bernardino Rivadavia','AR','1144117345','Capacitación continua','2025-05-31 11:08:51',NULL),(233,'7JUNIOTOE','Veronika','Padilla Tineo','veronikapadilla8@gmail.com','licenciado','TECNOLOGÍA MÉDICA','Clínica Oncológica Aliada','PE','950120622','Siempre es bueno actualizarse acerca de la Protección Radiológica ya que estamos en contacto con la radiación.','2025-05-31 11:17:17',NULL),(234,'7JUNIOTOE','Yerko Orlando','Huanca Luna','yerko7_7@hotmail.com','tecnico','Biomedico','Hospital Viedma','BO','70300190','Actualizacion','2025-05-31 11:40:40',NULL),(235,'7JUNIOTOE','Yanet Tatiana','Contreras Villena','tatiana.07cv@gmail.com','licenciado','Tecnologia medica en radiologia','Essalud','PE','934301157','Es un tema importante y es necesario seguir capacitandonos','2025-05-31 11:42:45',NULL),(236,'7JUNIOTOE','Antonia Gabriela','Sosa Molino','gabrielasosamo@live.com.ar','licenciado','Lic. En Producción de Bio imágenes','Maternidad Provincial','AR','2664398415','Actualización de información sobre la protección radiologica','2025-05-31 12:25:30',NULL),(237,'7JUNIOTOE','Mariana','Signorino','Maruu_signorino@hotmail.com','tecnico','Tecnólogo en Radioterapia','Sapp','UY','098522647','Estimados , siempre me gusta estar reforzando conocimientos así como adquiriendo nuevos para ser una gran profesional','2025-05-31 12:34:10',NULL),(238,'7JUNIOTOE','Daiana','Suarez Molina','daivalenbustos@gmail.com','licenciado','Producción Bio imagenes','Maternidad Provincial Dra Teresita Baigorria','AR','2664576316','Buen día estoy interesada en ampliar mis conocimientos, la especialización en protección radiológica es algo que personalmente me resulta muy interesante y sumamente importante.','2025-05-31 12:35:24',NULL),(240,'7JUNIOTOE','Evelin Ruth Calizaya','Chambi','ecalizayachambi@gmail.com','licenciado','Bio-Imagenologa','Agencia boliviana de energía nuclear','BO','73317855','Trabajo con radiación en medicina nuclear y es muy importante la protección radiologica','2025-05-31 12:50:38',NULL),(241,'7JUNIOTOE','Alexis','Vera Tapia','alexisvt1990@gmail.com','licenciado','Biofisico','Hospital del Rio','EC','0995380725','','2025-05-31 13:16:20',NULL),(242,'7JUNIOTOE','Héctor','Mendoza','mrhams@gmail.com','magister','Físico Médico','Física Médica, C.A.','VE','+584128004672','Refrescar conocimientos','2025-05-31 13:19:18',NULL),(243,'7JUNIOTOE','Angela','Jurado Casallas','angelajucat@gmail.com','otro','Ingeniera ambiental','Independiente','CO','3208618309','Actualización de saberes','2025-05-31 13:21:52',NULL),(244,'7JUNIOTOE','Monica Patricia','Rodriguez','patriciarodriguez301027@gmail.com','licenciado','Docente','Instituto superior Blaise Pascal','AR','5491161739589','Adquisición de nuevo conocimiento y repaso de temas ya aprendidos','2025-05-31 13:22:05',NULL),(245,'7JUNIOTOE','Fidel','Torres Garcete','torresgarcetefidel@gmail.com','licenciado','Radiologia','INSTITUTO NACIONAL DEL CÁNCER','PY','9834 80796','Actualizar los conocimientos para trasladar a los compañeros','2025-05-31 13:36:11',NULL),(246,'7JUNIOTOE','Yanet','García Lozada','thedragarcia@gmail.com','especialista','Médico','UCLA','VE','58-4245481536','Profesional.','2025-05-31 13:36:46',NULL),(247,'7JUNIOTOE','Ethel Guisella','Borja Solano','borjaset245@gmail.com','licenciado','Tecnólogo médico radiologia','Instituto de medicina legal','PE','992590363','Capacitación y actualización','2025-05-31 13:39:47',NULL),(248,'7JUNIOTOE','Cristina','Ajila','cristiajila980@gmail.com','otro','Biofísica','Hial','EC','0991529488','Es conocer y actualizar los conocimientos en optimización de dosis (ALARA) y dominio de protocolos de blindaje y dosimetría para cumplimiento regulatorio y reducción de riesgos operacionales','2025-05-31 13:41:42',NULL),(249,'7JUNIOTOE','Lara Cruz','Marleny','marlenylara63@gmail.com','tecnico','Tecnólogo médico en radiologia','Clínica Monteriori','PE','995429032','Tener actualización sobre el uso adecuado de los RX','2025-05-31 13:46:48',NULL),(250,'7JUNIOTOE','María Alejandra','Quirós Sánchez','alequiros1986@gmail.com','otro','Imágenes Médicas','Clínica Sta Fe','CR','8324 3913','Para actualización y refrescamiento','2025-05-31 13:50:16',NULL),(251,'7JUNIOTOE','Cristhel','Bautista','crbago@outlook.com','licenciado','Tecnología médica en radiología','Sisol','PE','931060943','Capacitación','2025-05-31 14:23:28',NULL),(252,'7JUNIOTOE','Marco Antonio','Requena Sánchez','calebantonio1976@gmail.com','licenciado','Tecnólogo médico','Hospital nstra sra las Mercedes','PE','977311093','','2025-05-31 14:47:22',NULL),(253,'7JUNIOTOE','María Angelica','Jimenez Pingo','angi301185@gmail.com','tecnico','Radiología','Hospital nstra sra las Mercedes','PE','914799487','','2025-05-31 14:49:44',NULL),(255,'7JUNIOTOE','Denis Cristian','Villarroel Garcia','denis.villarroel77@gmail.com','tecnico','TECNICO RADIOLOGO','HOSPITAL HERNAN MESSUTI','BO','61616137','siempre tener actualizaciones es imprescindible para nuestra área, y reforzar conocimientos','2025-05-31 15:28:19',NULL),(256,'7JUNIOTOE','Boris Harold','Dominguez Terán','borisharolddominguezteran@gmail.com','licenciado','Licenciatura en Bio-imagenología','Hospital México','BO','65406025','Ampliar y actualizar mis conocimientos en protección radiólogica.','2025-05-31 16:32:13',NULL),(257,'7JUNIOTOE','Ramiro','Huamaní Saravia','ramirohs26@hotmail.com','licenciado','Tecnologia Médica Radiología','Clinica santa cruz','PE','921200883','Actualización','2025-05-31 16:33:14',NULL),(258,'7JUNIOTOE','Javier','Robleto','jrobleto@gmail.com','otro','Ingeniero Electrónico FSE','Personal','NI','505 8881 3220','Mantener los conocimiento sobre protección radiologica, siempre actualizados.','2025-05-31 17:11:59',NULL),(259,'7JUNIOTOE','Luz Dary','Torres Angarita','luzdatoan@gmail.com','magister','Físico','Clínica del Norte','CO','3142094792','Protección radiológica en medicina nuclear','2025-05-31 17:56:30',NULL),(260,'7JUNIOTOE','Gabriela Milagros','Pennino','milagrospennino@gmail.com','tecnico','Radiologa','Cruz roja','AR','1131066213','','2025-05-31 18:20:09',NULL),(261,'7JUNIOTOE','José Oswaldo','Abad Ovalle','joseoswaldo.abadovalle@gmail.com','licenciado','Fisico','Fuerza Aérea del Perú','PE','969 680 964','Conocimiento','2025-05-31 20:54:11',NULL),(262,'7JUNIOTOE','Carolina','Bermudez Rios','caritobermudez79@gmail.com','otro','Tecnóloga en Radiología','Centro de especialistas','CO','313 6671075','Actualización','2025-05-31 21:01:08',NULL),(263,'7JUNIOTOE','Brigete Ibone','Tibis Fernandez','ibonetibis40@gmail.com','licenciado','Bioimagenologia','Ninguno','BO','78776386','Actualización','2025-05-31 21:03:19',NULL),(264,'7JUNIOTOE','Mileinis Paola','Tilano Barraza','mileinistilano13@gmail.com','otro','Tecnologa en Radiología','Ips Cardiocentro pediátrico de sucre','CO','3103808659','Ampliar conocimientos','2025-05-31 22:18:27',NULL),(265,'7JUNIOTOE','Emilton Antonio','Arrieta Lara','emiltonarrietalara82@gmail.com','otro','Tecnológo en radiología','Clínica especializada la concepción','CO','3216258065','Adquirir conocimientos y actualizaciones en protección radiológica','2025-05-31 23:12:21',NULL),(266,'7JUNIOTOE','Cecilia Patricia','Rivera Sánchez','patrys28@gmail.com','licenciado','Lic en Radiologia e Imagenes','Centro Nacional de Radioterapia','SV','77862365','Aprender','2025-05-31 23:22:57',NULL),(267,'7JUNIOTOE','Cecilia Beatriz','Alfaro Olmedo','Ceciliaalfaro536@gmail.com','magister','Físico medico','Unime','SV','60022476','Aprender','2025-06-01 04:49:04',NULL),(268,'7JUNIOTOE','Susan','Castilla','astrensiz@gmail.com','licenciado','Tecnólogo Médico en Radiología','Heves','PE','965450788','Actualización','2025-06-01 10:02:57',NULL),(269,'7JUNIOTOE','María Cruz','Inga Quistan','mafer040816@gmail.com','licenciado','Tecnologo médico','Hospital regional Lambayeque','PE','979175189','Para seguir aprendiendo los avances nuevos.','2025-06-01 11:58:14',NULL),(270,'7JUNIOTOE','Álvaro David','Ruiz Hidalgo','prl.osr.13b@gmail.com','magister','Biofísico','HGFO','EC','+593 984570635','Actualización permanente.','2025-06-01 14:03:18',NULL),(271,'7JUNIOTOE','Fabián Isac','Sanchez Chavez','fisch070807@gmail.com','tecnico','TSU','Hospital general de Celaya','MX','4611217681','Actualizarme , conocer las nuevas normas o cambios en las leyes y o en la práctica diaria','2025-06-01 16:10:06',NULL),(272,'7JUNIOTOE','Erik','Albaiceta','albaicetaerik@gmail.com','licenciado','Licenciado en producción de bio imágenes','24609634','AR','2994606046','Me interesa la formación y actualización continua.\r\nAgradecería poder compartir la jornada','2025-06-01 16:55:34',NULL),(273,'7JUNIOTOE','Chory','Heredia Matos','Herediamatos268@gmail.com','licenciado','Imagen médicas','Uasd','DO','8294759733','','2025-06-01 17:07:17',NULL),(274,'7JUNIOTOE','Larissa Gissel','Noguera Aguilera','larissagisseln@gmail.com','licenciado','Radiologa','INCAN','PY','+595992652100','','2025-06-01 19:30:30',NULL),(275,'7JUNIOTOE','Manuela','Farro Quesquen','manuelapedro27@gmail.com','licenciado','Tecnológo Médico - Radiologia','Imágenes','PE','948923460','','2025-06-01 20:56:59',NULL),(276,'7JUNIOTOE','Liz','Bravo Chuquillanque','lizbravo789@gmail.com','licenciado','Tecnólogo Médico','Hospital Rebagliati','PE','51940204435','Actualización en protección Radiologica','2025-06-01 21:38:21',NULL),(277,'7JUNIOTOE','Vicenta','Velarde Andrade','vicenta.velarde.a.6@gmail.com','licenciado','Lic.Tecnólogo Médico','Essalud Hospital Edgardo Rebagliati Martins','PE','990370350','Me interesa actualizar mis conocimientis .','2025-06-01 21:45:26',NULL),(278,'7JUNIOTOE','Henry Diego','Patty Flores','legendryus@gmail.com','doctor','Médico Nuclear','Cmnyr el alto','BO','72536718','Soy profesional de salud interesado en actualizar términos de protección radiologíca','2025-06-01 21:53:49',NULL),(279,'7JUNIOTOE','Andrea','Maldonado','amaldonadomachado69@gmail.com','licenciado','Bioquímica','Medicina Biomolecular- Instituto Oulton','AR','3515904756','','2025-06-01 22:26:22',NULL),(280,'7JUNIOTOE','Magda','Montaña','mmontana954@gmail.com','otro','Tecnóloga','Idime','CO','3138619842','Laboró en un servicio de medicina nuclear y me desempeño como tecnóloga y oficial de protección radiológica allí','2025-06-02 01:28:40',NULL),(281,'7JUNIOTOE','Gabriela','Sánchez González','gabysg3@hotmail.com','licenciado','Químico Farmacéutico Biólogo','Servicios de Salud de Veracruz','MX','2291747474','Ampliar y actualizar mi conocimiento en el tema.','2025-06-02 02:22:33',NULL),(282,'7JUNIOTOE','Gustavo Henry','Orihuela Sandoval','gustavo123orihuela@gmail.com','licenciado','Física','Universidad Nacional del Callao','PE','966774914','','2025-06-02 02:50:13',NULL),(283,'7JUNIOTOE','Juan','Valdez','valdez.0018677@gmail.com','magister','Ingeniero Nuclear','Agencia Boliviana de Energia Nuclear','BO','64853363','Complementar mis conocimientos sobre protección radiológica, ya que es muy importante seguir capacitandose para mejor y obtener mayor conocimiento.','2025-06-02 05:35:05',NULL),(284,'7JUNIOTOE','Katherine Ivonne','Santos Pérez','kisp146@gmail.com','licenciado','Fisico','INEN','PE','949570180','Poder capacitarme y actualizarme','2025-06-02 12:17:41',NULL),(287,'7JUNIOTOE','Gabriela','Sáenz Silva','gabysaenzsilva@yahoo.com.mx','tecnico','Técnico Radiólogo','Centro Estatal de Atención Oncológica de Michoacán e ISSSTE','MX','4431676045','Por las Instituciones donde trabajo , me interesa saber todo de la protección radiológica','2025-06-03 00:45:05',NULL),(288,'14JUNIO','Jennifer','Pasos Martinez','Jennpasos93@gmail.com','magister','Físico médico','Hospital militar','NI','89954375','Crecimiento profesional, actualización','2025-06-03 00:50:27',NULL),(289,'14JUNIO','Jessica','Gonzalez','jkg24en@hotmail.com','licenciado','Radiologia e imagenes','Cnrt','SV','77477722','Conocimiento','2025-06-03 01:55:42',NULL),(290,'14JUNIO','Alvaro','Posu','aposu01@yahoo.com','magister','Físico Médico','Hospital Universitario de Santander','CO','3223076897','Desarrollo profesional','2025-06-03 02:44:46',NULL),(291,'14JUNIO','Cecilia','Alfaro','Ceciliaalfaro536@gmail.com','magister','Fisico','Unime','SV','60022476','Aprender','2025-06-03 03:45:02',NULL),(292,'14JUNIO','Fernando Gabriel','Olmedo','folmedo@cemenurnk.org.ar','otro','Dosimetrista','CEMENURNK','AR','3704706305','','2025-06-03 08:43:57',NULL),(293,'7JUNIOTOE','Dario','Sarmiento','dsarmiento1962@gmail.com','licenciado','Oficial de Protección Radiologico','Instituto Oncológico Nacional','PA','507 5127043','Actualización en protección radiologica, para docencia.','2025-06-03 11:31:16',NULL),(294,'28JUNIO','Jessica','Gonzalez','jkg24en@hotmail.com','licenciado','Radiologia','Cnrt','SV','77477722','Conocimiento','2025-06-03 14:16:48',NULL),(295,'14JUNIO','Lorena','Sandoval','llsandovalcas@gmail.com','magister','Fisico','1049625842','CO','3134397848','','2025-06-03 14:40:23',NULL),(296,'14JUNIO','Alexandra','Pabon','chemyalex22@gmail.com','magister','Fisica medica','Clínica los Nogales','CO','3003199428','','2025-06-03 14:50:34',NULL),(297,'14JUNIO','Nicolas David','Duarte Benavides','nicolas.duarte@ucuenca.edu.ec','magister','Físico Médico','Solca Núcleo Cuenca','EC','0985909513','Ver modalidad de estudios y líneas de investigación','2025-06-03 15:06:44',NULL),(298,'14JUNIO','Larry Manuel','Cueto Aburto','lcueto29@outlook.com','tecnico','Dosimetrista','Hospital militar Doctor Alejandro Dávila Bolaños','NI','77843272','Seguir creciendo profesionalmente y obtener nuevos conocimientos','2025-06-03 15:34:02',NULL),(299,'14JUNIO','Nestor Daniel','Vacca Campos','nedanvaca@gmail.com','magister','Físico Médico','Fundación Valle de lili','CO','3118495118','','2025-06-03 17:18:25',NULL),(300,'28JUNIO','Camia','Londoño Martínez','cami.lm1903@gmail.com','licenciado','Ingeniería Biomédica','ESE Hospital La María','CO','3203008140','La conferencista.','2025-06-03 17:32:07',NULL),(301,'28JUNIO','Marlon','López Jiménez','marlone14@hotmail.com','licenciado','Ingeniero biomédico','E.S.E. Hospital la María','CO','3128638593','Me gusta la radio protección','2025-06-03 17:33:07',NULL),(302,'14JUNIO','Oscar Abel','Apaza Blanco','oscar.12apaza@gmail.com','magister','Física Médica','Centro Médico Radio-oncología','BO','77740823','','2025-06-03 19:45:07',NULL),(303,'14JUNIO','Hector','Mendoza','mrhams@gmail.com','magister','Físico Médico','Física Médica, C.A.','VE','4128004672','','2025-06-03 19:45:25',NULL),(304,'14JUNIO','Angel','Velásquez','angel.velasquezsilva@gmail.com','magister','Físico Médico','Centro de Cáncer Emma Romero de Callejas','HN','32624358','Tengo interés en conocer el programa ofertado','2025-06-03 19:50:00',NULL),(305,'14JUNIO','José','Marquez Pachas','Jfmarquezp@yahoo.es','magister','Físico Médico','INEN','PE','991764223','Me interesa realizar un doctorado.','2025-06-03 20:02:45',NULL),(306,'14JUNIO','Mario José','Vicente González','dandymr1@yahoo.es','especialista','Oncólogo Radioterapeuta','Centro Nacional de Radioterapia','NI','89126465','Pilar fundamental de la Radioterapia, el dominio de cada tema es impo6para la calidad de los tratamientos y la evolución de los tratamientos para los pacientes','2025-06-03 20:22:13',NULL),(307,'14JUNIO','Dagoberto','González López','degonzal@ccss.sa.cr','magister','Físico médico','CCSS','CR','83020814','','2025-06-03 20:23:32',NULL),(308,'14JUNIO','Angel Esteban','Méndez Guillén','omega2014.60@gmail.com','magister','Radio-oncologo','ICES','SV','72720172','Conocimientos','2025-06-03 20:29:13',NULL),(309,'14JUNIO','Fernando','Matos Ortega','fmatos2002@hotmail.com','magister','Físico','Instituto Oncológico Nacional Caja Petrolera de Salud','BO','70404746','Opciones de progresar en mi educación y de mis estudiantes','2025-06-03 20:53:47',NULL),(310,'14JUNIO','Roger','Portillo','Roger.portillo17@yahoo.es','magister','Físico médico','Centro nacional de radioterapia','NI','88064405','Aprender más.','2025-06-03 21:27:45',NULL),(311,'7JUNIOTOE','Stanley Ruben','Santos Sanchez','santosstanley345@gmail.com','tecnico','TECNICO EN RADIOLOGIA','IGSS','GT','55573724','POR RENOVACION DE LA LICENCIA DE OPERADOR','2025-06-03 21:47:36',NULL),(312,'14JUNIO','Kelvin','Rios','kelvinrios_g@hotmail.com','licenciado','Físico médico','Empresa privada','VE','4125953273','Ampliar conocimientos','2025-06-03 22:18:25',NULL),(313,'7JUNIOTOE','Valeria','Becerra Sanmartin','stefaniavaleria94@gmail.com','licenciado','Licenciada en imagenologia','Clínica Santa Ana','EC','0987714572','Estar en constante actualización','2025-06-04 00:49:27',NULL),(314,'14JUNIO','Reina','Jiménez','reinagripina@gmail.com','especialista','Física  Médica','Protecciones Médicas PROMESA, S.A.','CR','85560093','Porque siempre he querido hacer un doctorado en Física','2025-06-04 02:36:40',NULL),(315,'7JUNIOTOE','Yostyn Alexander','Fuentes Diaz','yostynfd14@gmail.com','licenciado','Física','INEN','PE','916757631','Estoy expuesto en medicina nuclear durante mis procedimientos diarios, deseo obtener mas informacion.','2025-06-04 02:56:41',NULL),(316,'14JUNIO','Rosiel','Matos','rosielmmv@gmail.com','magister','Física Medica','CMC y HOMPC','otro','+58 4144822985','Interesada en obtener un doctorado','2025-06-04 14:22:29',NULL),(317,'28JUNIO','Stephanie Katherine','Buhezo Crespo','katabucres@gmail.com','tecnico','Radiologo','Hospital Costanera','BO','77904717','Ampliar conocimientos','2025-06-04 15:17:54',NULL),(318,'7JUNIOTOE','Jose Alejandro','Soler Ramirez','josesr423@gmail.com','tecnico','Técnico en radiología e imágenes diagnósticas','Hospital Melchor de mencos','GT','44946376','Instruirme sobre el tema','2025-06-04 17:50:47',NULL),(319,'7JUNIOTOE','José Javier','Seballos Fuentes','josejavierseballosfuentes@gmail.com','doctor','Medico','Clínica Médica Dr. Seballos fuentes','SV','76607829','Profundizar más los conocimientos sobre protección radiología.','2025-06-04 18:12:44',NULL),(320,'7JUNIOTOE','Luisiana','Jimenez','luisianaljm@gmail.com','especialista','Radioterapeuta oncólogo','Hospital Domingo Luciani','VE','4140494819','Fortalecer conocimientos','2025-06-04 19:09:56',NULL),(321,'7JUNIOTOE','Floriana','Flores','floriflores1@gmail.com','especialista','Radioterapeuta oncólogo','Hospital Domingo Luciani','VE','04243754971','','2025-06-04 19:11:33',NULL),(322,'7JUNIOTOE','Jose Alfredo','Soriano Vaquerano','jasv.josesoriano@gmail.com','otro','Ingeniero','ACCESA','SV','78559900','Para superacion personal','2025-06-04 21:22:55',NULL),(323,'14JUNIO','Leonel','Hincapie H','leonelhh9009@hotmail.com','magister','Física médica','Unad','CO','3002352099','Quiero hacer un doctorado','2025-06-05 03:08:41',NULL),(324,'14JUNIO','Luz Eliana','Franco','eliana.franco3697@gmail.com','magister','Física Médica','Mederi','CO','+57 314 279 785 3','','2025-06-05 03:18:39',NULL),(325,'14JUNIO','Jaime Hipólito','Cabrera Salcedo','jaimehipolito94@gmail.com','magister','Físico Médico','Sohec','CO','317 463 4615','','2025-06-05 03:48:37',NULL),(326,'14JUNIO','Kevin','Orellana','kevinorellanag99@gmail.com','otro','Dosimetrista','Hope International','GT','46941002','Estoy interesado en participar en el seminario porque estoy próximo a graduarme de la Licenciatura en Física, actualmente me encuentro trabajando en radioterapia externa, y es importante conocer cómo se puede continuar con posgrado de física, y saber la manera se trabajar en este proceso.','2025-06-05 05:44:05',NULL),(327,'7JUNIOTOE','Luis Arturo','Barbosa Espinosa','luisbertiz38@gmail.com','tecnico','Imágenes Diagnósticas','Clínica de Montería','CO','3217173437','Actualizar los conocimientos de radioproteccion.','2025-06-05 10:19:45',NULL),(328,'14JUNIO','Christian','Trujillo','ctrujillo783@gmail.com','magister','Físico Médico','Brainlab','CO','+57 317 7389324','Estudiante de Doctorado','2025-06-05 11:57:28',NULL),(329,'14JUNIO','Juan','Bedoya','jcbedoyat@gmail.com','magister','Físico médico','Clínica las Américas','CO','3012582586','Conocer más acerca del doctorado','2025-06-05 15:00:19',NULL),(330,'14JUNIO','Guillermina Esther','Aviles Rivas','rivasavilez9@gmail.com','licenciado','Fisico Medico','Hospital Militar Alejandro Davila Bolaños, Nicaragua.','NI','88600039','','2025-06-05 15:15:01',NULL),(331,'14JUNIO','Jaime Enrique','Castro Rendón','jaimeecastrorendon@gmail.com','magister','Fisico medico','Odont Jomar','CO','3006325823','Formación continua','2025-06-05 16:45:35',NULL),(332,'7JUNIOTOE','João Paulo','Felizardo','Jfelizardo@sapo.pt','licenciado','Radiologo','Uslba','otro','+351964027464','Soy responsável de protecion radiologica em mi servicio','2025-06-05 17:48:42',NULL),(333,'14JUNIO','Henry Diego','Patty Flores','legendryus@gmail.com','doctor','Médico Nuclear','Cmnyr el alto','BO','72536718','Excelente','2025-06-06 02:58:43',NULL),(334,'14JUNIO','Sergio Josue','Martinez Velasquez','sergi2290@gmail.com','licenciado','Físico','Uni','NI','88676818','Protección radiológica','2025-06-07 01:22:29',NULL),(335,'14JUNIO','Omar','Gamez','ogsomar2001@gmail.com','magister','Física Medica','Hospital de Clínicas Caracas','VE','4142903521','Extender mi formación académica','2025-06-07 04:49:54',NULL),(336,'28JUNIO','Angel','Fermin','angel_fer_lan@me.com','licenciado','Radiología e Imagen','Instituto Mexicano del Seguro Social, Centro Médico Omega, Especialidades Radiológicas','MX','7712207756','Educación continua','2025-06-07 13:36:06',NULL),(338,'5JULIO','Enny Carolina','Ariza García','ecariza@gammahealthsa.com','magister','Bacterióloga','Gammahealth SA de CV','SV','+57 3203053101','Actualización en protección radiológica','2025-06-08 18:07:14',NULL),(339,'5JULIO','Cristian Jesús','Ccanto Najarro','cristianccanto97@gmail.com','licenciado','Físico','INEN','PE','933834862','Me interesa el área de Radiodiagnóstico y obtener nuevos conocimientos para poder aplicarlo en mi centro de labor y optimizar su desarrollo','2025-06-09 05:40:25',NULL),(340,'14JUNIO','Ebert','Bacilio','ebertbaciliourcia@outlook.com','licenciado','Tecnología médica radiología','EsSalud','PE','968475642','','2025-06-11 04:35:13',NULL),(341,'14JUNIO','David','Chacón Obando','david.chacon.obando@una.cr','doctor','Físico','Universidad Nacional','CR','72158183','Conocer sobre este programa de posgrado','2025-06-11 17:46:49',NULL),(342,'28JUNIO','Pedro Alberto','Cortez Ayala','tezcotoberal@gmail.com','especialista','DOSIMETRÍSTA','Instituto Oncológico Nacional','BO','72278002','Responsable de protección radiológica','2025-06-12 01:05:18',NULL),(343,'28JUNIO','Fidel','Torres Garcete','torresgarcetefidel@gmail.com','licenciado','Radiologia','INCAN','PY','9834 80796','','2025-06-12 01:11:30',NULL),(344,'28JUNIO','Maritza','Peralta Cusi','maritzapc.2105@gmail.com','licenciado','Tecnologo Médico Radiología','HMA','PE','991010756','','2025-06-12 01:13:23',NULL),(345,'28JUNIO','Juan José Compean','Barboza','juancbrayosx@gmail.com','licenciado','Lic. En Radiología','Privado','MX','8123996156','','2025-06-12 01:15:05',NULL),(346,'28JUNIO','Antonia Gabriela','Sosa Molino','gabrielasosamo@live.com.ar','licenciado','Licenciado en producción de Bio imágenes','Maternidad Provincial Dra Teresita Baigorria','AR','+542664398415','Estar más informado y actualizado','2025-06-12 01:17:55',NULL),(347,'28JUNIO','Celso','Melgarejo','melgarejo356@gmail.com','licenciado','Radiologo','Instituto Nacional de Cardiología','PY','991313455','Siempre encontraremos algo que aprender','2025-06-12 01:29:39',NULL),(348,'28JUNIO','Evaneida Hiciano','Pimentel','evahp07@outlook.com','doctor','Medico y técnico en imágenes','Hospital','DO','8296374145','Porque me desempeño como encargada del departamento de imágenes médica','2025-06-12 01:33:59',NULL),(349,'28JUNIO','Liliana','Zegarra Huacac','lilyzegarra18@gmail.com','magister','Tecnólogo medico','Clínica internacional','PE','956 768 845','','2025-06-12 01:41:26',NULL),(350,'28JUNIO','Ethel Guisella','Borja Solano','borjaset245@gmail.com','licenciado','Tecnólogo médico radiologia','Instituto de medicina legal','PE','992590363','Buenas noches, el motivo es para capacitación.','2025-06-12 01:41:40',NULL),(351,'28JUNIO','María','Naranjo','malenanaranjo2015@gmail.com','especialista','Abogado','Independiente','CO','300 3952646','Soy tecnologa en imagenes, y abogada laboralidta','2025-06-12 01:44:06',NULL),(352,'28JUNIO','José Oswaldo','Abad Ovalle','joseoswaldo.abadovalle@gmail.com','licenciado','Fisico','FAP','PE','969 680 964','','2025-06-12 01:51:02',NULL),(353,'28JUNIO','Ruth Esther','Amparo Muñoz','ruthamparo23@gmail.com','licenciado','Licenciado en imágenes médicas','Hospital Dra. Armida García','DO','829-606-9784','Soy encargada de protección radiológica.\r\nMe gusta estar actualizada','2025-06-12 01:55:24',NULL),(354,'28JUNIO','Mileinis Paola','Tilano Barraza','mileinistilano13@gmail.com','otro','Tecnologa en Radiología','Ips Cardiocentro pediátrico de sucre','CO','3103808659','','2025-06-12 01:56:03',NULL),(355,'28JUNIO','Liz','Bravo Chuquillanque','lizbravo789@gmail.com','licenciado','Tecnólogo Médico','Hospital Rebagliati','PE','940204435','Protección Radiologica en Radiología','2025-06-12 02:00:16',NULL),(356,'28JUNIO','Marieta','Del Rosario','Marietadelrosario@outlook.com','especialista','Oficial de Proteccion Radiologica','Caja de Seguro Sovial','PA','68176208','Conocer como funciona la radioproteccion en otro pais','2025-06-12 02:24:42',NULL),(357,'28JUNIO','Emilton Antonio','Arrieta Lara','emiltonarrietalara82@gmail.com','otro','Tecnológo en radiología e imagen diagnóstica','Clínica especializada la concepción','CO','3216258065','Por qué quiero tener más conocimientos y actualizar todo lo q tenga q ver con radioprotección','2025-06-12 02:25:39',NULL),(358,'28JUNIO','Marbella','Jacho','j-marbe@hotmail.com','licenciado','Radiología','Hospital General Quevedo','EC','0993675332','','2025-06-12 02:28:06',NULL),(359,'28JUNIO','Jose Mercedes Gonzales','Rojas','gonzalesrojasjose@gmail.com','magister','Ingeniero Quimico','Colegio de Ingenieros de La Libertad','PE','948507535','Asesorar a Responsables de Hospitales o Instalaciones Radiologicasde la Importancia de un OPR','2025-06-12 02:33:21',NULL),(360,'28JUNIO','Jose Rodolfo','Pagoaga Cruz','Josepagoaga32@gmail.com','especialista','Rescatista militar','Fuerzas armadas','HN','+50493343348','Por saber mas de como son los metodos y antencion ante emergencias radiologicas','2025-06-12 02:34:02',NULL),(361,'28JUNIO','Ronald','Gavarrete','ronaldgavarrete@gmail.com','licenciado','Informático','Dirección Nacional de Investigación e Inteligencia (DNII)','HN','32190100','Me encuentro recibiendo una formación como Primeros Respondedores en temas Radiológicos en Honduras, el tema es muy interesante y me gustaría ahondar en él.','2025-06-12 02:34:06',NULL),(362,'28JUNIO','Josué','Melgar','melgarjosue0@gmail.com','otro','Técnico en computación','Cuerpo de Bomberos','HN','95742842','Ampliar conocimientos sobre el tema radiológico','2025-06-12 02:34:49',NULL),(363,'28JUNIO','Manuel Said','Gonzales Lambert','manuellesaid@gmail.com','licenciado','Licenciatura en Relaciones Industriales','Administración Aduanera de Honduras','HN','87348527','Aprender y contribuir a promover la protección radiológica dentro de la institución.','2025-06-12 02:36:05',NULL),(364,'28JUNIO','Cristhian','Guillen','cristhianmaradiaga1997@gmail.com','otro','Bombero','Cuerpo de Bomberos Honduras','HN','3364-1175','Obtener nuevos conocimientos','2025-06-12 02:36:43',NULL),(365,'28JUNIO','José Alejandro','Rivera Torres','Jriverat1975@gmail.com','tecnico','Técnico en radiologia','Hosp del Valle sps','HN','99987280','Soy OPR del área de rayos x','2025-06-12 02:44:32',NULL),(366,'28JUNIO','Sindy Paola','Maldonado','Spmm19@hotmail.com','tecnico','Técnico en Radioterapia','MEDICENTER','HN','+504 96630696','Quiero certificarme como oficial de proteccion radiologica, y su vez implementar los conocimientos en mi centro de trabajo','2025-06-12 02:46:05',NULL),(367,'28JUNIO','Angela','Jurado','angelajucat@gmail.com','otro','Ingeniera ambiental','Topgeoespacial','CO','3208618309','Actualización de saberes','2025-06-12 02:50:14',NULL),(368,'28JUNIO','Nadia Alejandra','Rivera García','animus1409@yahoo.es','tecnico','Técnico en Radiotecnologías','Hospital La Policlinica','HN','31995754','Laboro como Oficial de Protección Radiologica en mi institución','2025-06-12 02:54:06',NULL),(369,'28JUNIO','Hubbie Luis','Guzman Martinez','Trhubbie7@gmail.com','tecnico','Técnico radiólogo','Hospital san Vicente de Paul','DO','809-4435972','Me gustaría conocer mas sobre protección radiológica','2025-06-12 03:01:20',NULL),(370,'28JUNIO','José Eduardo','Garnique Millones','eduardogarnique94@gmail.com','magister','Físico medico','Hospital alta complejidad virgen de la puerta','PE','971907980','','2025-06-12 03:02:24',NULL),(371,'28JUNIO','Carmen','Aquino Francisco','aquinofranciscocarmen@gmail.com','licenciado','Bioimagenes','Hospital universitario luis morillo King','DO','8492632235','','2025-06-12 03:03:39',NULL),(372,'28JUNIO','David','García','dmeza8104@gmail.com','tecnico','Técnico en radioterapia','Medicenter','HN','96914198','Como parte de mi labor en el área de radioterapia, me interesa fortalecer mis conocimientos y conocer las experiencias y retos que enfrentan otros profesionales en la región. Este seminario es una oportunidad valiosa para intercambiar ideas y buenas prácticas.\"','2025-06-12 03:08:34',NULL),(373,'28JUNIO','Cesia Raquel','Silva Mejia','Cesymejia74@gmail.com','tecnico','Auxiliar en enfermería/tecnico en radioterapia','Medicenter centro de cancer','HN','98819421','Quisiera conocer mas sobre mi area de trabajo y la protección necesaria para la radiación','2025-06-12 03:15:39',NULL),(374,'28JUNIO','Yoycelin Lissette','Rudas Rodriguez','yoy_rudas@yahoo.es','licenciado','Lic. Comercio internacional  Certificado Químicos','SERNA','HN','31727074','Recién curso curso y realizo inspección en Puerto, en general velar por la gestión ambiental','2025-06-12 03:16:17',NULL),(375,'28JUNIO','Wolfrank Leonardo','Villamil Deantonio','wolfranklvillamil@gmail.com','otro','Topografo','TOP Geoespacial','CO','3185714114','Conocimiento y experiencias respecto a la radio protección','2025-06-12 03:19:47',NULL),(376,'28JUNIO','Karla Ivannia','Perez Perez','karlaivanniap@hotmail.com','otro','Diplomado en Radiaciones ionizantes','Caja Costarricense de Seguro Social','CR','85484326','Actualmente soy Oficial de Protección Radiológica en mi centro de trabajo','2025-06-12 03:34:37',NULL),(377,'28JUNIO','Mildred','Mora','fisicamedicaoncologia2025@gmail.com','magister','Físico Medico','HCU Dr Antonio María Pineda','VE','04245217912','Formación en el area','2025-06-12 03:41:14',NULL),(378,'28JUNIO','Walter','Erazo','waltererazo807@yahoo.com','licenciado','Tecnólogo médico/ radioterapia','Centro oncológico hondureño','HN','50499365568','Conocer del roll también importante de la profesión en otros paises','2025-06-12 03:56:42',NULL),(379,'28JUNIO','Diego Armando','Lopez Dominguez','diegolopez82@gmail.com','tecnico','Tecnólogo en medicina nuclear','Órg. Clinica Bonnadona Prevenir','CO','3008399830','Para estar actualizando de los temas en el cual me desempeño laboralmente','2025-06-12 04:23:59',NULL),(380,'28JUNIO','Daniel','Umaña','traits.digit8v@icloud.com','otro','Ingeniero Biomedico','Medicenter','HN','99637771','Aprender más sobre radioproteccion','2025-06-12 04:55:30',NULL),(381,'28JUNIO','Magda','Montaña','mmontana954@gmail.com','otro','Tecnóloga','Idime','CO','3138619842','Tengo la función de oficial de protección radiológica en el centro de medicina nuclear donde laboró','2025-06-12 04:58:51',NULL),(382,'28JUNIO','Ronald','Serrano','ronaldnuclear202@gmail.com','licenciado','Radiología e Imágenes','HNSR','SV','78519729','Autoformacion','2025-06-12 06:52:05',NULL),(383,'28JUNIO','Luis Arturo','Nuñez Nieves','Arturoparaeltuy@gmail.com','tecnico','Radioimagionologia','Hospital clínico universitario','VE','4123918548','Actualización de temas en aras de fortalecimiento. De la radioterapia.','2025-06-12 12:13:33',NULL),(384,'28JUNIO','Erlinda Yamileth','Maldonado Sevilla','erlinda01maldonado@yahoo.com','licenciado','Contador Publico','Clinica radiologia DIAGNOS','HN','99435342','Trabajo en una clinica de radiologia encargada de tecnologos','2025-06-12 13:15:52',NULL),(385,'28JUNIO','Silvia','Hein','victorica500@gmail.com','licenciado','Técnico en mamografía, radiología convencional y contrastada','Cedyt','AR','3442487818','Soy docente en la tecnicatura en diagnóstico por imágenes y en la Licenciatura, me interesa para mí formación profesional y para trasmitir conocimientos al alumno.\r\nSaludos','2025-06-12 13:24:32',NULL),(386,'28JUNIO','Vicenta','Velarde Andrade','vicenta.velarde.a.6@gmail.com','licenciado','Tecnólogo Médico','Essalud Hospital Edgardo Rebagliati Martins','PE','990370350','Proteccion Radiológica','2025-06-12 13:39:14',NULL),(387,'28JUNIO','Maikel Octavio','Naranjo Castellano','maikeloctavionaranjo@gmail.com','licenciado','Radioquímica','Hospital Clínico Quirúrgico Hermanos Ameijeiras','CU','59129166','Soy especialista en Radiofarmacia en el departamento de Medicina Nuclear del Hospital Hermanos Ameijeiras y me interesa conocer sobre la protección radiológica tanto en el diagnóstico como en el tratamiento con radiofármacos','2025-06-12 13:56:15',NULL),(389,'28JUNIO','Carla Valeria','Reyes Silva','lic.carlareyess@gmail.com','licenciado','Tecnólogo médico en radiología','Incn','PE','946280979','Actualización','2025-06-12 14:42:02',NULL),(390,'28JUNIO','Nora','Anampa','noraav24@hotmail.com','licenciado','Tecnólogo Médico','Clínica San Felipe','PE','999 322 582','Soy oficial de protección radiológica y necesito especializarme','2025-06-12 15:18:09',NULL),(391,'28JUNIO','Antonia','Soto','antonia.soto.rx@gmail.com','licenciado','Tecnólogo Médico especialidad en Radiología','Hospital Daniel A. Carrión','PE','964417181','Soy Oficial de protección Radiológica','2025-06-12 15:39:44',NULL),(392,'28JUNIO','Ronald','Guiña Naranjo','ronaldyalexandra@hotmail.com','tecnico','Tecnologo en Radiología - Imagenología','ORL-GROUP','EC','0998718653','Cuidar mi salud y la del paciente la que se le realiza el examen.','2025-06-12 16:50:32',NULL),(393,'28JUNIO','Michael','Sandro','leandresmichael@gmail.com','licenciado','Tecnologo Medico','Clinica international sos','PE','965836602','Actualización y aprendizaje','2025-06-12 16:58:21',NULL),(394,'28JUNIO','José Moisés','Arias','moisesarias56@yahoo.com','licenciado','Física','UNAH','HN','87522820','Soy Físico con orientación en Radiaciones graduado en la UNAH. Actualmente curso la maestría en Física en la UNAH, planea realizar mi tesis dentro del campo de las radiaciones en medicina. Me interesa complementar mis estudios con talleres y cursos alineados con ese objetivo. Realicé mi práctica profesional como analista de seguridad radiológica en el ente regulador hondureño, Dirección General de Seguridad Radiológica. Este curso será una gran oportunidad para fortalecer los conocimientos y experiencias que tuve en dicha pasantía y sentar bases más sólidas hacia una tesis exitosa en la maestría.','2025-06-12 22:42:59',NULL),(395,'14JUNIO','Anthony','Esquivel','aesquivel@una.ac.cr','licenciado','Biólogo','Universidad Nacional','CR','87575207','Tengo más de una década trabajando en el Departamento de Física de mi universidad, específicamente en el área de las radiaciones ionizantes, protección radiológica y salvaguardias nucleares. Por lo anterior me interesa obtener información sobre este doctorado.','2025-06-12 23:24:12',NULL),(396,'28JUNIO','Carolina','Bermudez Rios','caritobermudez79@gmail.com','tecnico','Tecnóloga en Radiología','Centro de especialistas','CO','313 6671075','Actualización','2025-06-12 23:24:17',NULL),(397,'28JUNIO','Luis','Soto','lfersoto@hotmail.com','otro','Química','Chávez solutions','EC','0985403982','Reforzar conocimientos','2025-06-13 00:32:59',NULL),(398,'28JUNIO','Tracy Cristina','Guevara Garcia','tracyguevara21@gmail.com','otro','Ingeniero Biomédica','Hospital Cemesa','HN','87517801','','2025-06-13 02:33:08',NULL),(399,'28JUNIO','Erika','Tierra','magachatv@hotmail.com','otro','Biofísica','Osr','EC','0980234490','Para conocer y actualizar mis conocimientos','2025-06-13 09:09:38',NULL),(400,'14JUNIO','Raul','Villalta','raullvillalta@gmail.com','licenciado','Fisico Medico','Hospital Domingo Luciani','VE','4122949106','Curiosidad','2025-06-13 15:16:01',NULL),(401,'14JUNIO','Carlos Daniel','López Portillo','dl4401531@gmail.com','licenciado','Licenciado en Radiología e Imágenes','Centro Nacial de Radioterapia','SV','70975317','Expandir mi conocimiento','2025-06-13 15:53:01',NULL),(402,'14JUNIO','Erika','Chisag','erifernanda.osr@hotmail.com','otro','BIOFÍSICA','BIOIMAGENES LAB','EC','0969003691','REFORZAR CONOCIMIENTOS','2025-06-13 15:54:10',NULL),(403,'14JUNIO','Jerry Astrid','Rivera Barco','jerryriverabarco10@gmail.com','otro','Fisico','Oncorad','PE','949719473','Interés de información','2025-06-13 15:54:11',NULL),(404,'14JUNIO','María Fernanda','Giménez Riveros','gimenezfernanda2311@gmail.com','licenciado','Radiologia','MSPyBS','PY','+595 973 200 206','Aprendizaje','2025-06-13 15:55:23',NULL),(405,'14JUNIO','Pedro Alberto','Cortez Ayala','tezcotoberal@gmail.com','especialista','DOSIMETRÍSTA','Instituto Oncológico Nacional','BO','72278002','Actualización continua','2025-06-13 15:58:27',NULL),(406,'14JUNIO','Daniel','Canjura','dokanjura@gmail.com','licenciado','Radiología','ISSS','SV','78224030','Educación continua','2025-06-13 16:01:18',NULL),(407,'14JUNIO','Maritza','Peralta Cusi','maritzapc.2105@gmail.com','licenciado','Tecnologo Médico Radiología','HMA','PE','991010756','','2025-06-13 16:04:49',NULL),(408,'14JUNIO','Mildred','Mora','mnmnphdeducacion2024@gmail.com','magister','FISICA MEDICA','HCU Dr Antonio María Pineda','VE','04245217912','Formación academica','2025-06-13 16:05:06',NULL),(410,'14JUNIO','Simoni Marielos','Hernández Mendoza','marielos12517aquino@gmail.com','licenciado','Licda. En Radiología e Imágenes','Hospital Nacional de Sonsonate Dr. Jorge Mazzini Villacorta','SV','76962475','Aprendes más para poner en práctica en mi trabajo','2025-06-13 16:15:48',NULL),(411,'14JUNIO','Carmen','Francisco','aquinofranciscocarmen@gmail.com','licenciado','Imágenes médicas','Hospital universitario luis morillo King','DO','8492632235','','2025-06-13 16:16:31',NULL),(412,'14JUNIO','Ruth Esther','Amparo Muñoz','ruthamparo23@gmail.com','licenciado','Imágenes médicas','Hospital Dra. Armida García','DO','8296069784','Soy encargada de protección radiológica. \r\nMe interesa estar actualizada','2025-06-13 16:26:21',NULL),(413,'14JUNIO','José Abel','Diaz Fernán','Abelfernan1997@gmail.com','tecnico','Técnico de imágenes médicas','Hospital regional universitario Dr Luis Manuel Morillo King','DO','8299593538','Me encanta ampliar mis conocimientos, sería una grata experiencia reforzar mis conocimientos.','2025-06-13 16:29:14',NULL),(414,'14JUNIO','Carla Valeria','Reyes Silva','lic.carlareyess@gmail.com','licenciado','Tecnólogo médico en radiología','Incn','PE','946280979','Actualización continua en radiología y física','2025-06-13 16:36:50',NULL),(415,'14JUNIO','Julian Orlando','Paez Lopez','jopaezl@unal.edu.co','magister','Físico médico','Instituto Nacional de Cancerologia','CO','3222066473','Me interesa mucho la temática ya que estoy interesado en adelantar estudios de doctorado','2025-06-13 16:39:55',NULL),(416,'14JUNIO','Magda','Montaña','mmontana954@gmail.com','otro','Tecnóloga','Ifime','CO','+57 3138619842','','2025-06-13 16:43:08',NULL),(417,'14JUNIO','José Moisés','Arias Núñez','moisesarias56@yahoo.com','licenciado','Físico','Instituto de Investigación en Energía / UNAH','HN','87522820','Quiero conocer los avances de la física de radiaciones y la radio protección en la región, conocer los trabajos de posgrado e investigaciones que se están realizando en este tema.','2025-06-13 17:00:05',NULL),(418,'14JUNIO','Nora Liliana','Anampa Vega','noraav24@hotmail.com','licenciado','Tecnólogo Médico','Clínica San Felipe','PE','999322582','Soy Oficial de Protección Radiológica y deseo ampliar conocimientos','2025-06-13 17:02:08',NULL),(419,'14JUNIO','Gabriela','Sáenz Silva','gabysaenzsilva@yahoo.com.mx','tecnico','Técnico Radiólogo','Centro Estatal de Atención Oncológica de Michoacán e ISSSTE','MX','4431676045','Interés en todo lo que es protección radiológica','2025-06-13 17:27:34',NULL),(420,'14JUNIO','Jose Mercedes','Gonzales Rojas','gonzalesrojasjose@gmail.com','magister','Ingenieeo Quimico','Colegio de Ingenieros de La Libertad','PE','51948507535','Estar informado de avances','2025-06-13 17:53:49',NULL),(421,'14JUNIO','Kevin Rudel','López','13002620@galileo.edu','tecnico','Técnico en Radiología e imágenes diagnósticas','Centro Medico militar','GT','33010217','','2025-06-13 18:40:45',NULL),(422,'14JUNIO','Cristian Camilo','Pajaro Donado','ccpajaro@fucsalud.edu.co','otro','Estudiante','FUCS','CO','3105505394','Me parece un charla super interesante','2025-06-13 19:58:32',NULL),(423,'14JUNIO','Maurice José','González Basulto','mauricejgb1985@gmail.com','doctor','Profesor Universitario','Ministerio de educación superior','CU','52040116','','2025-06-13 20:17:12',NULL),(424,'14JUNIO','Cristhian','Guillen','cristhianmaradiaga1997@gmail.com','otro','Bombero','Cuerpo de Bomberos Honduras','HN','3364-1175','Obtener nuevos conocimientos','2025-06-13 20:43:58',NULL),(425,'28JUNIO','Edgar Antonio','Angulo Páez','angulopaez@gmail.com','licenciado','Físico médico','Unidad oncológica la clínica','VE','04145682610','Ampliar mis conocimientos como oficial de protección radiologica','2025-06-13 20:52:04',NULL),(426,'14JUNIO','Boris Harold','Dominguez Terán','borisharolddominguezteran@gmail.com','licenciado','Radiología','Hospital México','BO','65406025','','2025-06-13 21:34:28',NULL),(428,'14JUNIO','Yanira Guadalupe','Cárcamo Reyes','unikotrece@hotmail.com','licenciado','Licenciada en Radiología e Imagenes','Hospital Nacional Santa Gertrudis de San Vicente','SV','79429828','Fortalecer y ampliar conocimientos','2025-06-13 22:35:16',NULL),(429,'28JUNIO','Alejandro Ausberto','Rentería Vinces','viejo599@hotmail.com','licenciado','Tecnologo médico','Hospital Nacional Almanzor Aguinaga','PE','979555559','Actualizacion','2025-06-14 00:34:46',NULL),(430,'28JUNIO','Andy Josue','Torres Aguaisa','josu03torres@gmail.com','magister','Oficial de Seguridad Radiológica','Hospital General Docente de Calderón','EC','992356495','Fortalecimiento del conocimiento','2025-06-14 05:28:17',NULL),(431,'28JUNIO','Myriam Dayeira Muñoz','Ibarra','mmyriamdayeira@yahoo.es','especialista','Radiología','Hospital Federico lleras acosta E.S.E','CO','+57 310 8569594','Trabajo en el área de Radiología','2025-06-14 05:34:26',NULL),(432,'14JUNIO','Fernando','Chichique','fchichique@gmail.com','licenciado','Ingenieria Energetica','Grupo Euro Aires','SV','7897987','Aprendizaje','2025-06-14 13:24:24',NULL),(433,'14JUNIO','David','Pleitez','David.rafael@ues.edu.sv','licenciado','Físico','Universidad de El Salvador','SV','70256942','Interés en formar parte del Doctorado Regional en Física','2025-06-14 13:48:35',NULL),(434,'14JUNIO','Victor Stalyn','Armijos Vanega','victor.armijos@czetesis.com','otro','Químico','Centro de Investigación y Desarrollo Científico Zétesis','EC','981945732','Me interesa saber sobre el doctorado en Física','2025-06-14 14:00:07',NULL),(435,'14JUNIO','Gilson','Pucha','gilson.pucha@espoch.edu.ec','magister','Física','ESPOCH','EC','968879138','','2025-06-14 14:03:14',NULL),(436,'14JUNIO','Kevin','Hernandez','kevinhernandezbel@hotmail.com','licenciado','Docente','Udb','SV','76067562','Soy doctorando.','2025-06-14 14:43:59',NULL),(437,'14JUNIO','Cecilia Patricia','Rivera Sánchez','patrys28@gmail.com','licenciado','Profesional en Radiología é Imágenes','Centro Nacional de Radioterapia','SV','7786 2365','Implementar en el trabaajo lo aprendido','2025-06-14 15:20:13',NULL),(438,'14JUNIO','Brandom Miguel','Vazquez Flores','brandom251298@gmail.com','tecnico','Técnico Profesional en Radiología y Radioterapia','Centro Médico Nacional Manuel Avila Camacho','MX','2215709711','','2025-06-14 15:21:10',NULL),(439,'14JUNIO','Iris Anayanci','Ya','yancidepalacios17@gmail.com','licenciado','Fisioterapia','Independiente','SV','71921243','Aprendizaje','2025-06-14 15:55:08',NULL),(440,'28JUNIO','Fernando','Matos Ortega','fmatos2002@hotmail.com','magister','Físico médico','Instituto Oncológico Nacional Caja Petrolera de Salud','BO','70404746','Mejorar mis funciones como responsable de protección radiológica','2025-06-14 16:03:49',NULL),(441,'28JUNIO','Rosiel','Matos','rosielmmv@gmail.com','magister','Fisico Medico','CMC','otro','+584144822985','','2025-06-14 16:04:07',NULL),(442,'28JUNIO','Yasser Alexander','García Flores','yagarcuni@gmail.com','doctor','Docente','Universidad Nacional de ingeniería','NI','77296535','Interés en el tema','2025-06-14 16:04:20',NULL),(443,'28JUNIO','Gabriela Alessandra','Villacorta García','vg16009@ues.edu.sv','otro','Estudiante de Física','Universidad de El Salvador','SV','68447235','Soy estudiante de física en prácticas en Medicina Nuclear en el hospital rosales, me interesa el área de protección radiológica','2025-06-14 17:38:34',NULL),(444,'28JUNIO','Yanira Guadalupe','Cárcamo Reyes','unikotrece@hotmail.com','licenciado','Licenciada en Radiología e Imagenes','Hospital Nacional Santa Gertrudis de San Vicente','SV','79429828','Me interesa todo lo relacionado al tema y adquirir más conocimientos','2025-06-14 18:28:39',NULL),(445,'28JUNIO','Andres De Jesus','Pinto Mazariegos','andrespinto11@hotmail.com','tecnico','Tecnico en Radiologia Diagnostica','Hospital Nacional de Melchor de Mencos Peten','GT','48589896','Adquirir mas conocientos en proteccion Radiologica','2025-06-15 02:11:18',NULL),(446,'28JUNIO','Boris Harold','Dominguez Terán','borisharolddominguezteran@gmail.com','licenciado','licenciado en Bio Imagenología','Hospital Mexico','BO','65406025','Adquirir mayor conocimiento y mejorar las capacidades','2025-06-15 20:06:15',NULL),(447,'28JUNIO','Luis Arturo','Barbosa Espinosa','luisbertiz38@gmail.com','tecnico','Imágenes Diagnósticas','Clínica Montería','CO','3217173437','','2025-06-15 20:13:41',NULL),(448,'5JULIO','Manuela','Farro Quesquen','manuelapedro27@gmail.com','licenciado','TECNOLOGO MEDICO- RADIOLOGIA','HOSPITAL AMAZONICO - UCAYALI','PE','948923460','Capacitarme y aprender más para poder brindar a mis pacientes una buena atención.','2025-06-15 20:48:51',NULL),(449,'28JUNIO','Manuela','Farro Quesquen','manuelapedro27@gmail.com','licenciado','TECNOLOGO MEDICO- RADIOLOGIA','HOSPITAL AMAZONICO - UCAYALI','PE','948923460','Capacitarme y aprender más con el objetivo de cumplir con los protocolos de la proteccion radiologico y brindandoles la proteccion adecuada a los pacientes , trabajadores y personal etc.','2025-06-15 21:03:12',NULL),(450,'7JUNIOTOE','Edgar Gudiel','Salazar Acosta','gudielsalalazar@gmail.com',NULL,NULL,NULL,NULL,NULL,NULL,'2025-06-15 21:56:26',NULL),(451,'7JUNIOTOE','Reina Elizabeth','Mejia Alvarado','reinaelizabeth0555@gmail.com',NULL,NULL,NULL,NULL,NULL,NULL,'2025-06-15 21:57:13',NULL),(452,'7JUNIOTOE','Antonia Gabriela','Sosa Molino','Sosa.m.antonia.g@gmail.com',NULL,NULL,NULL,NULL,NULL,NULL,'2025-06-15 21:57:56',NULL),(453,'7JUNIOTOE','Aracely Beatriz','Silva Diaz','dimecely@gmail.com',NULL,NULL,NULL,NULL,NULL,NULL,'2025-06-15 21:59:13',NULL),(454,'7JUNIOTOE','Elsa Aide Barrientos','Palma de Aguilar','elsitabarrientos2016@gmail.com',NULL,NULL,NULL,NULL,NULL,NULL,'2025-06-15 22:00:18',NULL),(455,'28JUNIO','Margoth','Prieto','margothprieto@gmail.com','licenciado','Tecnologo médico','Hospital','PE','986929249','A','2025-06-15 22:07:35',NULL),(457,'28JUNIO','Leonel','Hincapié Hernandez','leonelhh9009@hotmail.com','magister','Fisico Medico','UNAD','CR','70444203','','2025-06-16 03:08:57',NULL),(458,'28JUNIO','Miguel Angel','Torrez Almaraz','migueltorrezalmaraz@gmail.com','licenciado','Bioimagenologo','Cns','BO','72070181','Enriquecer conocimientos','2025-06-16 03:11:27',NULL),(459,'28JUNIO','Leylis Vanessa','Raúdez Gómez','ley.raudez@gmail.com','licenciado','Fisica medica','Hospital Aleman Nicaragüense','NI','8784_7511','Actualizar y adquirir  nuevos conocimientos','2025-06-16 05:18:05',NULL),(460,'28JUNIO','Álvaro David','Ruiz Hidalgo','prl.osr.13b@gmail.com','magister','Biofísico','Hospital General Francisco de Orellana','EC','0984570635','Actualización de conocimientos y aprendizaje continuo','2025-06-16 10:09:39',NULL),(462,'28JUNIO','Cristina Elizabeth','Ajila Jiménez','cristiajila980@gmail.com','otro','Biofísica','HIAL','EC','939399716','Actualizar conocimientos','2025-06-16 17:31:21',NULL),(463,'28JUNIO','Sergio Josue','Martinez Velasquez','sergi2290@gmail.com','licenciado','Fisico','Independient','NI','77525619','Soy fisico medico','2025-06-17 01:24:13',NULL),(464,'28JUNIO','Yostyn','Fuentes Diaz','yostynfd14@gmail.com','licenciado','Físico','INEN','PE','906124505','Estoy desempeñándome en el rubro de la física medica y este tipo de charlas son muy importantes para mi.','2025-06-17 13:50:43',NULL),(465,'28JUNIO','Mónica Michele','Garcia Mejía','garciamonica165@outlook.com','tecnico','Técnico en Radiología Medica','Hospital Escuela','HN','9691-1661','Estoy interesada en aprender sobre protección radiológica con el fin de aplicar y orientar sobre protección radiológica en mi área de trabajo y con el propósito de convertirme en un futuro en OPR.','2025-06-17 20:57:56',NULL),(466,'28JUNIO','Marleny Felipa','Lara Cruz','marlenylara63@gmail.com','tecnico','Radiologa','Clínica Monteriori','PE','995429032','','2025-06-18 02:27:13',NULL),(467,'28JUNIO','Daniel','Canjura','dokanjura@gmail.com','licenciado','Radiología','ISSS','SV','78224030','Educación continua','2025-06-19 16:49:31',NULL),(468,'28JUNIO','Diana Marilu','Carranza De Portillo','dimaricarranza@gmail.com','tecnico','Enfermería','Clinica privada','SV','7831 5865','Aumentar los conocimientos en esta área','2025-06-19 17:05:24',NULL),(469,'28JUNIO','Iris Anayanci','Hernández','yancidepalacios17@gmail.com','licenciado','Fioterapeuta','Independiente','SV','71921243','Aprendizaje','2025-06-19 17:07:48',NULL),(470,'28JUNIO','Fátima Mabel','Villalta Ramos','fvillalta97@gmail.com','doctor','Médico turnista','MINSAL','SV','75278983','Educación','2025-06-19 17:10:06',NULL),(471,'28JUNIO','José Abel','Díaz Fernández','Abelfernan1997@gmail.com','tecnico','Imágenes médicas','HRULMMK','DO','8299593538','Me gusta actualizar mis conocimientos','2025-06-20 02:07:49',NULL),(472,'5JULIO','Carmen','Francisco','aquinofranciscocarmen@gmail.com','licenciado','Imágenes médicas','Hospital universitario luis morillo King','PR','8492632235','','2025-06-20 02:31:52',NULL),(473,'28JUNIO','Ingrid Lisseth','Villatoro Melendez','Lissethvillatoro680@gmail.com','licenciado','Licenciada en Radiología e Imagenes','Hospital Nacional Santa Gertrudis de San Vicente','SV','78083456','Me interesa continuar la información','2025-06-20 16:25:11',NULL),(474,'28JUNIO','Yanet','García Lozada','thedragarcia@gmail.com','magister','MÉDICO CIRUJANO. ESPECIALISTA EN RADIODIAGNÓSTICO','UCLA','VE','58 4245481536','MI ESPECIALIDAD, ES MÉDICO RADIÓLOGO. DOCENTE POSTGRADO','2025-06-21 13:49:35',NULL),(475,'28JUNIO','Karla Marlene','Flores Osegueda','karlaoseguedaflores@gmail.com','licenciado','Lic radiología','Clínica Brito mejia peña','SV','70338862','Soy encargada de protección radiologíca','2025-06-21 14:55:47',NULL),(476,'28JUNIO','Concepcion','Romero','cony.romero48@gmail.com','licenciado','Licenciada en Radiología e Imágenes','ISSS','SV','78628977','Actualizar los conocimientos y conocer los retos que se le presentarán al responsable de protección radiológica.','2025-06-21 16:29:51',NULL),(477,'28JUNIO','Patricia Carolina','Moreno Rivas','carolim19@gmail.com','licenciado','Radiología e Imágenes','Minsal Hospital Nacional','SV','77371475','Muy pronto habilitará la prestación de este servicio a  la poblacion','2025-06-21 17:02:28',NULL),(478,'7JUNIOTOE','Narda Elizabeth','Alvarado Rivas','elizabethrivas169@gmail.com',NULL,NULL,NULL,NULL,NULL,NULL,'2025-06-24 19:46:41',NULL),(479,'5JULIO','José Alexander','Leal López','leal.josealex@gmail.com','magister','Físico Médico','DEA','VE','+584160582474','Capacitación','2025-06-24 19:48:40',NULL),(480,'7JUNIOTOE','Juan Agustín','Diaz Urbina','farjuandiaz@gmail.com',NULL,NULL,NULL,NULL,NULL,NULL,'2025-06-24 19:50:40',NULL),(481,'7JUNIOTOE','María de los Ángeles','Sánchez Olmedo','8535@gmail.com',NULL,NULL,NULL,NULL,NULL,NULL,'2025-06-24 19:56:50',NULL),(482,'28JUNIO','Carlos Anubis','Jovel Melendez','anubisjovelrx@gmail.com','licenciado','Licenciado en Radiología','ISSS','SV','78878419','Quiero conocer la referencia internacional con respecto a la Nuestra.','2025-06-24 21:04:57',NULL),(483,'5JULIO','Yaurima','Gómez','yaurima.gomez@gmail.com','otro','Ing. Procesos Químicos','Dirección de Energía Atómica - Mincyt','VE','04142371653','Pertenezco a la autoridad reguladora de Venezuela, estoy interesada en este tema para obtener los conocimientos en el área y aplicarlo en mi área laboral.','2025-06-24 22:39:43',NULL),(484,'5JULIO','Cecilia Patricia','Rivera Sánchez','patrys28@gmail.com','licenciado','Profesional en Radiología é Imágenes','Centro Nacional de Radioterapia','SV','7786 2365','Aprender yy transmitir el vonocimiento\r\n\r\nPonerlo en práctica','2025-06-24 22:46:30',NULL),(485,'28JUNIO','Nadia','Reyes','nadiareyes@arsa.gob.hn','doctor','Médico general','ARSA','HN','89380022','','2025-06-25 00:23:48',NULL),(486,'5JULIO','Gilda','Choque Mamani','Choquegildabiotm@gmail.com','licenciado','Bioimanologo','Umsa','BO','64121289','','2025-06-25 02:39:07',NULL),(487,'28JUNIO','Milton Alejandro','Jimenez Martinez','jm_milton@hotmail.com','licenciado','Lic en Radiología e imágenes','Hospital nacional santa Teresa','SV','73786781','','2025-06-25 18:26:28',NULL),(488,'5JULIO','Jessica','Gonzalez','jkg24en@hotmail.com','licenciado','Profesional en radiologia','Cnrt','SV','77477722','Conocimiento','2025-06-27 21:53:24',NULL),(489,'5JULIO','Rosselly Petronila','Ramos Chinchay','roselyramosch01@gmail.com','licenciado','Fisica','Asl servicios multiples','PE','950452611','','2025-06-28 16:15:36',NULL),(490,'5JULIO','Diana Carolina','Mucha Lopez','dayan12cg45733701@gmail.com','magister','Tecnologo Medico en radiologia','Instituto Nacional de Salud del Niño','PE','930446696','','2025-06-28 16:15:46',NULL),(491,'5JULIO','David Josue','Garcia Meza','dmeza8104@gmail.com','tecnico','técnico en radioterapia, auxiliar de enfermería','Medicenter','HN','96914198','','2025-06-28 16:16:22',NULL),(492,'5JULIO','Fredy','Félix Purilla','fredyaries@hotmail.es','licenciado','Tecnólogo Médico en Radiología','Hospital Regional de Ica','PE','969695570','','2025-06-28 16:22:24',NULL),(493,'5JULIO','Fernando','Matos Ortega','fmatos2002@hotmail.com','magister','Físico médico','Instituto Oncológico Nacional Caja Petrolera de Salud','BO','70404746','','2025-06-28 16:33:31',NULL),(494,'5JULIO','Mileinis Paola','Tilano Barraza','mileinistilano13@gmail.com','otro','Tecnologa en Radiología','Ips Cardiocentro pediátrico de sucre','CO','3103808659','','2025-06-28 16:35:12',NULL),(495,'5JULIO','Leoreana Jacinta','Marcano Santos','leoreanasantos@gmail.com','magister','Físico médico','Physion Tecnología Nuclear','VE','04248897718','','2025-06-28 16:46:56',NULL),(496,'5JULIO','Ruth Esther','Amparo Muñoz','ruthamparo23@gmail.com','licenciado','Licenciado en imagenologia','Hospital Dra. Armida García','DO','829-606-9784','','2025-06-28 16:50:47',NULL),(497,'5JULIO','Emilton Antonio','Arrieta Lara','emiltonarrietalara82@gmail.com','otro','Tecnológo en radiología e imagen diagnóstica','Clínica especializada la concepción','CO','3216258065','','2025-06-28 16:54:50',NULL),(499,'5JULIO','Margoth','Prieto Veramendi','margothprieto@gmail.com','licenciado','Tecnologo  médico','Hospital','PE','986929249','','2025-06-28 17:00:06',NULL),(500,'5JULIO','Wolfrank Leonardo','Villamil Deantonio','wolfranklvillamil@gmail.com','otro','Topografo','Top Geoespacial','CO','3185714114','','2025-06-28 17:08:32',NULL),(501,'5JULIO','Carlos Anubis','Jovel Melendez','anubisjovelrx@gmail.com','licenciado','Licenciado en Radiología','ISSS','SV','78878419','','2025-06-28 17:09:15',NULL),(502,'5JULIO','Daniel','Umaña','daniel_u571@hotmail.com','otro','Ingeniero electronico','Medicenter','HN','99637771','','2025-06-28 17:20:45',NULL),(503,'5JULIO','Sindy Paola','Maldonado','spmm19@hotmail.com','tecnico','Técnico en Radioterapia','MEDICENTER','HN','96630696','','2025-06-28 17:25:44',NULL),(504,'5JULIO','Elizabeth','Rivera','liz.rivera2010@gmail.com','doctor','Médico Radiólogo','IGSS','GT','57044445','','2025-06-28 17:26:13',NULL),(505,'5JULIO','José Oswaldo','Abad Ovalle','Joseoswaldo.abadovalle@gmail.com','licenciado','Físico','FAP','PE','969680965','','2025-06-28 17:26:17',NULL),(506,'5JULIO','Maryory Brenda','Ramos Gómez','medic.hokage@hotmail.com','licenciado','Tecnólogo médico','Iren centro','PE','926216575','','2025-06-28 17:36:49',NULL),(507,'5JULIO','Pedro','Cortez','tezcotoberal@gmail.com','especialista','DOSIMETRÍSTA','Instituto Oncológico Nacional','BO','72278002','','2025-06-28 17:43:21',NULL),(508,'5JULIO','Lupita','Monsalvo','lupitamonsalvo08@gmail.com','tecnico','Técnico radiólogo','Hospital general alamo','MX','52 7651039094','','2025-07-03 23:05:46',NULL),(509,'5JULIO','Cecilia','Alfaro','ceciliaalfaro536@gmail.com','doctor','Doctorado','Unime','SV','78845155','','2025-07-04 05:58:34',NULL),(510,'5JULIO','Elsy','Garduño','jisg.stak@gmail.com','licenciado','Biomedico','Clínica privada','MX','5522405837','','2025-07-04 06:33:28',NULL),(511,'5JULIO','Juan Manuel','Hernandez Esquivel','fisjmvel@gmail.com','licenciado','Físico','Tecnológico Regional de Toluca','MX','7226443891','Cual es la guía que protege más a pacientes pediatricos?','2025-07-04 18:10:29',NULL),(515,'9AGOSTO','Cecilia','Alfaro','Ceciliaalfaro536@gmail.com','magister','Médico','Aspr','SV','60022476','Mio','2025-07-22 03:10:37',NULL),(516,'9AGOSTO','Jessica','Gonzalez','jkg24en@hotmail.com','licenciado','Radiologia e imagenes','Professional en radiogia','SV','77477722','Conocimiento','2025-07-22 03:19:42',NULL),(517,'9AGOSTO','Cristian','Pájaro','ccpajaro@fucsalud.edu.co','otro','Estudiante','FUCS','CO','3105505394','Me parece un tema super importante para mí tener más conocimiento sobre ello.','2025-07-22 03:28:17',NULL),(518,'27SEPTIEMBRE','Ingrid','Lopez','angel2004inla@yahoo.com','licenciado','En fisica','Centro Nacional de Radioterapia Nora Astorga','NI','82542185','Interés por la protección radiológica de mi institución, poder orientar y ejecutar medidas para mejorar.','2025-07-22 12:35:55',NULL),(519,'27SEPTIEMBRE','Josue Benito','Torrez Gomez','tben0281@gmail.com','licenciado','Físico Dosimetrista','CNR','NI','505 5878 3477','Aprendizaje y ayudar a los pavientes','2025-07-22 16:07:37',NULL),(520,'9AGOSTO','Leoreana Jacinta','Marcano Santos','leoreanasantos@gmail.com','magister','Físico médico','Physion Tecnología Nuclear','VE','04248897718','','2025-07-23 22:37:43',NULL),(521,'9AGOSTO','Guadalupe','Quiroz','guadalupequirozramirez95@gmail.com','licenciado','Lic. En Radiología y Bioimagenes','Medimap','PY','986748086','','2025-07-23 22:57:19',NULL),(522,'9AGOSTO','Yober Roy','Mendoza Vicaña','yobermv0808@gmail.com','tecnico','Enfermería','Hospital san juan de kimbiri','PE','998666702','Aprender y estar capacitado','2025-07-23 23:16:26',NULL),(523,'9AGOSTO','Christian Eduardo','Navas Campos','navaschristian13@gmail.com','licenciado','Radiología e imagen','Centro Salvadoreño de Radioterapia','SV','60265133','Adquirir nuevos conocimientos','2025-07-23 23:24:06',NULL),(524,'9AGOSTO','Denisse','Anzora','denisseodalis07@gmail.com','licenciado','Rádioterapista','Centro Salvadoreño de Radioterapia e ISSS','SV','7088-4953','Conocimiento','2025-07-23 23:26:19',NULL),(525,'9AGOSTO','Alexander Aimar','Cajusol Paez','alexaimarcajusol@gmail.com','licenciado','Tecnólogo médico en radiología','Tomomedic','PE','922998029','Dosimetria y tecnología en el tratamiento oncológico.','2025-07-23 23:32:12',NULL),(526,'9AGOSTO','Luis','Simon Hervas','TUNQUI007@HOTMAIL.COM','licenciado','TECNOLOGO MEDICO','HOSPITAL','PE','951600968','','2025-07-23 23:52:56',NULL),(527,'9AGOSTO','Divhey','López','yevidlopez@gmail.com','otro','Estudiante','UNAD','CO','3165656891','','2025-07-24 00:17:52',NULL),(528,'9AGOSTO','Dayanna Estefania','Ortega Patiño','estefaniaortega217@gmail.com','licenciado','Imagenologia y Radiología','Ninguna (Estudiante)','EC','0990114784','','2025-07-24 06:57:50',NULL),(529,'9AGOSTO','Ricardo','Bermudez','ricardobermudez350@gmail.com','licenciado','Licenciado','Mpps hospital Simó Bolívar','VE','+5804125546653','','2025-07-24 11:36:26',NULL),(530,'9AGOSTO','Ernesto Rafael','Perez','rafaelperezctes236@gmail.com','tecnico','Licenciatura en Sistemas de Información Aplicado a la salud','https://iquiba-nea.conicet.gov.ar/','AR','3794752043','capacitarme','2025-07-24 12:03:49',NULL),(531,'9AGOSTO','Diana','Rodríguez','dianarodriguezr01@gmail.com','licenciado','Radiología e imágenes','Prorad','SV','76782784','','2025-07-24 15:12:19',NULL),(532,'9AGOSTO','Carol Lizeth','Bautista Rodríguez','clbautista@fucsalud.edu.co','tecnico','Tegnologo en radiología e imágenes diagnósticas','Fucs','CO','3123113818','','2025-07-24 18:54:57',NULL),(533,'9AGOSTO','Niny','Moncada','Ninymoncada1213@gmail.com','tecnico','Radiología imágenes y ayudas diagnósticas','Cidim sas','CO','3146355738','','2025-07-24 19:09:02',NULL),(534,'9AGOSTO','Cecilia Patricia','Rivera Sánchez','patryrs@gmail.com','licenciado','Profesional en Radiología é Imágenes','Centro Nacional de Radioterapia','SV','7786 2365','Aprender e implementar lo aprendido','2025-07-25 01:54:30',NULL),(535,'30AGOSTO','Cecilia Patricia','Rivera Sánchez','patryrs@gmail.com','licenciado','Profesional en Radiología é Imágenes','Centro Nacional de Radioterapia','SV','7786 2365','Implementar lo aprendido y difundirlo','2025-07-25 01:55:54',NULL),(536,'9AGOSTO','Daniel','Canjura','dokanjura@gmail.com','licenciado','Radiología','ISSS','SV','78224030','','2025-07-25 02:57:13',NULL),(537,'9AGOSTO','Helen','Balderrama','balderramahelen49@gmail.com','tecnico','Técnico radiologo','Hospital del Norte cbba Bolivia','BO','74349402','Aprender más sobre tumores y exposición de radiación','2025-07-25 12:33:17',NULL),(538,'9AGOSTO','Milagros','Villanueva','villanuevamilagros1999@hotmail.com','tecnico','Producción de Bioimagenes','Diagnóstico por imagenes','AR','(343) 540-1507','Adquirir conocimientos','2025-07-27 23:39:14',NULL),(539,'9AGOSTO','Veronica Romina','Revollo','rominarevollo@gmail.com','licenciado','Radiologa','Clinica cruz azul','AR','1128941669','Actualuzacion sobre radiologia','2025-07-27 23:42:54',NULL),(540,'9AGOSTO','Corina','Díaz','corinaelisadiaz@gmail.com','tecnico','Técnica','Ninguna','AR','+542235415200','Continuar con capacitación aunque no esté trabajando','2025-07-27 23:54:42',NULL),(541,'9AGOSTO','Gabriela','Alonso','gabrielavalonso@hotmail.com','tecnico','Técnica superior en radiologia','Hospital presidente Peron Sarandi','AR','1167538400','Superarme  día a día','2025-07-28 00:27:40',NULL),(542,'9AGOSTO','Silvia','Quispe','silviaquispejurado19@gmail.com','licenciado','Tecnologo medico','Hospital san juan peru','PE','990165809','','2025-07-28 01:33:10',NULL),(543,'9AGOSTO','Victor Javier','Vazquez Zamora','ctulu66@gmail.com','doctor','Radio oncólogo','AB radiocirugía y radioterapia de Puebla','MX','2223844986','Formación académica','2025-07-28 02:34:21',NULL),(544,'9AGOSTO','Carolina Lucia','Benitez','lubenitez660@gmail.com','tecnico','Técnico en radiología','..','AR','2664945246','Me gusta aprender','2025-07-28 11:35:02',NULL),(545,'9AGOSTO','Enny Carolina','Ariza García','ecariza@gammahealthsa.com','licenciado','Bacterióloga','Gammahealth SA de CV','CO','3203053101','Actualización','2025-07-28 17:19:49',NULL),(546,'9AGOSTO','Brisa','Augier','Brisaaugier49@gmail.com','tecnico','Radiología','No tengo','AR','3865372662','Este año me recibo de técnico  radiólogo y me intera mucho aprender algo nuevo','2025-07-28 21:30:29',NULL),(547,'9AGOSTO','Mildred Ericka','Kubatz La Madrid','milykubatz84@gmail.com','especialista','Médico','Hospital','BO','+59168796290','Aprender','2025-07-29 03:01:25',NULL),(548,'9AGOSTO','Miguel Angel','Torrez Almaraz','migueltorrezalmaraz@gmail.com','licenciado','Bioimagenologo','Cns','BO','72070181','','2025-07-29 21:58:38',NULL),(549,'27SEPTIEMBRE','Jessica','Gonzalez','jkg24en@hotmail.com','licenciado','Radiologia','Cnrt','SV','77477722','Conocimiento','2025-07-30 00:55:58',NULL),(550,'9AGOSTO','Jhon','Téllez','phyjhon@gmail.com','magister','Licenciado en Física','Hospital Regional de Concepción','CL','967514345','','2025-07-30 23:22:30',NULL),(551,'9AGOSTO','Henry Diego','Patty Flores','legendryus@gmail.com','doctor','Médico Nuclear','ABEN CMNYR LA PAZ','BO','72536718','','2025-07-31 15:15:54',NULL),(552,'9AGOSTO','Pedro','Cortez','tezcotoberal@gmail.com','licenciado','DOSIMETRÍSTA','Instituto Oncológico Nacional','BO','72278002','','2025-07-31 18:23:10',NULL),(553,'9AGOSTO','Roberto Carlos','Aparicio Guatemala','robertoapariciomp@gmail.com','licenciado','Físico en Radioterapia','Liga Contra el Cáncer de El Salvador','SV','73719318','','2025-07-31 19:14:15',NULL),(554,'9AGOSTO','Daniela Nerina','Rodriguez','Daniela.r30@yahoo.com','tecnico','Técnica Radióloga y en Terapia Radiante','Hospital','AR','3804772021','','2025-07-31 19:20:37',NULL),(555,'9AGOSTO','Jose Alfredo','Soriano Vaquerano','jose.soriano@accesa.com.sv','otro','Ingeniero','Asesores y Consultores en Comercio Exterior, SA de Cv (ACCE, SA de CV)','SV','78559900','Muy interesantes sus seminarios, deberian organizar uno presencial en el país con varios ponentes, para ir a recibir estas interesantes actualizaciones. Hay Diploma por participar?','2025-08-02 23:22:15',NULL),(556,'9AGOSTO','Valeria','Becerra','Stefaniavaleria94@gmail.com','licenciado','Licenciada en Imagenologia','Clínica Santa Ana','EC','0987714572','','2025-08-02 23:27:23',NULL),(557,'9AGOSTO','Fidel','Torres Garcete','torresgarcetefidel@gmail.com','licenciado','Radiologo','INCAN','PY','9834 80796','','2025-08-02 23:32:59',NULL),(558,'9AGOSTO','Marieta','Del Rosario','marietadelrosario@outlook.com','especialista','Oficial de proteccion radiologica','Css','PA','68176208','','2025-08-02 23:43:15',NULL),(559,'9AGOSTO','Cristian Jesus','Ccanto Najarro','cristianccanto97@gmail.com','licenciado','Físico','Instituto Nacional de Enfermedades Neoplásicas','PE','933834862','','2025-08-02 23:43:22',NULL),(560,'9AGOSTO','Marco Rene','Ponciano Giron','renegold@gmail.com','licenciado','Médico y cirujano','Mspas','GT','59785470','','2025-08-03 00:11:57',NULL),(561,'9AGOSTO','Milton Alejandro','Jimenez Martinez','Jimiltonmenez@gmail.com','licenciado','Lic en Radiología e imágenes','Ministerio de salud','SV','73786781','','2025-08-03 00:13:22',NULL),(562,'9AGOSTO','Bibiana Aracely','Similox Sut','bibi_simi@live.com','tecnico','Técnico en Radiología e imágenes diagnosticas','Instituto guatemalteco de seguridad social igss','GT','58653189','','2025-08-03 02:29:31',NULL),(563,'9AGOSTO','Rosio','Gálvez Vasquez','rosi_gv@hotmail.com','licenciado','Tecnólogo médico','Hospital Nacional Arzobispo Loayza','PE','992821285','','2025-08-03 05:02:43',NULL),(564,'9AGOSTO','José Oswaldo','Abad Ovalle','joseoswaldo.abadovalle@gmail.com','licenciado','Físico','FAP','PE','969680964','','2025-08-03 05:56:54',NULL),(565,'9AGOSTO','Celso Luis','Melgarejo Arévalos','melgarejo356@gmail.com','licenciado','Radiologo','Instituto Nacional de Cardiología','PY','992313455','','2025-08-03 11:36:07',NULL),(566,'9AGOSTO','Ruth Esther','Amparo Muñoz','ruthamparo23@gmail.com','licenciado','Licenciado en imagenologia','Hospital Dra. Armida García','DO','829-606-9784','','2025-08-03 12:03:30',NULL),(567,'9AGOSTO','Fernando Gabriel','Olmedo','folmedo@cemenurnk.org.ar','tecnico','Dosimetrista','CEMENURNK','AR','3704706305','','2025-08-03 14:54:14',NULL),(568,'9AGOSTO','Maurice José','González Basulto','mauricejgb1985@gmail.com','doctor','Profesor Universitario','Universidad de Ciencias Médicas de Camagüey Cuba','CU','52040116','Especificidades para cada localización por favor agradecido','2025-08-03 18:55:29',NULL),(569,'30AGOSTO','Maurice José','González Basulto','mauricejgb1985@gmail.com','doctor','Profesor Universitario','Universidad de Ciencias Médicas de Camagüey Cuba','CU','52040116','Especificidades de dosimetría en tumores periféricos','2025-08-03 18:56:39',NULL),(570,'27SEPTIEMBRE','Maurice José','González Basulto','mauricejgb1985@gmail.com','doctor','Profesor Universitario','Universidad de Ciencias Médicas de Camagüey Cuba','CU','52040116','Algunas particularidades de la protección Radiológica en embarazadas ocupacionalmente expuestas','2025-08-03 18:57:45',NULL),(571,'9AGOSTO','Alexandra','Pabon','chemyalex22@gmail.com','magister','Fisica medica','Clínica los Nogales','CO','3003199428','','2025-08-04 09:53:37',NULL),(572,'9AGOSTO','Rocio Anahi','Rojas','rojasrocioanahi@gmail.com','tecnico','Técnico superior en diagnóstico por imagenes','.','AR','3858451784','','2025-08-05 11:09:53',NULL),(573,'9AGOSTO','Rosiel','Matos','rosielmmv@gmail.com','magister','Fisico Medico','HOMPC','VE','0414 482 2985','','2025-08-05 15:26:59',NULL),(574,'9AGOSTO','Diana Marilú','Carranza De','dimaricarranza@gmail.com','tecnico','Enfermera','Privado','SV','78315865','','2025-08-06 14:16:12',NULL),(575,'9AGOSTO','Carmen','Aquino Francisco','aquinofranciscocarmen@gmail.com','magister','Imágenes médicas','Hospital universitario luis morillo King','DO','8492632235','','2025-08-06 14:16:28',NULL),(576,'9AGOSTO','María Cruz','Inga Quistan','Mafer04086@gmail.com','licenciado','Tecnologo médico','Hospital regional Lambayeque','PE','979175189','En que parte se encuentran los tumores en movimiento','2025-08-06 14:24:45',NULL),(577,'9AGOSTO','Mileinis Paola','Tilano Barraza','mileinistilano13@gmail.com','otro','Tecnologa en Radiología e imagenes diagnósticas','Ips cardiocentro pediátrico de sucre','CO','3103808659','','2025-08-06 15:10:28',NULL),(578,'9AGOSTO','Guillermina','Aviles Rivas','rivasavilez9@gmail.com','licenciado','FISICO MEDICO','HOSPITAL MILITAR ALEJANDRO DAVILA BOLAÑOS, NICARAGUA','NI','88600039','','2025-08-06 15:40:50',NULL),(579,'9AGOSTO','Evaneida','Hiciano Pimentel','evahp07@outlook.com','doctor','Médico','Hospital','DO','8296374145','','2025-08-06 16:36:32',NULL),(580,'9AGOSTO','Manuela','Farro Quesquen','manuelapedro27@gmail.com','licenciado','Tecnológo Médico - Radiologia','Hospital Amazónico Ucayali','PE',',948923460','','2025-08-06 17:46:49',NULL),(581,'9AGOSTO','Leonel','Hincapié Hernandez','leonelhh9009@hotmail.com','magister','Fisico Medico','UNAD','CO','3002352099','','2025-08-06 18:39:09',NULL),(582,'9AGOSTO','Ana Flor','Pedraza Vargas','ynesa_4@hotmail.com','licenciado','Tecnólogo médico en radiología','Hospital dos de mayo','PE','959063832','','2025-08-06 18:49:49',NULL),(583,'9AGOSTO','Carlos Daniel','López Portillo','dl4401531@gmail.com','licenciado','Licenciado en Radiología e Imágenes','Centro Nacial de Radioterapia','SV','70975317','','2025-08-06 20:24:03',NULL),(584,'9AGOSTO','Leylis','Raudez Gomez','ley.raudez@gmail.com','licenciado','OPR','Hospital  Alemán Nicaragüense','NI','22482248','','2025-08-06 20:55:36',NULL),(585,'9AGOSTO','Evelin','Calizaya','ecalizayachambi@gmail.com','licenciado','Bio-Imagenologia','Agencia boliviana de energía nuclear','BO','+59173317855','Ninguna','2025-08-07 00:56:46',NULL),(586,'9AGOSTO','Enny Carolina','Ariza Garcia','Enny.ariza@nuclearespecialistas.com','especialista','Bacterióloga','Nuclear Especialistas SAS','CO','3203053101','','2025-08-07 08:50:38',NULL),(587,'9AGOSTO','Carlos','Hernández','Chernandez@radioterapia.com.ve','especialista','Radioterapia oncológica','Gurve','VE','4149039957','','2025-08-07 10:25:18',NULL),(588,'9AGOSTO','Guadalupe','Fernández','guadafernandez3096@gmail.com','licenciado','Licenciada en Radiología','Instituto Nacional del Cáncer','PY','983435453','','2025-08-07 15:24:42',NULL),(589,'9AGOSTO','Victor Javier','Vazquez Zamora','ctulu1108@hotmail.com','especialista','radio oncologo','AB radiocirugía y radioterapia','MX','2223844986','','2025-08-07 22:48:48',NULL),(590,'9AGOSTO','Enny Carolina','Ariza García','encarga77@hotmail.com','especialista','Bacterióloga','Nuclear Especialistas SAS','CO','3203053101','','2025-08-08 02:41:26',NULL),(591,'27SEPTIEMBRE','Odorico','Belzusarri','ivanbelzusarri@gmail.com','especialista','Radioterapia','Instituto Nacional de Enfermedades Neoplasicas','PE','997529542','Trabajo con Acelradores Lineales para el tratamiento del cancer en un Instituto Nacional Oncologico','2025-08-08 03:52:59',NULL),(592,'27SEPTIEMBRE','Leoreana Jacinta','Marcano Santos','Physionfisicomedico@gmail.com','magister','Físico médico','Physion Tecnología Nuclear','VE','04248897718','','2025-08-08 11:36:03',NULL),(593,'30AGOSTO','Leoreana Jacinta','Marcano Santos','leoreanasantos@gmail.com','magister','Físico médico','Physion Tecnología Nuclear','VE','04248897718','','2025-08-08 11:36:51',NULL),(594,'27SEPTIEMBRE','Aarón','Ascanio','eiron00@gmail.com','licenciado','Ing. Industrial','IVIC','VE','4140276380','Apoyo como país para fortalecer estrategias en protección radiologica a nivel de país','2025-08-08 12:54:31',NULL),(595,'30AGOSTO','Aarón','Ascanio','eiron00@gmail.com','licenciado','Ing. Industrial','IVIC','VE','4140276380','Apoyó y actualización en ael área de evaluación dosimetrica','2025-08-08 12:57:59',NULL),(596,'27SEPTIEMBRE','Iralda','Ramos','iraldyramos@gmail.com','magister','Química','Regulador','EC','0998506884','','2025-08-08 13:54:37',NULL),(597,'27SEPTIEMBRE','David','Silva','silvaprades.edu@gmail.com','doctor','Ciencias Pedagógicas','Instituto de Estudios Avanzados/Escuela Superior Internacional','VE','04263108800','Como Decano de la Escuela Superior Internacional desempeño funciones de TSA6 en el ámbito de la formación en protección radiológica, además, mi institución es miembro pleno de LANENT. Por ello, el seminario me resulta de sumo interés para el fortalecimiento de la estrategia nacional de capacitación en protección radiológica en mi país.','2025-08-08 17:36:48',NULL),(598,'9AGOSTO','Liset','Quintero','lisandreaq96@gmail.com','otro','Físico','1049646388','CO','3224270814','','2025-08-08 21:37:15',NULL),(599,'IHB5M','Maurice José','González Basulto','mauricejgb1985@gmail.com',NULL,NULL,NULL,NULL,NULL,NULL,'2025-08-08 23:56:26',NULL),(600,'30AGOSTO','Pedro','Cortez','tezcotoberal@gmail.com','especialista','DOSIMETRÍSTA','Instituto Oncológico Nacional','BO','72278002','','2025-08-09 17:27:26',NULL),(601,'30AGOSTO','Guadalupe','Fernández','guadafernandez3096@gmail.com','licenciado','Licenciada en Radiología','Instituto Nacional del Cáncer','PY','983435453','','2025-08-09 17:28:00',NULL),(602,'30AGOSTO','Yanet','García Lozada','thedragarcia.ucsti@gmail.com','magister','Médico especialista en Radiodiagnóstico','UCLA','VE','042425481536','mi profesión','2025-08-09 17:28:59',NULL),(603,'30AGOSTO','Enny Carolina','Ariza García','ecariza@gammahealthsa.com','especialista','Bacterióloga','Gammahealth SA de CV','CO','3203053101','Actualización continua','2025-08-09 17:29:17',NULL),(604,'30AGOSTO','Yostyn Alexander','Fuentes Diaz','yostynfd14@gmail.com','licenciado','Física','AUNA','PE','906124505','Estoy iniciando mi pasantía en física medica por ende estoy muy interesado en cada área que corresponda, considerando que en cada evento se aprende algo nuevo.','2025-08-09 17:30:54',NULL),(605,'30AGOSTO','Manuela','Farro Quesquen','manuelapedro27@gmail.com','licenciado','Tecnólogo Medico en Radiologia','Hospital Amazonica','PE','948923460','Aprender a identificar el riesgo de fracturas y, en consecuencia, orientar medidas para orientar a mis pacientes.','2025-08-09 17:31:50',NULL),(606,'30AGOSTO','Karla Marlene','Flores Osegueda','karlaoseguedaflores@gmail.com','licenciado','Lic radiología','Clínica Brito mejia peña','SV','70338862','','2025-08-09 18:31:10',NULL),(607,'30AGOSTO','Gabriel','Cabana','gcabana84@gmail.com','licenciado','Dosimetrista','CEMENURNK','AR','3704850427','Me interesa seguir aprendiendo, y saber cómo hacen o resuelven distintas situaciones en otra lugares y que herramientas utilizan','2025-08-09 19:15:45',NULL),(608,'30AGOSTO','Javier Guillermo','Posada Rudas','Jgposadar@unal.edu.co','magister','Fisico Médico','IMAT','CO','3207890019','Reforzar los conocimientos to en dosimetria.','2025-08-09 23:49:24',NULL),(609,'30AGOSTO','Miguel Angel','Díaz Castañeda','miguel.ek99@gmail.com','magister','Física Aplicada','BUAP','MX','2215695821','Estoy interesado en el área medica y simulación de detectores','2025-08-10 00:29:03',NULL),(610,'30AGOSTO','Mildred Ericka','Kubatz La Madrid','milykubatz84@gmail.com','especialista','Médico','Hospital de Tercer Nivel','BO','+59168796290','Soy médico especialista en radiología e imagenología y como jefe del servicio me interesa actualizar','2025-08-10 01:04:21',NULL),(611,'30AGOSTO','Ivan','Castillo','castilloivan@msn.com','otro','Ingeniero','Independiente','MX','5548576152','Trabajo en el área de Imagenologia, RayosX, medicina nuclear.','2025-08-10 01:22:39',NULL),(612,'30AGOSTO','Saira Tatiana','Diaz Aldana','saira.t.di.al19@gmail.com','otro','Fisica','UCSUR','PE','968457938','','2025-08-10 01:45:21',NULL),(613,'30AGOSTO','Cristian Jesus','Ccanto Najarro','cristianccanto97@gmail.com','otro','Física','Instituto Nacional de Enfermedades Neoplásicas','PE','933834862','Deseo profundizar y aumentar mis conocimientos','2025-08-10 01:51:12',NULL),(614,'30AGOSTO','Luis Diego','Mora Barboza','moraluisdiego@gmail.com','magister','Físico médico','Caja Costarricense de Seguro Social','CR','83012165','Conocimiento.','2025-08-10 02:51:26',NULL),(615,'30AGOSTO','Juan Carlos','Morales','mocj_carlos@ciencias.unam.mx','licenciado','Físico médico','Hospital infantil Teletón de oncología','MX','5534481967','Para poder aprender nuevas técnicas y reforzar los conocimientos ya adquiridos','2025-08-10 15:16:22',NULL),(616,'30AGOSTO','Vilma','Serrano','pytcc87@gmail.com','licenciado','Licenciada en Radiología e imágenes','Universidad de El salvador','SV','78246021','','2025-08-10 18:08:29',NULL),(617,'30AGOSTO','Amalia','Perez Sosa','laykandmia00@gmail.com','licenciado','Imagenología y Radiofísica Médica','Instituto Nacional de Oncología','otro','786-527-0278','Mi interés hacia el seminario de Dosimetría es porque quiero profundizar mis conocimientos técnicos sobre la medición y control preciso de la dosis de radiación, con el fin de optimizar la seguridad y la calidad en los procedimientos que involucran radiaciones ionizantes.','2025-08-11 01:05:38',NULL),(618,'30AGOSTO','Miguel Ángel','Martinez Guerrero','miguel.mtz.gro.06@gmail.com','licenciado','Físico','Hospital universitario UANL','MX','8180515094','Estoy interesado en estudiar una maestría en física médica','2025-08-11 02:14:46',NULL),(619,'30AGOSTO','Gilda','Choque Mamani','Choquegildabiotm@gmail.com','licenciado','Bioimagenologa','Insight','BO','64121289','','2025-08-11 13:37:37',NULL),(620,'30AGOSTO','Dulce','Guillén','dulciernaga5@gmail.com','licenciado','Física','Hospital','MX','5580311640','','2025-08-12 00:06:43',NULL),(621,'30AGOSTO','Erika Andrea','Allauca Ortega','eallauca10@gmail.com','otro','Biofísica','Solca','EC','+593979147778','','2025-08-12 12:27:54',NULL),(622,'30AGOSTO','Francesca','Ibarra Valderrama','feibarrav@gmail.com','licenciado','Tecnólogo Médico en Imagenología y Física Médica','Cesante','CL','951978130','','2025-08-12 19:07:33',NULL),(623,'30AGOSTO','Frank Michael','Melendez Ladron De Guevara','frnk.8613@gmail.com','licenciado','Tecnologo medico','Instituto de imagenes médicas','PE','986300997','','2025-08-12 20:29:54',NULL),(624,'30AGOSTO','Victor Hugo','Herrera','vickherrera844@gmail.com','licenciado','Bioimagens','Hospital Tercer nivel de potosi','BO','74237047','','2025-08-12 20:56:01',NULL),(625,'30AGOSTO','Andrés Felipe','Chávez Contreras','andres.fchavez6@gmail.com','licenciado','Físico','Fisrad','CO','3212829844','¿Para la habilitación de un laboratorio en modos de tasa de dosis y dosimetría que requiere para ser acreditada por la ISO 17025?','2025-08-12 22:36:28',NULL),(626,'30AGOSTO','Ana','Muñoz Sepúlveda','Tm.anams00@gmail.com','licenciado','Tecnologo medico imagenologia y física médica','Clinica san rafael','CL','953265791','','2025-08-12 23:20:45',NULL),(627,'30AGOSTO','Hellen','Suazo','Hellensuazo.tm@gmail.com','tecnico','Imagenologia','Hospital','CL','937650496','','2025-08-13 00:12:10',NULL),(628,'30AGOSTO','Andrés','Roldán','andresroldanr.23@gmail.com','licenciado','Tecnólogo médico','Universidad Santo Tomás','CL','962108019','','2025-08-13 00:59:07',NULL),(629,'30AGOSTO','Fernando','Rebolledo Millanao','F.rebolledomillanao92@gmail.com','licenciado','Tecnologo Medico','Salud ocupacional','CL','956607869','','2025-08-13 01:27:32',NULL),(630,'30AGOSTO','Ricardo Enrique','Okumura Aparicio','okumuraaparicioenrique@gmail.com','magister','Físico','Oncorad Sac','PE','968 580 302','','2025-08-13 01:28:40',NULL),(631,'30AGOSTO','Carlos','González','Cm.gnzlzprz@gmail.com','licenciado','Tecnólogo médico imagenologia','CleverSalud','CL','946663215','','2025-08-13 02:39:41',NULL),(632,'30AGOSTO','Georgina','Riello','Riellogeorgina94@gmail.com','tecnico','Diagnóstico por imágenes e instrumentadora quirúrgica','Comero','UY','91981341','','2025-08-13 10:08:20',NULL),(633,'27SEPTIEMBRE','Monica Beatriz','Rudaz','rudazmonica1@gmail.com','tecnico','Tc. Superior en Radiología y TC. Superior en Gestión Ambiental','Dirección de Saneamiento Ambiental Área Radiofisica','AR','3624 863416','La razón es poder seguir capacitándome y aprendiendo para poder implementar técnicas nuevas en mi lugar de trabajo y en lo personal.','2025-08-13 12:47:05',NULL),(634,'30AGOSTO','Romina','Echevarría','romina.r.echevarria@gmail.com','licenciado','Radiología','Independientemente','UY','098894405','','2025-08-13 13:54:34',NULL),(635,'30AGOSTO','Yasmin','Navarro','yasmin_na@hotmail.com','licenciado','Técnica en Hemodinamia','Sanatorio Otamendi','AR','1162800720','','2025-08-13 15:38:16',NULL),(636,'30AGOSTO','Nicolas','Hernadez Toro','nicolashernandeztoro@gmail.com','licenciado','Tecnólogo Médico en Imelogía Y Física Médica.','Valparaiso','CL','966759550','','2025-08-13 21:31:02',NULL),(637,'30AGOSTO','Miguel','Hernandez','mhernandezjunior@yahoo.com.ar','tecnico','Radiologo','Radiologo','AR','1155945193','','2025-08-14 09:15:34',NULL),(638,'6SEPTIEMBRE','Astrid Paola','Mejía Ovalle','emalme2412@gmail.com','tecnico','Tecnologa en medicina nuclear','Nuclear Especialista SAA','CO','3213871353','Aprender más .llenar de conocimientos','2025-08-14 10:35:55',NULL),(639,'6SEPTIEMBRE','María Emilse','Corredor Muñoz','maremcor77@gmail.com','tecnico','Regente de farmacia / Tecnologa manejo de fuentes abiertas','Nucleofarma','CO','3134142617','Participar para actualizar y  fortalecer conocimientos.\r\nTambién intercambiar conocimientos que enriquezcan la formación de todos los participantes.','2025-08-14 10:45:15',NULL),(640,'6SEPTIEMBRE','Wilson Alexander','Soto Arias','wasoto95@gmail.com','tecnico','Manejó de fuentes abiertas de uso diagnóstico y terapéutico','Medinuclear','CO','3054797180','Aprendizaje','2025-08-14 10:45:30',NULL),(641,'6SEPTIEMBRE','Camila Andrea','López','lopezkami68@gmail.com','tecnico','Auxiliar de enfermería','Javesalud javeriana','CO','3152373609','Me interesa saber más del tema y aprender','2025-08-14 10:45:42',NULL),(642,'6SEPTIEMBRE','Wilson Alexander','Soto Arias','wasoto95@gmail.com','tecnico','Manejó de fuentes abiertas de uso diagnóstico y terapéutico','Medinuclear','CO','3054797180','Aprendizaje','2025-08-14 10:45:48',NULL),(643,'6SEPTIEMBRE','Yuli Paulina','Sánchez Leyva','yupasale@hotmail.com','tecnico','Tecnologo de fuentes abiertas','Colsubsidio','CO','3118298257','Soy oficial de radioproteccion y me interesa los temas a exponer','2025-08-14 10:51:50',NULL),(644,'6SEPTIEMBRE','Leidy','Lamus','leidy.lamus27@gmail.com','tecnico','Tecnologa en medicina nuclear','Hospital chicoutimi','otro','5814479349','','2025-08-14 11:10:56',NULL),(645,'6SEPTIEMBRE','Ximena','Rojas Salgado','ximerojas753@gmail.com','tecnico','Tecnólogo en manejo de fuentes abiertas','Instituto de diagnóstico medico','CO','3016139944','Seguir adquiriendo conocimientos en protección Radiológica para mi crecimiento personal y laboral','2025-08-14 11:14:26',NULL),(646,'6SEPTIEMBRE','Lina Maria','Montoya Arango','lmmontoyaa@hptu.org.co','tecnico','Tecnologa en Medicina nuclear','Hospital Pablo tobon uribe','CO','3196970287','Trabajo en el área de Medicina Nuclear,  me interesa el tema de radio protección','2025-08-14 11:20:37',NULL),(647,'6SEPTIEMBRE','Oscar Andres','Tutistar Rosero','tecnologonuclear.pabon@gmail.com','tecnico','TEGNOLO MEDICINA NUCLEAR','TEGNOLO MEDICINA NUCLEAR','CO','3128279163','','2025-08-14 11:24:30',NULL),(648,'6SEPTIEMBRE','Aleyda','Gutiérrez','aleydagutierrez1975@gmail.com','tecnico','Tecnologo en manejo de fuentes abiertas','Cedicaf','CO','3214154998','Mejorar mis conocimientos','2025-08-14 12:08:53',NULL),(649,'6SEPTIEMBRE','Jeniffer','Reyes','Jeniferr.olaya@hotmail.com','tecnico','Tecnologa en imágenes diagnósticas','La cardio','CO','3103770151','Aprender','2025-08-14 12:11:49',NULL),(650,'6SEPTIEMBRE','Yessica','González','yessigonzalez1218@gmail.com','tecnico','Tecnologa en manejo de fuentes abiertas','Clínica shaio','CO','3212494243','Actualización en protección radiologíca','2025-08-14 12:15:40',NULL),(651,'6SEPTIEMBRE','Yessica','González','yessigonzalez1218@gmail.com','tecnico','Tecnologa en manejo de fuentes abiertas','Clínica shaio','CO','3212494243','Actualización en protección radiologíca','2025-08-14 12:16:09',NULL),(652,'6SEPTIEMBRE','Zully Mayerlly','Anturi Moreno','zully.anturi1@gmail.com','otro','Tecnóloga en medicina nuclear','Hospital Serena del mar','CO','3013062775','Interesada en capacitación  y reentrenamiento.','2025-08-14 12:17:58',NULL),(653,'30AGOSTO','Sebastián','Prado','sebastianprado5112001@gmail.com','licenciado','Tecnologo medico','Sin laburo','CL','930738690','','2025-08-14 12:39:01',NULL),(654,'6SEPTIEMBRE','Sandra Milena','Barrera Orozco','sbarrera0527@gmail.com','tecnico','Tecnologo medicina nuclear','52133033','CO','3204919020','Es un tema muy interesante, y nos atañe a los tecnologos en el diario vivir.','2025-08-14 12:47:40',NULL),(655,'6SEPTIEMBRE','Cristian Camilo','Camargo Jimenez','Beckhamargo@gmail.com','tecnico','TECNOLOGO MEDICINA NUCLEAR','CLÍNICA MARLY','CO','3133150104','FORTALECER BASES Y ACTUALIZAR CONOCIMIENTOS SOBRE PROTECCIÓN RADIOLÓGICA !','2025-08-14 13:22:29',NULL),(656,'6SEPTIEMBRE','Francisco Javier','Torres Castillo','franjatc@hotmail.com','otro','Tecnologo Medicina Nuclear','Mederi','CO','3213492532','Mejorar los conocimientos sobre protección Radiológica','2025-08-14 13:25:00',NULL),(657,'6SEPTIEMBRE','Katheryn','Caicedo Sánchez','katheryncaicedo06@gmail.com','licenciado','Ingeniera Biomedica','Centro de cuidados cardioneurovasculares Pabón SAS','CO','3173181316','Soy oficial de protección radiológica y quiero aprender','2025-08-14 13:56:55',NULL),(658,'6SEPTIEMBRE','Andrea','Pineda Ramírez','mnuclear.apineda@gmail.com','tecnico','Tecnólogo en medicina nuclear','Idime','CO','3114415576','Estar actualizada en los temas de protección radiológica para poner en práctica en mi labor','2025-08-14 14:03:01',NULL),(659,'6SEPTIEMBRE','Deisy Andrea','Muñoz Bravo','andreqf7@gmail.com','tecnico','Química farmacéutica','43221703','CO','3102774319','Trabajo en un servicio de medicina nuclear','2025-08-14 14:15:53',NULL),(660,'6SEPTIEMBRE','Daniel Alejandro','Pantoja Rodríguez','danipantoja2001@gmail.com','otro','químico farmacéutico','Centro de Cuidados Pabon','CO','3225114122','Tener conceptos de protección radiologica','2025-08-14 14:17:39',NULL),(661,'6SEPTIEMBRE','Nidya','Zambrano','nidyazc85@gmail.com','tecnico','Tecnologa en Medicina Nuclear','Clinica del Country','CO','318 418 6204','Aportes a mi conocimiento en el área','2025-08-14 14:22:30',NULL),(662,'6SEPTIEMBRE','Aleida','Giraldo','aleida.trinidad@cedimed.com','otro','Tecnologa en Medicina Nuclear','Cedimed','CO','3207711713','Hola..soy la coordinadora técnica de MN  Pet-Ct y OPR del servicio entonces estoy interesada en cada aprender y actualizarme mas','2025-08-14 15:42:49',NULL),(663,'6SEPTIEMBRE','Luis Miguel','Guacales','luismiguelguacalesp@gmail.com','tecnico','Auxiliar de enfermeria','Centro de cuidados cardioneurovasculares pabon','CO','3152766284','Ampliar mis conocimientos','2025-08-14 17:17:18',NULL),(664,'6SEPTIEMBRE','Caty Liliana','Cerón Yela','caliceye9032@gmail.com','otro','Biomédico','Centro de cuidados Pabon','CO','3183764920','Actualizado y refuerzo de conocimiento','2025-08-14 17:33:14',NULL),(665,'6SEPTIEMBRE','Juan Pablo','Pajajoy Bolaños','Juanp216brs@gmail.com','tecnico','Tecnólogo en imágenes diagnósticas y radioterapia','Clima cardioneuro vascular pabon','CO','3142354632','Aprendizaje','2025-08-14 18:11:33',NULL),(666,'6SEPTIEMBRE','Andres Felipe','Barrera Guerra','felipeanb504@gmail.com','tecnico','Tecnólogo en PETCT','La cardio','CO','3115754819','Actualización en protección radiológica para ofrecer a mis pacientes un estudio diagnóstico de calidad y seguro para la salud','2025-08-14 19:11:46',NULL),(667,'6SEPTIEMBRE','Valeria Alejandra','Mora Chamorro','Valeria.mora.ljfj@gmail.com','tecnico','Técnico auxiliar en enfermería','Clínica Pabon','CO','3152933131','','2025-08-14 22:07:03',NULL),(668,'6SEPTIEMBRE','Daniel','Canjura','dokanjura@gmail.com','licenciado','Radiología','ISSS','SV','78224030','Educación continua','2025-08-15 02:23:44',NULL),(669,'6SEPTIEMBRE','Vilma Ruth','Serrano Sanchez','vilma.serrano@ues.edu.sv','licenciado','Licenciada en Radiología e imágenes','Universidad de El salvador','SV','78246021','Especializarme en protección Radiologica','2025-08-15 02:26:02',NULL),(670,'30AGOSTO','Vilma Ruth','Serrano Sanchez','vilma.serrano@ues.edu.sv','licenciado','Licenciada en Radiología e imágenes','Universidad de El salvador','SV','78246021','','2025-08-15 02:30:03',NULL),(675,'30AGOSTO','Melvin Omar','Melara Ariza','melaramelvin6@gmail.com','licenciado','Especialista técnico en Radiologia e Imagenes','Electrolab Medic','SV','77511906','¿Cual dosímetro es mas efectivo?','2025-08-18 22:02:23',NULL),(676,'6SEPTIEMBRE','Enny Carolina','Ariza García','encarga123@gmail.com','especialista','Bacterióloga','Nuclear Especialistas SAS','CO','3203053101','Actualización','2025-08-18 23:13:38',NULL),(677,'29NOV','Elio Ramón','Escalona Casas','escalonacasas@yahoo.es','especialista','Médico General Integral','Policlínico PREVISORA','CU','51395011','','2025-08-19 04:15:57',NULL),(678,'6SEPTIEMBRE','Holver Andres','Gonzalez Delanoy','holver17@hotmail.com','licenciado','Quimico Farmaceutico','Centro de Cuidados CardioNeuroVascular Pabon','CO','3164571950','estamos trabajando en radiofarmacia','2025-08-19 20:52:54',NULL),(679,'30AGOSTO','Suremy','Delgado Arribas','suremidelgado03@gmail.com','otro','Estudiante','Universidad de Ciencias Médicas de Camagüey','CU','54927365','','2025-08-19 22:45:38',NULL),(680,'6SEPTIEMBRE','Suremy','Delgado Arribas','suremidelgado03@gmail.com','otro','Estudiante','Universidad de Ciencias Médicas de Camagüey','CU','54927365','','2025-08-19 22:47:02',NULL),(681,'29NOV','Manuela','Farro Quesquen','manuelapedro27@gmail.com','licenciado','Tecnológo Médico - Radiologia','Hospital Amazónico Ucayali','PE',',948923460','','2025-08-21 21:09:00',NULL),(682,'29NOV','Yisell','Hernández Barzagas','hernandezbarzagasy@gmail.com','doctor','OFTALMOLOGA','Hospital Manuel Ascunce Domenech','CU','55446281','','2025-08-22 02:06:57',NULL),(683,'6SEPTIEMBRE','Elcy Rocio','Ortiz Romero','elcyhernandez292427@gmail.com','tecnico','Auxiliar de enfermería','Medicina nuclear','CO','3182285294','Tener más conocimiento y aprendizaje','2025-08-22 16:00:50',NULL),(684,'6SEPTIEMBRE','Jhon Jairo','Hernandez Padilla','Jhonhp1275@hotmail.com','tecnico','Tecnologo en medicina nuclear','Tecnologo en medicina nuclear','CO','3103272072','Tener más conocimientos en protección radiológica','2025-08-22 16:03:23',NULL),(685,'30AGOSTO','Silvio','Musso','silviodamianmusso.hf@gmail.com','licenciado','Licenciado en producción de Bioimagenes','Hospital Bernardino Rivadavia','AR','1165224779','','2025-08-23 16:51:20',NULL),(686,'30AGOSTO','Norma Ester','Barca','normaesterbarca.hf@gmail.com','licenciado','Licenciada en producción de Bioimagenes','Hospital Bernardino Rivadavia','AR','1144117345','','2025-08-23 16:53:19',NULL),(687,'30AGOSTO','Daniela','Rodriguez','daniela.r30@yahoo.com','tecnico','Técnica Radiologa y en Terapia Radiante','Hospital','AR','3804772021','','2025-08-23 17:08:15',NULL),(688,'30AGOSTO','Brisa','Augier','brisaaugier49@gmail.com','tecnico','Radiologo','No tengo','AR','3865372662','','2025-08-23 17:17:05',NULL),(689,'30AGOSTO','Homero Josué','Álvarez Fuentes','jossalf83@gmail.com','licenciado','Técnico Radiólogo','SSA','MX','7472210512','','2025-08-23 23:33:17',NULL),(690,'30AGOSTO','Mateo Emiliano','Franco Guevara','francmateo1001@gmail.com','otro','Pasante de la Licenciatura en Ingeniería Física','Universidad Autónoma de Querétaro','MX','4423805713','','2025-08-24 04:18:34',NULL),(691,'30AGOSTO','Abdhul','Avila','avilaabdhul@gmail.com','magister','Fisico','Ese hospital del Guaviare','CO','3228801301','Para un hospital de segundo nivel en donde no contamos con físico médico y el OPR es un profesional no capacitado. Que sugerencias nos puedes dar para cumplir con la Dosimetría de los pocos equipo emisores de radiaciones ionizantes que tenemos','2025-08-24 13:10:34',NULL),(692,'30AGOSTO','Victor Daniel','Molina Mujica','molivictor17@gmail.com','licenciado','Ingeniero mecánico','Instituto venezolano de investigaciones científicas','VE','4161716138','Mi pregunta se refiere precisamente al tiempo que puede durar un dosimetro red perpex sin poder realizar su lectura en el equipo indicado:\r\n1 ) Que tiempo puede durar sin ser leído y que no pierda el valor real (Dosis adsorbida)','2025-08-25 02:12:27',NULL),(693,'6SEPTIEMBRE','Diana Paola','García Rodriguez','dianapaogarciaro@gmail.com','especialista','Bacterióloga','PharmaNuclear','CO','3102495441','Actualización en contenido.','2025-08-26 03:23:33',NULL),(694,'30AGOSTO','Cesar Augusto','Lopez Zapeta','dxcesarlopez1945@gmail.com','tecnico','Tecnico radiologo y psicologo','EScuela Nacional de Radiologia','GT','55415055','','2025-08-27 03:24:07',NULL),(695,'30AGOSTO','Henry Diego','Patty Flores','legendryus@gmail.com','especialista','Médico Nuclear','ABEN CMNYR LA PAZ','BO','72536718','','2025-08-28 15:10:05',NULL),(696,'30AGOSTO','Leoreana Jacinta','Marcano Santos','Physionfisicomedico@gmail.com','magister','Físico médico','Physion Tecnología Nuclear','VE','04248897718','','2025-08-28 17:50:36',NULL),(697,'30AGOSTO','Walter','Erazo','waltererazo807@yahoo.com','tecnico','Tecnólogo médico/ radioterapia/braquiterapia','Centro oncológico hondureño/hospital san felipe','HN','50499365568','En tu país. O si tienes información  en la región\r\nLa figura del dosimetrista q tan reconocida está.','2025-08-28 21:33:04',NULL),(698,'30AGOSTO','Kyla Jamileth','Guevara Garcia','Kylajamilethguevaragarcia@gmail.com','licenciado','Radiología e imágenes','Egresada','SV','74831757','','2025-08-28 23:21:39',NULL),(699,'30AGOSTO','Bernarda','Silva','bernarda.e.silva@gmail.com','licenciado','Tecnológico médico','Estudiante','CL','940144486','','2025-08-29 01:04:41',NULL),(700,'30AGOSTO','Ruben','Flores','rubenoctavioarevaloflores904@gmail.com','tecnico','Radioterapias','Hospital san felipe','HN','50433746122','','2025-08-29 15:58:39',NULL),(701,'30AGOSTO','Margoth','Prieto Veramendi','margotprieto@gmail.com','licenciado','Tecnologa médica','Hospital','PE','986929249','','2025-08-29 18:34:42',NULL),(702,'30AGOSTO','Victor Javier','Vazquez Zamora','ctulu66@gmail.com','doctor','radio oncologo','AB radiocirugía y radioterapia','MX','2223844986','','2025-08-29 21:27:55',NULL),(703,'30AGOSTO','Magda','Montaña Mesa','mmontana954@gmail.com','tecnico','Tecnóloga','Idime','CO','+57 3138619842','','2025-08-29 21:28:08',NULL),(704,'30AGOSTO','Andrea','Pineda Ramírez','mnuclear.apineda@gmail.com','tecnico','Tecnólogo en medicina nuclear','Idime','CO','3114415576','','2025-08-29 21:28:14',NULL),(705,'30AGOSTO','Leidy','Lamus','leidy.lamus27@gmail.com','tecnico','Tecnologa en medicina nuclear','Idime','CO','31075757302','','2025-08-29 21:30:02',NULL),(706,'30AGOSTO','Cristian','Pájaro','cristianpajarodonado1@gmail.com','otro','Estudiante','FUCS','CO','3105505394','..','2025-08-29 21:36:30',NULL),(707,'30AGOSTO','Veronika','Padilla Tineo','veronikapadilla8@gmail.com','licenciado','Tecnología Media en Radiología','Oncocare','PE','950120622','Algún dato novedoso que deberíamos saber en la actualidad.... gracias anticipadas x la ponencia','2025-08-29 21:37:15',NULL),(708,'30AGOSTO','Marieta','Del Rosario','marietadelrosario@outlook.com','otro','Oficial de proteccion radiologica','Css','PA','68176208','Que tipo de calibracion necesita un laboratorio de dosimetria personal','2025-08-29 21:37:49',NULL),(709,'30AGOSTO','Celso Luis','Melgarejo Arevalos','melgarejo356@gmail.com','licenciado','Radiologo','Instituto Nacional de Cardiologia','PY','992313455','','2025-08-29 21:40:44',NULL),(710,'30AGOSTO','Aleyda','Gutiérrez','aleydagutierrez1975@gmail.com','tecnico','Tecnologo en manejo de fuentes abiertas','Cedicaf','CO','3214154998','','2025-08-29 21:41:24',NULL),(711,'30AGOSTO','Sergio Josué','Martínez Velásquez','sergi2290@gmail.com','licenciado','Físico mención física medica','UNI','NI','88676818','','2025-08-29 21:42:34',NULL),(712,'30AGOSTO','María Cruz','Inga Quistan','Mafer04086@gmail.com','licenciado','Tecnologo médico','Hospital regional Lambayeque','PE','979175189','Hay pacientes oncologicos qué se realizan 2 o 3 veces al año por tomografía es lo correcto','2025-08-29 21:44:37',NULL),(713,'30AGOSTO','Niny','Moncada','Ninymoncada1213@gmail.com','tecnico','Tecnologa en radiología e imágenes diagnósticas','Cidim sas','CO','3146355738','','2025-08-29 21:45:05',NULL),(714,'30AGOSTO','Arturo Leonell','Gomez Tarco','algomezt23@gmail.com','otro','Físico','IPEN','PE','906017895','','2025-08-29 21:54:13',NULL),(715,'30AGOSTO','Daniel','Umaña','daniel_u571@hotmail.com','otro','Ing Electronico','Medicenter','HN','99637771','','2025-08-29 21:54:20',NULL),(716,'30AGOSTO','Ramiro','Huamaní Saravia','ramirohs2005@outlook.com','licenciado','Tecnólogo Médica en Radiología','Hospital Cayetano Heredia','PE','921200883','Equipo de rayos portátil con flat panel vs Arco en C.  Cual  emite más radiación','2025-08-29 22:00:49',NULL),(717,'30AGOSTO','Luis Miguel','Guacales','luismiguelguacalesp@gmail.com','tecnico','Auxiliar de enfermeria','Centro de cuidados cardioneurovasculares pabon','CO','3152766284','','2025-08-29 22:02:33',NULL),(718,'30AGOSTO','Juan José','Compean Barboza','juancbrayosx@gmail.com','licenciado','Radiología e Imagenologia','Privado','MX','8123996156','','2025-08-29 22:05:04',NULL),(719,'30AGOSTO','Astrid Paola','Mejía Ovalle','emalme2412@gmail.com','tecnico','Tecnologa en medicina nuclear','Nuclear Especialista SAA','CO','3213871353','','2025-08-29 22:06:34',NULL),(720,'30AGOSTO','Rosio','Gálvez Vasquez','rosi_gv@hotmail.com','licenciado','Tecnólogo Médico','Hospital Nacional Arzobispo Loayza','PE','992821195','','2025-08-29 22:22:55',NULL),(721,'30AGOSTO','Isna Liz','Larico Pampamalllco','isnaiz_19@hotmail.com','magister','Tecnólogo Médico','Instituto Nacional de Enfermedades Neoplasicas','PE','974415453','','2025-08-29 22:31:29',NULL),(722,'30AGOSTO','Veronica','Revollo','rominarevollo@gmail.com','licenciado','Radiologa','No diaponibke','AR','1128941669','','2025-08-29 22:35:26',NULL),(723,'30AGOSTO','Alfredo','Solano Pumacayo','alfredo.solano@unmsm.edu.pe','otro','Ingeniero electrónico','Inmp','PE','977827875','','2025-08-29 22:36:56',NULL),(724,'30AGOSTO','Juan Miguel','Olalla Pilco','jmiguelolalla@gmail.com','doctor','Físico','Nuclearmed','EC','+593999796645','Cómo evalúa el avance de la Dosimetría con el aporte de la inteligencia artificial','2025-08-29 23:13:37',NULL),(725,'30AGOSTO','Chory','Heredia Matos','Herediamatos268@gmail.com','licenciado','Imágenes médicas','Ussd','otro','8294759733','','2025-08-29 23:26:14',NULL),(726,'30AGOSTO','María Emilse','Corredor Muñoz','maremcor77@gmail.com','tecnico','Tecnólogo Manejo de Fuentes Abiertas/ Regente de Farmacia','Nucleofarma','CO','3134142617','','2025-08-29 23:29:44',NULL),(727,'30AGOSTO','Ana Flor','Pedraza Vargas','ynesa_4@hotmail.com','licenciado','Tecnólogo médico en radiología','Hospital dos de mayo','PE','959063832','','2025-08-29 23:51:36',NULL),(728,'6SEPTIEMBRE','Natalia Giselle','Urquilla Solórzano','Urquillanatalia162@gmail.com','licenciado','Radiologia e imagenes','Analiza imagenes','SV','71178797','Es de mi interes el saber sobre protección radiológica y las formas para que se realicen de la mejor manera','2025-08-30 16:17:29',NULL),(729,'6SEPTIEMBRE','Yostyn Alexander','Fuente Diaz','yostynfd14@gmail.com','licenciado','Física','AUNA','PE','906124505','Estoy estableciéndome en el campo y estoy interesado en aprender mas.','2025-08-30 16:20:42',NULL),(730,'29NOV','Delenis','Verdecia Vicet','delenisverdecia63@gmail.com','otro','Estudiante','Escuela','CU','51305907','','2025-09-01 16:48:53',NULL),(731,'29NOV','Liam Marcos','Perez Estrada','perezliam@gmail.com','licenciado','Imagenologia','Ciencias Medicas','CU','56554299','','2025-09-01 17:12:41',NULL),(732,'29NOV','Adrián','Carbonell De Loyola','carbonelladrian319@gmail.com','licenciado','Imagenología y radiofísica médica','Ciencias medicas','CU','56645311','','2025-09-01 17:34:24',NULL),(733,'29NOV','Helen','Solano','Yuniacalderonmarrero@gmail.com','otro','Imageonologia y radiológica medica','Estudio','CU','50440481','','2025-09-01 17:55:18',NULL),(734,'29NOV','Michel','Cepero','michel130606@gmail.com','otro','Estudiante','Universidad de Ciencias Médicas Carlos J. Finlay','CU','51508119','','2025-09-01 19:17:16',NULL),(735,'29NOV','Dariel Alejandro','Perez','perezdariel208@gmail.com','licenciado','Imageonologia y Radiofisica Medica','FEU','CU','59598521','','2025-09-01 21:21:26',NULL),(736,'6SEPTIEMBRE','Leoreana Jacinta','Marcano Santos','leoreanasantos@gmail.com','magister','Físico médico','Physion Tecnología Nuclear','VE','04248897718','','2025-09-01 21:49:06',NULL),(737,'29NOV','Liusdrianna','Quesada','liusdryquesada@gmail.com','otro','Estudiante','Universidad','CU','+5359468346','','2025-09-01 21:52:33',NULL),(738,'6SEPTIEMBRE','Fátima Mabel','Villalta Ramos','fvillalta97@gmail.com','doctor','Médico consultante','DGCP','SV','75278983','Estudio','2025-09-01 23:26:05',NULL),(739,'29NOV','Yan Pablo','Díaz Ruiz','yanpablodiazruiz7@gmail.com','licenciado','Imageonologia','Ciencias médicas','CU','51938879','','2025-09-02 00:10:43',NULL),(740,'29NOV','Yerdiel Leroy','Aleaga Zayas','yerdielleroyaleagazayas@gmail.com','licenciado','Estudiante','Ciencias médicas','CU','55502665','','2025-09-02 00:54:21',NULL),(741,'6SEPTIEMBRE','Diana Marilú','Carranza De Portillo','dimaricarranza@gmail.com','tecnico','Enfermera','Clínica privada','SV','7831 5865','Aprendizaje del area','2025-09-02 01:07:12',NULL),(742,'6SEPTIEMBRE','Paula','Levy','pau_2686@hotmail.com','licenciado','Licenciado en imagenoligia','Hospital Flores y comeflo','UY','099 532 939','Me interesa el tema','2025-09-02 11:50:43',NULL),(743,'6SEPTIEMBRE','Marlon','Salazar','marlonpaulsalazar@outlook.com','licenciado','Licenciado en Imagenologia y Radiología','Clínica Toa','EC','0969415204','','2025-09-02 11:55:09',NULL),(744,'6SEPTIEMBRE','Tejaya Cespedes','Jose Luis','tejayajoseluis@gmail.com','licenciado','Dosimetrista - Oficial de Protección radiologica','Instituto oncológico del oriente Boliviano','BO','75619311','Actualización','2025-09-02 12:06:26',NULL),(745,'6SEPTIEMBRE','Dimelsa Virginia','Aguilar Villar','cj.aguilar1303@gmail.com','licenciado','Tecnologo Médico','Hospital de emergencia José Casimiro Ulloa','PE','981336806','Actulizarme','2025-09-02 12:18:55',NULL),(746,'6SEPTIEMBRE','Nora','Anampa','noraav24@hotmail.com','licenciado','Tecnólogo médico','Instituto Nacional de salud del niño','PE','999322582','Soy oficial de protección radiológica, trabajo en intervencionismo, deseo ampliar conocimientos','2025-09-02 12:19:09',NULL),(747,'6SEPTIEMBRE','Erik Israel','Rangel Gonzalez','erikirg@gmail.com','tecnico','Técnico radiologo','Hospital privado','MX','8116275776','Seguir creciendo profesionalmente','2025-09-02 12:22:55',NULL),(748,'6SEPTIEMBRE','Raul Tatti','Llantoy Esteban','rauljara1979@gmail.com','licenciado','Tecnologo Médico','Hospital de emergencia Pediátricas','PE','920795713','Actualizarme','2025-09-02 12:23:00',NULL),(749,'6SEPTIEMBRE','Boris Harold','Dominguez Terán','borisharolddominguezteran@gmail.com','licenciado','Licenciado en Bio-Imagenología','Hospital México','BO','65406025','Adquirir mayor conocimiento','2025-09-02 12:26:01',NULL),(750,'6SEPTIEMBRE','Isna','Larico','isnaliz_19@hotmail.com','magister','Tecnólogo Médico','Instituto Nacional de Enfermedades Neoplásicas','PE','+55+55974415453','','2025-09-02 12:27:06',NULL),(751,'6SEPTIEMBRE','Ana Gabriela','Torres','anagabrielatorres87@gmail.com','licenciado','Licenciada en producción de bio imágenes','Hospital','AR','1134784324','Para aprender mas','2025-09-02 12:33:25',NULL),(752,'29NOV','Cristian Carlos','Zaldivar Puga','cristiancarloszaldivar@gmail.com','licenciado','Imagionología','Ciencias medica','CU','+53 58234011','','2025-09-02 12:35:46',NULL),(753,'6SEPTIEMBRE','Eugenio Romario','Mendoza Ramírez','eu.mendoza.r@gmail.com','licenciado','Tecnólogo Médico','Minsa','PE','999503932','Actualizarme','2025-09-02 12:40:11',NULL),(754,'6SEPTIEMBRE','Liz','Bravo Chuquillanque','lizbravo789@gmail.com','licenciado','TECNOLOGO MEDICO','HNERM','PE','940204435','Importancia de la cultura de seguridad y la protección radiológica','2025-09-02 12:51:42',NULL),(755,'6SEPTIEMBRE','Vilca Layme','Daniela','tmdanielavilca@gmail.com','licenciado','Tecnologo medico radiologia','Clínica aliviari','PE','973557049','','2025-09-02 13:06:02',NULL),(756,'6SEPTIEMBRE','Jose Alejandro','Rivera Torres','Jriverat1975@gmail.com','tecnico','Técnico en radiologia','Hosp del Valle','HN','99987280','Soy O P R del hospital y seguir aprendiendo y tener más conocimientos','2025-09-02 13:25:35',NULL),(757,'6SEPTIEMBRE','Willy Víctor Berrio','Huisa','willy_berrio@hotmail.com','licenciado','Tecnólogo médico radiologo','Essalud','PE','984112772','Actualizar conocimientos','2025-09-02 13:28:12',NULL),(758,'6SEPTIEMBRE','Ambar','Bustillo','ambarbustillo1995@gmail.com','tecnico','Técnico en Radiotecnología','Hospital','HN','31651567','','2025-09-02 13:28:17',NULL),(759,'6SEPTIEMBRE','Luis','Soto','lfersoto@gmail.com','magister','Químico','Chávez solutions','EC','0985403982','Aprender y capacitar me','2025-09-02 13:29:46',NULL),(760,'6SEPTIEMBRE','Norma Rosario','Rodríguez Cerna','rosariorodriguez_22@yahoo.com','tecnico','Tecnologo Medico','Essalud','PE','990112431','Afianzar mas mis conocimientos','2025-09-02 13:32:49',NULL),(761,'6SEPTIEMBRE','Iris','Rodriguez','mssrodriguez1989@gmail.com','especialista','Medico','Plaza Medico','HN','50496311258','Manejo en mi centro de trabajo','2025-09-02 13:33:50',NULL),(762,'6SEPTIEMBRE','Jessica','Gonzalez','jkg24en@hotmail.com','licenciado','Prof en radiologia','Cnrt','SV','77477722','Conocimiento','2025-09-02 13:38:38',NULL),(763,'6SEPTIEMBRE','Kimberly','Duarte Nuñez','kimdua24@gmail.com','tecnico','Radio tecnología','Hospital la policlínica','HN','32623999','Seguir preparándome como profesional','2025-09-02 13:39:58',NULL),(764,'6SEPTIEMBRE','Pedro Teodoro','Vasquez Velasquez','pedroteodorovasquezvelasquez@gmail.com','licenciado','TECNÓLOGO MEDICO ESPECIALIDAD RADIOLOGIA','HOSPITAL NACIONAL SERGIO BERNALES','PE','987772709','Un buen tema para enriquecer nuestro conocimiento por ser especialistas en radiologia','2025-09-02 13:44:12',NULL),(765,'6SEPTIEMBRE','Katherine','Figueroa','kfigueroamercedes@gmail.com','licenciado','Imágenes médicas','Servicio nacional de salud','DO','8297579828','Incursionar más en la protección radiologíca','2025-09-02 13:46:18',NULL),(766,'6SEPTIEMBRE','Vidal','Umanzor','vidalumanzor@hotmail.com','especialista','Ingeniería biomedica','One world surgery','HN','99405680','Obtener más conocimientos y conocer más sobre protección Radiologica','2025-09-02 13:49:39',NULL),(767,'6SEPTIEMBRE','Denovan','Hernández','denovan.hernandezestrada@dhl.com','otro','Supervisor, Senior de seguridad y salud en el trabajo','DHL Honduras','HN','95120394','Estamos comenzando a incorporar el tema de la Seguridad, radiológica en nuestro programa, gestión de seguridad y salud en el trabajo, por lo que sería interesante, comprender todos los aplicabilidad de las de la Seguridad radiológica','2025-09-02 13:51:25',NULL),(768,'6SEPTIEMBRE','Gil','Portillo','gil.portillo80@gmail.com','licenciado','Bioimagenes','Karl Heusner Memorial Hospital','otro','5016232847','Para refrescar el conocimiento en protección radiológica','2025-09-02 14:02:42',NULL),(769,'6SEPTIEMBRE','Javier','Colindres','javiercolindrestrad@gmail.com','tecnico','Radiologia','Centro medico militar','GT','+502/55109957','Aplicar conocimientos','2025-09-02 14:23:59',NULL),(770,'6SEPTIEMBRE','Yanet','Bellido','yanetbellidoc@gmail.com','licenciado','Tecnólogo Médico','Essalud','PE','967678232','Compartir los conocimientos adquiridos hacia los compañeros de trabajo, principalmente a los que desconocen','2025-09-02 14:45:46',NULL),(771,'6SEPTIEMBRE','Ronald William','Gavarrete Gómez','ronaldgavarrete@gmail.com','licenciado','Informática','Dirección Nacional de Investigación e Inteligencia','HN','32339526','Continuar formación en temas radiológicos luego de una introducción recientemente servida en mi país.','2025-09-02 14:50:53',NULL),(772,'6SEPTIEMBRE','Magaly Karin','Manosalva Chavez','magalykarin80@gmail.com','licenciado','Tecnólogo médico en Radiología','Hospital Carlos lanfranco la hoz','PE','994356610','Actualización','2025-09-02 15:07:36',NULL),(773,'6SEPTIEMBRE','Edith Gloria','Carrion Torres','gloriae_786@hotmail.com','licenciado','TECNÓLOGO MÉDICO EN RADIOLOGÍA','HOSPITAL CARLOS LANFRANCO LA HOZ','PE','928855406','Es importante estar al día en la actualización de las capacitaciones y aprender cada día un poco más','2025-09-02 15:08:48',NULL),(774,'6SEPTIEMBRE','José Wilmar','Gómez Aguilar','jwilmar.ga21@gmail.com','tecnico','Radiología','Bolivia','BO','70484296','Conocer sobre la protección radiológica','2025-09-02 15:11:42',NULL),(775,'6SEPTIEMBRE','Anali','Tapia Pereda','analiju25071@gmail.com','licenciado','Tecnologo medico','Clinica Montesur','PE','988881736','','2025-09-02 15:13:43',NULL),(776,'6SEPTIEMBRE','Yanet','García Lozada','thedragarcia@gmail.com','doctor','Médico especialista en Radiodiagnóstico','UCLA','VE','58-4245481536','Estoy haciendo un Doctorado. Tema de Tesis Doctoral: Seguridad y Protecci{on Radiol{ogica','2025-09-02 15:14:44',NULL),(777,'6SEPTIEMBRE','Oshin Valentina','Bellido Ramirez','shnbellido@gmail.com','licenciado','Tecnologo médico en radiologia','Ninguno','PE','975935711','Para poder actualizarme y seguir aprendiendo dentro de mi área laboral','2025-09-02 15:14:56',NULL),(778,'6SEPTIEMBRE','Arturo Leonell','Gomez Tarco','algomezt@unac.edu.pe','otro','Físico','IPEN','PE','906017895','','2025-09-02 15:22:56',NULL),(779,'6SEPTIEMBRE','Cristian','Burga','cristianburgasantacruz@gmail.com','licenciado','Físico','Idpt','PE','979044940','','2025-09-02 15:35:28',NULL),(780,'6SEPTIEMBRE','Omar','Gómez García','ogomez688@gmail.com','tecnico','Radiólogo','Hospital shriners para niños a.c. México','MX','+52 (56) 6801 3126','Aprender más sobre la protección Radiológica.','2025-09-02 16:14:15',NULL),(781,'6SEPTIEMBRE','Karla Marlene','Flores Osegueda','karlaoseguedaflores@gmail.com','licenciado','Radiología','Clínica Brito mejia peña','SV','70338862','Soy responsable de protección radiologíca','2025-09-02 16:26:57',NULL),(782,'6SEPTIEMBRE','Azaria','Elvir Figueroa','Zazahn@hotmail.com','tecnico','Técnico universitario en radiotecnologia','Hospital el carmen','HN','3230-6631','Me importa mucho seguir impulsando mi carrera, ya que entre más informada este puedo aplicar de forma más óptima','2025-09-02 16:31:00',NULL),(783,'6SEPTIEMBRE','Doris','Paz','dorispazunah@gmail.com','magister','Docente','Universidad Nacional Autónoma de Honduras','HN','31949884','Poner en practica lo aprendido y transmitirlo a mis estudiantes futuros técnicos en radiología.','2025-09-02 16:54:23',NULL),(784,'6SEPTIEMBRE','Yamila Lorena','Rodriguez Zarate','yloreya.28@gmail.com','licenciado','Radióloga','Centro Médico Nacional','PY','972166915','Soy Oficial de protección Radiológica','2025-09-02 17:21:50',NULL),(785,'6SEPTIEMBRE','Alexis','Vera Tapia','alexisvt1990@gmail.com','otro','Biofisico','Universidad Politécnica Salesiana','EC','0995380725','','2025-09-02 18:50:41',NULL),(786,'6SEPTIEMBRE','Roxana Lily','Ramos López','rlily409@yahoo.com','tecnico','Técnico en Radiología','Empresa Privada','HN','504 31970920','Aprendizaje','2025-09-02 19:15:53',NULL),(787,'6SEPTIEMBRE','Xiomara Elizabeth','Vasquez Morales','xlizmorales@gmail.com','licenciado','Radiología e Imágenes','Universidad Dr. Andrés Bello','SV','74976663','Actualización sobre protección radiológica ya que es la materia que imparto.','2025-09-02 19:20:39',NULL),(788,'6SEPTIEMBRE','Zintia Milagros','Arqque Meza','zintiamilagrosmeza@gmail.com','especialista','Ing electronico','Clínica san felipe','PE','937119980','Mayor alcance con el tema, más aprendizaje','2025-09-02 19:49:40',NULL),(789,'6SEPTIEMBRE','Pedro','Cortez','tezcotoberal@gmail.com','licenciado','DOSIMETRÍSTA','Instituto Oncológico Nacional','BO','72278002','','2025-09-02 20:44:32',NULL),(790,'6SEPTIEMBRE','Magali','Marcillo','magamarcillo@hotmail.com','licenciado','licenciada en imagenologia','Universidad Catolica de Cuenca','EC','+5939190980','mejorar conocimientos','2025-09-02 20:50:09',NULL),(791,'6SEPTIEMBRE','Allison','Ninatanta','allison.ninatanta@gmail.com','licenciado','Tecnologo médico en radiología','Hospital Daniel Alcides carrión','PE','922063667','Implementar mi labor como ofici al d protección radiologica','2025-09-02 21:06:36',NULL),(792,'6SEPTIEMBRE','Erick Santiago','Quenaya Yáñez','santiago16qy@gmail.com','licenciado','Tecnólogo Médico','Hospital Santa Rosa - Puerto Maldonado','PE','957869676','Reforzar y adquirir nuevos conocimientos','2025-09-02 21:11:39',NULL),(793,'6SEPTIEMBRE','German','Alfaro','davalme88@gmail.com','magister','Psicólogo','Universidad Francisco Gavidia','SV','7393-8003','Todo profesional en el área de salud, debe de conocer las funciones de la radiación y más los que están potencialmente expuestos para brindar un mejor servicio.','2025-09-02 21:31:18',NULL),(794,'6SEPTIEMBRE','Jennifer','Nima','jennifergeomara@gmail.com','licenciado','Licenciada en imagenologia','Asisrad','EC','0959794926','Actualizar conocimientos','2025-09-02 22:29:14',NULL),(795,'6SEPTIEMBRE','Karen','Rodríguez Maldonado','karenrodriguezdm1@gmail.com','licenciado','Imagenología y Radiología','CSA','EC','960205377','Adquirir y actualizar conocimientos','2025-09-02 22:37:48',NULL),(796,'6SEPTIEMBRE','Jesica','Lopez','jesiicaloopez@gmail.com','tecnico','Radiología','Hospital Oñativia','AR','+543875752899','Me interesa mucho el tema y para poder capacitarme','2025-09-03 01:10:45',NULL),(797,'6SEPTIEMBRE','Rogelio','Robledo Rebolledo','rogerobledo68@hotmail.com','licenciado','Fisico','Comisión Federal para la Protección Contra Riesgos Sanitarios','MX','5543905930','Es parte de mi  laboral, la calidad radiológica y los Programas de Garantía de Calidad','2025-09-03 01:34:30',NULL),(798,'6SEPTIEMBRE','Johana Karin','Montalvo Rodriguez','johana.montalvo.rodriguez@gmail.com','licenciado','Tecnología Medico','Clínica San Felipe','PE','993952440','Interes academico','2025-09-03 01:55:56',NULL),(799,'6SEPTIEMBRE','Karina Del Rosario','Nororis Lopez','Karina.nororis@hotmail.com','especialista','Radióloga','Ministerio de Salud','NI','88290375','Soy responsable del servicio de Radiología del Hospital de referencia nacional Manolo Morales Peralta','2025-09-03 01:59:19',NULL),(800,'6SEPTIEMBRE','Susan Sadith','Mendoza Duran','susanmendoza358@gmail.com','licenciado','Tecnologo medico','Hospital felix mayorca soto','PE','931552371','','2025-09-03 02:18:38',NULL),(801,'6SEPTIEMBRE','Andy Josue','Torres Aguaisa','andyjosuetorresa@gmail.com','licenciado','Licenciado en Radiología','Hospital General Docente de Calderón','EC','992356495','Reforzar conocimientos','2025-09-03 02:25:00',NULL),(802,'6SEPTIEMBRE','Angela Beatríz','Suárez','angesuar3@gmail.com','tecnico','Radiologa','Sistema público','AR','3815397420','Por que es importante a la hs de atender al paciente con relacion al correcto uso en protección del operador y paciente','2025-09-03 03:39:06',NULL),(803,'6SEPTIEMBRE','Rosio Galvez','Vasquez','rosi_gv@hotmail.com','licenciado','Tecnologo Médico _Radiologia','Hospital Nacional Arzobispo Loayza','PE','972575220','Amopliar los conocíentos sobre seguridad y protección','2025-09-03 04:39:41',NULL),(804,'6SEPTIEMBRE','Julieta Saraí','Aguila Villicaña','jaguila222@gmail.com','licenciado','Licenciatura en Física','UAM','MX','5514916876','Estoy en un proceso de selección para trabajar como encargada de seguridad radiológica.','2025-09-03 09:43:41',NULL),(805,'6SEPTIEMBRE','Cristian Daniel','Alfaro','cristianodanielalfaro@gmail.com','licenciado','Servicio de Radiólogia. Servicio de Medicina Nuclear','Hospital San Bernardo. Cordis S.A.','AR','387 5531625','Capacitación para incorporar herramientas para cuidarme y cuidar al paciente.','2025-09-03 10:56:10',NULL),(806,'6SEPTIEMBRE','Jose Antonio','Chamia','Jachamia@gmail.com','licenciado','Lic en produccion de bio imagen','Hospital oñativia','AR','387 4514507','','2025-09-03 11:50:08',NULL),(807,'6SEPTIEMBRE','Ricky Rosman','Pichardo Lujan','pichardolujanrosman@gmail.com','licenciado','Tecnólogo medico- radiologia','Hospital arzobispo loayza','PE','976386558','','2025-09-03 13:51:43',NULL),(808,'6SEPTIEMBRE','Jose','Morel Laureano','josemorel1977@hotmail.com','licenciado','Licenciado en imágenes médica','Hospital Metropolitano de Santiago,  Homs','DO','8492012316','','2025-09-03 14:27:19',NULL),(809,'6SEPTIEMBRE','Ramiro','Huamaní Saravia','ramihs2005@outlook.com','licenciado','Tecnólogo Médico en Radiología','Hospital Cayetano','PE','+51921200883','Actualización','2025-09-03 14:44:06',NULL),(810,'6SEPTIEMBRE','Keylin','Rosales','Keylinrosales88@gmail.com','tecnico','Radiotecnologia','Oncord, Honduras','HN','95500488','Protección radiológica','2025-09-03 16:38:05',NULL),(811,'6SEPTIEMBRE','Odorico Iván','Belzusarri Padilla','ivanbelzusarri@gmail.com','especialista','MÉDICO','INSTITUTO NACIONAL DE ENFERMEDADES NEOPLASICAS','PE','997529542','Mi especialidad es Radioterapia','2025-09-03 20:44:25',NULL),(812,'6SEPTIEMBRE','Andrés Felipe','Chavez Contreras','andres.fchavez6@gmail.com','licenciado','FISICO','FUNDACION CARDIO INFANTIL','CO','3212829844','Como oficial de la protección radiológica, es de carácter prioritario optimizar las medidas de protección radiológica en trabajadores y pacientes.','2025-09-03 21:05:16',NULL),(813,'6SEPTIEMBRE','Romina','Echevarría','romina.r.echevarria@gmail.com','licenciado','Radiología','Independientemente','UY','098894405','','2025-09-03 21:05:49',NULL),(814,'6SEPTIEMBRE','Milton Alejandro','Jimenez Martinez','jm_milton@hotmail.com','licenciado','Lic en Radiología e imágenes','Hospital nacional santa Teresa','SV','73786781','','2025-09-03 21:10:09',NULL),(815,'6SEPTIEMBRE','Sergio Josué','Martínez Velásquez','sergi2290@gmail.com','licenciado','Físico mención física medica','UNI','NI','88676818','Estudio de mejora continua','2025-09-03 21:13:19',NULL),(816,'6SEPTIEMBRE','Victor Hugo','Herrera','vickherrera844@gmail.com','licenciado','Bioimagens','Hospital Tercer nivel de potosi','BO','74237047','','2025-09-03 21:20:56',NULL),(817,'6SEPTIEMBRE','Ethel','Borja Solano','borjset245@gmail.com','licenciado','Tecnólogo medico radiología','Instituto de medicina legal','PE','992590363','Capcitacion','2025-09-03 21:25:43',NULL),(818,'6SEPTIEMBRE','Evaneida','Hiciano Pimentel','evahp07@outlook.com','doctor','Médico','Hospital','DO','8296374145','','2025-09-03 21:35:18',NULL),(819,'6SEPTIEMBRE','Alexander Aimar','Cajusol Paez','alexaimarcajusol@gmail.com','licenciado','Tecnólogo médico en radiología','Tomomedic','PE','922998029','Calidad en radiología','2025-09-03 21:53:46',NULL),(820,'6SEPTIEMBRE','Rita Jacqueline','Vera Rosado','gabyleen77@gmail.com','tecnico','Tecnóloga Superior en Imagenología y Radiología','Hospital Alfrefo Paulson','EC','0996305214','Seguir creciendo,  adquirir más conocimientos, mantenerme actualizada para seguir mejorando en la práctica y ofrecer cada vez una mejor atención al paciente basada en la excelente instrucción.','2025-09-03 21:54:39',NULL),(821,'6SEPTIEMBRE','Angela Maria','Zapata De Los Reyes','angela.zapata@gmail.com','tecnico','TSU en Radiologia e Imagenologia','Viva1A IPS','CO','3046343422','Me interesa todo lo relacionado con mi carrera y me gusta estar actualizada','2025-09-03 21:57:52',NULL),(822,'6SEPTIEMBRE','Mileinis Paola','Tilano Barraza','mileinistilano13@gmail.com','otro','Tecnologa en Radiología e imagenes diagnósticas','Ips cardiocentro pediátrico de sucre','CO','3103808659','','2025-09-03 22:06:10',NULL),(823,'6SEPTIEMBRE','Yeimy Alexandra','Naranjo Restrepo','Yeimalexa@hotmail.com','otro','Tecnóloga en medicina nuclear','Hospital militar','CO','3222913473','Me gusta capacitarme cada dia','2025-09-03 22:31:09',NULL),(824,'6SEPTIEMBRE','Adrián','Carbonell De Loyola','carbonelladrian319@gmail.com','otro','Imagenología y radiofísica médica','Ciencias medicas','CU','56645311','','2025-09-03 22:43:24',NULL),(825,'6SEPTIEMBRE','Henry Diego','Patty Flores','legendryus@gmail.com','especialista','Médico nuclear','ABEN CMNYR LA PAZ','BO','72536718','Es interesante','2025-09-04 00:11:55',NULL),(826,'6SEPTIEMBRE','Cecilia Patricia','Rivera Sánchez','patryrs28@gmail.com','licenciado','Licda en Radiología e imágenes','Centro Nacional de Radioterapia','SV','7786 2365','Conocer y poner en práctica los avances en la protección Radiologica','2025-09-04 00:44:05',NULL),(827,'6SEPTIEMBRE','Yanira Guadalupe','Cárcamo Reyes','unikotrece@hotmail.com','licenciado','Licenciada en Radiología e Imagenes','Hospital Nacional Santa Gertrudis de San Vicente','SV','79429828','Conocer y reforzar los conocimientos sobre este importante tema','2025-09-04 00:55:06',NULL),(828,'6SEPTIEMBRE','Isna Liz','Larico Pampamalllco','isnaliz_19@hotmail.com','magister','Tecnólogo Médico','Instituto Nacional de Enfermedades Neoplasicas','PE','974415453','','2025-09-04 01:19:04',NULL),(829,'6SEPTIEMBRE','Jose Alejandro','Rivera Torres','Jriverar1975@gmail.com','tecnico','Técnico en radiologia','Hosp del valle','HN','99988280','Fortalecer mis conocimientos','2025-09-04 01:34:02',NULL),(830,'6SEPTIEMBRE','Valeria','Becerra','Stefaniavaleria94@gmail.com','licenciado','Licenciada en imagenologia','Clínica Santa Ana','EC','0987714572','Aprendizaje','2025-09-04 01:41:09',NULL),(831,'6SEPTIEMBRE','Josue Benito','Torrez Gomez','tben0281@gmail.com','licenciado','Físico Dosimetrista','CNR','otro','505 5878 3477','Aprender','2025-09-04 03:47:21',NULL),(832,'6SEPTIEMBRE','Juan','Moraes','Juanmoraes53@gmail.com','licenciado','Imagenologia','Civa SA- Hospital Maciel','UY','99402896','Responsable en radioproteccion en mi pais','2025-09-04 06:49:28',NULL),(833,'6SEPTIEMBRE','Diana Carolina','Mucha Lopez','dayan12cg45733701@gmail.com','magister','Tecnologo Medico en Radiologia','Instituto Nacional de Salud del Niño','PE','930446696','','2025-09-04 12:10:57',NULL),(834,'6SEPTIEMBRE','Franky Eduardo','Reyes Osorio','zonaradiokogica@outkook.com','licenciado','Físico médico','LNCC','GT','52060695','Actualización','2025-09-04 13:23:48',NULL),(835,'6SEPTIEMBRE','Denis Cristian','Villarroel Garcia','denis.villarroel77@gmail.com','tecnico','Tec. En tomografia','Hospital Hernán messuti','BO','61616137','Dar mejor protección al paciente al momento de realizar un estudio','2025-09-04 13:46:03',NULL),(836,'6SEPTIEMBRE','Rosa Magali','Marcillo Noroña','rosa.marcillo@ucacue.edu.ec','licenciado','licenciado en Imagenologia','Universidad Cátolica de Cuenca','EC','979190980','Ampliar mis conocimientos sobre seguridad radiologica','2025-09-04 14:02:04',NULL),(837,'6SEPTIEMBRE','Daniela Alejandra','Avalos Navas','danianavas88@gmail.com','magister','Licenciada en Radiología','Hospital Provincial General Pablo Arturo Suarez','EC','0983142010','Soy Oficial de Seguridad Radiológica en mi País','2025-09-04 14:15:42',NULL),(838,'6SEPTIEMBRE','Diana Leticia','Hernandez Suarez','dialhs.ds@gmail.com','licenciado','Radiología e Imágenes','Hospital San Francisco UNIRAD','SV','7046-6640','Mejorar la cultura de seguridad radiológica en el área de trabajo de manera que sea beneficiosa para el paciente y para resto del personal','2025-09-04 16:05:47',NULL),(839,'6SEPTIEMBRE','Nathaly Elynor','García De Bernave','elycega10@gmail.com','licenciado','Licenciatura en Radiología e Imagenes','Clínica Integral de Atención familiar americares','SV','7246-5702','Conocimiento, trabajo ne el. Area','2025-09-04 16:10:41',NULL),(840,'6SEPTIEMBRE','Magda Lizeth','Bonilla Eslava','mlbeslava@gmail.com','licenciado','bacteriologa medicina nuclear','Clínica Colsanitas Keralty','CO','3163981120','Ampliar conocimientos en protección radiológica.','2025-09-04 16:26:56',NULL),(841,'6SEPTIEMBRE','Andrea Susana','Prieto','aprieto@colsanitas.com','licenciado','Bacteriologa','Clínica colsanitas','CO','3002063221','Trabajo en unidad de Medicina nuclear en Colombia, me interesa ampliar conocimientos en protección radiológica','2025-09-04 16:27:12',NULL),(842,'6SEPTIEMBRE','Angel Esteban','Méndez Guillén','omega2014.60@gmail.com','magister','Oncologo Radioterapeuta','Instituto del Cancer de El Salvador','SV','72720172','cultura y conocimientos actualizados','2025-09-04 18:11:36',NULL),(843,'6SEPTIEMBRE','Aleida','Giraldo','aleida.trinidad@quironsalud.com','otro','Tecnologa en Medicina Nuclear','Cedimed','CO','3207711713','Estar actualizada constantemente en temas de Salud, y con mi experiencia y conocimiento desarrollarme  todos los días mucho mejor en mi profesión','2025-09-04 20:19:47',NULL),(844,'6SEPTIEMBRE','Joselin Michelle','Guillén Santillán','joselinguillen09@gmail.com','magister','Biofísica','TOA Clínica','EC','0960140356','Aprender más en protección radiológica y seguridad para el paciente y personal','2025-09-04 21:17:40',NULL),(845,'6SEPTIEMBRE','Jose Mercedes','Gonzales Rojas','gonzalesrojasjose@gmail.com','magister','Ingenniero Quimico','Consultor Independiente','PE','948507535','Soy Consultor en Seguridad Radio lógica y me interesa el Seminario','2025-09-04 21:32:14',NULL),(846,'6SEPTIEMBRE','Victor Daniel','Molina Mujica','molivictor17@gmail.com','licenciado','Ingeniero mecánico','Instituto venezolano de investigaciones científicas','VE','4161716138','Me interesa por estar ligado al área de en el área de protección radiólogica','2025-09-04 21:49:28',NULL),(847,'6SEPTIEMBRE','Arturo','Martínez Rivas','arturomarti1212@gmail.com','licenciado','Licenciado en Radiología e imagenes','SMSP','SV','78434267','','2025-09-04 22:03:35',NULL),(848,'6SEPTIEMBRE','Homero Josué','Álvarez Fuentes','jossalf83@gmail.com','licenciado','Técnico Radiólogo','SSA','MX','7472210512','Capacitación','2025-09-05 00:37:03',NULL),(849,'6SEPTIEMBRE','Mildred Ericka','Kubatz La Madrid','milykubatz84@gmail.com','especialista','Médico','Hospital','BO','68796290','','2025-09-05 13:29:45',NULL),(850,'6SEPTIEMBRE','Juan Sebastian','Luna Ariza','sebastian.l.a131@gmail.com','otro','Estudiante Medicina','Fundación Universitaria de Ciencias de la Salud FUCS','CO','3176175928','Adquirir conocimientos en protección radiológica','2025-09-05 15:36:57',NULL),(851,'6SEPTIEMBRE','Daniel','Andisco','daniel.andisco@gmail.com','magister','Físico Médico','Instituto del Cáncer - Argentina','AR','1165274528','Trabajo en este tema','2025-09-05 18:38:54',NULL),(852,'6SEPTIEMBRE','Madeline','De León','madelinedeleon.26@gmail.com','especialista','Oficial de Protección Radiológica','Hospital del Niño Doctor José Renán Esquivel','PA','6487-8771','Para conocer las experiencias que han tenido sobre el tema teniendo en cuenta que la calidad y seguridad del paciente es muy importante para los hospitales.','2025-09-05 19:02:40',NULL),(853,'6SEPTIEMBRE','Omaira','Crespo','mendezomaira@gmail.com','licenciado','Fisico','Servicio Desconcentrado de atención oncologica','VE','4145417659','Conocer las nuevas tendencias en trato a los pacientes','2025-09-05 20:09:15',NULL),(854,'6SEPTIEMBRE','Mildred','Mora','mnmnphdeducacion2024@gmail.com','magister','FISICA MEDICA','HCU Dr Antonio María Pineda','VE','04245217912','Formación en protección Radiologica','2025-09-05 20:44:15',NULL),(855,'6SEPTIEMBRE','Yohanna','Pérez','yohannamargot.doc@gmail.com','magister','Físico médico','Hospital Central Universitario Dr Antonio María Pineda','VE','04245388673','Actualización','2025-09-05 20:57:02',NULL),(856,'6SEPTIEMBRE','Paola','Parra','paolaparra2025adm@gmail.com','licenciado','Administración de Gerencia','Servicio Desconcentrado especializado en diagnóstico y tratamiento de enfermedades oncológicas del e','VE','04245534021','Capacitarme e implementar las medidas de seguridad a mi equipo de trabajo','2025-09-05 21:16:39',NULL),(857,'6SEPTIEMBRE','Brisa','Augier','brisaaugier49@gmail.com','tecnico','Radiologo','No tengo','AR','3865372662','Porque me interesa mucho sobre el tema y más q estoy en el ámbito laboral sobre la radiación','2025-09-05 23:41:41',NULL),(858,'6SEPTIEMBRE','Marbella','Jacho','j-marbe@hotmail.com','licenciado','Lic. Radiología','Hospital General Quevedo Iess','EC','0993675332','','2025-09-05 23:42:13',NULL),(859,'6SEPTIEMBRE','Cristian','Ccanto','cristianccanto97@gmail.com','licenciado','Físico','Instituto Nacional de Enfermedades Neoplásicas','PE','933834862','Deseo seguir aprendiendo','2025-09-05 23:45:28',NULL),(860,'6SEPTIEMBRE','Mary Luz','Cortes Puentes','maryluz16cortes@gmail.com','tecnico','Tecnólogo Medicina Nuclear','Hospital Mayor Mederi','CO','3188041592','','2025-09-05 23:50:50',NULL),(861,'6SEPTIEMBRE','Ruth Esther','Amparo Muñoz','ruthamparo23@gmail.com','licenciado','Licenciado en imagenologia','Hospital Dra. Armida García','DO','829-606-9784','Adquirir nuevos conocimientos','2025-09-05 23:59:29',NULL),(862,'27SEPTIEMBRE','Maria José','Rivas González','majo.rivasg10@gmail.com','licenciado','Enfermera','Hospital Nacional','SV','71691523','','2025-09-06 17:07:53',NULL),(863,'29NOV','María José','Rivas González','majo.rivasg10@gmail.com','licenciado','Enfermera','Hospital Nacional','SV','71691523','','2025-09-06 17:10:41',NULL),(864,'27SEPTIEMBRE','Astrid Paola','Mejía Ovalle','emalme2412@gmail.com','tecnico','Tecnologa en medicina nuclear','Nuclear Especialista SAA','CO','3213871353','','2025-09-06 17:15:56',NULL),(865,'27SEPTIEMBRE','Katherine','Figueroa','KFIGUEROAMERCEDES@GMAIL.COM','licenciado','Radióloga','SNS','DO','8297579828','','2025-09-06 17:16:11',NULL),(866,'27SEPTIEMBRE','Fátima Mabel','Villalta Ramos','fvillalta97@gmail.com','doctor','Médico consultante','DGCP','SV','75278983','Estudios','2025-09-06 17:16:27',NULL),(867,'27SEPTIEMBRE','Francisco Javier','Torres','franjatc@hotmail.com','otro','Tecnólogo Medicina Nuclear','Hospital Mayor de Mederi','CO','3213492532','','2025-09-06 17:17:28',NULL),(868,'27SEPTIEMBRE','Malia Julieth','Pinzón Cubides','juli12pinzon@gmail.com','tecnico','Tecnologa','Hospital Mederi','CO','3204532033','','2025-09-06 17:17:31',NULL),(869,'27SEPTIEMBRE','Magaly Karin','Manosalva Chávez','Magalykarin80@gmail.com','licenciado','Tecnólogo médico en Radiología','Hospital carlos lanfranco la hoz','PE','994356610','','2025-09-06 17:18:43',NULL),(870,'27SEPTIEMBRE','Yessica','González','yessigonzalez1218@gmail.com','tecnico','Tecnologa en manejo de fuentes abiertas','Clínica shaio','CO','3212494243','','2025-09-06 17:19:23',NULL),(871,'27SEPTIEMBRE','Rita Jacqueline','Vera Rosado','radiologyimage48@gmail.com','otro','Tecnóloga Superior en Imagenología y Radiología','Hospital Alfredo Paulson','EC','0996305214','','2025-09-06 17:21:38',NULL),(872,'27SEPTIEMBRE','Ramiro','Huamaní Saravia','ramihs2005@outlook.com','licenciado','Tecnólogo Medico en Radiologia','Hospital cayetano heredia','PE','921200883','Excelente','2025-09-06 17:25:02',NULL),(873,'27SEPTIEMBRE','Edith Gloria','Carrion Torres','gloriae_786@hotmail.com','licenciado','TECNÓLOGO MÉDICO EN RADIOLOGÍA','HOSPITAL CARLOS LANFRANCO LA HOZ','PE','928855406','','2025-09-06 17:27:09',NULL),(874,'29NOV','Massiel','Machado Díaz','mdiaz.cmw@infomed.sld.cu','doctor','Especialista en Medicina Familiar','MINSAP','CU','55600822','','2025-09-13 21:12:39',NULL),(875,'27SEPTIEMBRE','Victor Daniel','Molina Mujica','molivictor17@gmail.com','licenciado','Ingeniero mecánico','Instituto venezolano de investigaciones científicas','VE','4161716138','','2025-09-17 19:24:09',NULL),(876,'27SEPTIEMBRE','Iralda','Ramos','ieragroup68@gmail.com','magister','Bioquímica farmacéutico','Privada','EC','593998506884','Cuales son las mejores estrategias para incentivar a la capacitación.','2025-09-17 19:26:07',NULL),(877,'27SEPTIEMBRE','Marieta','Del Rosario','marietadelrosario@outlook.com','especialista','OPR','CSS','PA','68176208','','2025-09-17 19:26:36',NULL),(878,'27SEPTIEMBRE','Luis','Avila Abril','avilaabdhul@gmail.com','magister','Fisica','Universidad de la Amazonia','CO','3228801301','de qué manera podemos proponer a entidades sin estar involucrados laboralmente con ellos?','2025-09-17 19:49:13',NULL),(879,'27SEPTIEMBRE','Nathaly Elynor','García De Bernave','elycega10@gmail.com','licenciado','Licenciatura en Radiología e Imagenes','Clínica Integral de Atención familiar americares','SV','7246-5702','','2025-09-17 20:01:30',NULL),(880,'27SEPTIEMBRE','Ricardo Enrique','Okumura Aparicio','okumuraaparicioenrique@gmail.com','magister','FISICA METEMATICA','ONCORAD SAC','PE','968580302','','2025-09-17 20:02:32',NULL),(881,'27SEPTIEMBRE','Evaneida','Hiciano Pimentel','evahp07@outlook.com','doctor','Médico','Hospital','DO','8296374145','','2025-09-17 21:08:07',NULL),(882,'27SEPTIEMBRE','Yostyn Alexander','Fuentes Diaz','yostynfd14@gmail.com','licenciado','Física','AUNA','PE','906124505','','2025-09-17 21:14:18',NULL),(883,'27SEPTIEMBRE','Alexander Aimar','Cajusol Paez','alexaimarcajusol@gmail.com','licenciado','Tecnólogo médico en radiología','Tomomedic','PE','922998029','','2025-09-17 21:21:42',NULL),(884,'27SEPTIEMBRE','Andrea','Pineda Ramirez','mnuclear.apineda@gmail.com','otro','TECNOLOGO EN MEDICINA NUCLEAR','CLINICA MARLY','CO','3114415576','','2025-09-17 21:39:20',NULL),(885,'27SEPTIEMBRE','Elizabeth','Rivera','LIZ.RIVERA2010@GMAIL.COM','doctor','MÉDICO RADIOLOGO','IGSS','GT','57044445','','2025-09-17 21:48:20',NULL),(886,'27SEPTIEMBRE','Yanet','García Lozada','thedragarcia@gmail.com','magister','Médico especialista en Radiodiagnóstico','UCLA','VE','58-4245481536','¿Cuando inicia la capacitación en Protección Radiológica?','2025-09-17 22:02:37',NULL),(887,'27SEPTIEMBRE','Pedro','Cortez','tezcotoberal@gmail.com','especialista','DOSIMETRÍSTA','Instituto Oncológico Nacional','BO','72278002','','2025-09-17 22:22:10',NULL),(888,'27SEPTIEMBRE','Fernando','Márquez Pachas','Jfmarquezp@yahoo.es','magister','Físico','Instituto Nacional de Enfermedades Neoplásicas','PE','991764223','','2025-09-17 22:25:30',NULL),(889,'27SEPTIEMBRE','Jose Alejandro','Rivera Torres','Jriverat1975@gmail.com','tecnico','Técnico en radiologia','Hosp del valle','HN','99987280','Aprender mas','2025-09-17 22:59:49',NULL),(890,'27SEPTIEMBRE','Kimberly','Duarte Nuñez','kimdua24@gmail.com','tecnico','Radio tecnología','Hospital y clínicas San Jorge','HN','32623999','','2025-09-17 23:02:29',NULL),(891,'27SEPTIEMBRE','Maritza','Peralta Cusi','maritzapc.2105@gmail.com','licenciado','Tecnologo Médico Radiología','HMA','PE','991010756','','2025-09-17 23:31:36',NULL),(892,'27SEPTIEMBRE','Arturo','Martinez Rivas','arturomarti1212@gmail.com','licenciado','Radiología E imágenes','centro especializado san pedro','SV','78434267','','2025-09-17 23:52:12',NULL),(893,'27SEPTIEMBRE','Cecilia Patricia','Rivera Sánchez','patryrs28@gmail.com','licenciado','Licda en Radiología e imágenes','Centro Nacional de Radioterapia','SV','7786 2365','.','2025-09-17 23:53:12',NULL),(894,'27SEPTIEMBRE','Rita Jacqueline','Vera Rosado','gabyleen77@gmail.com','otro','Tecnóloga Superior en Imagenología y Radiología','Hospital Alfrefo Paulson','EC','0996305214','','2025-09-18 00:10:55',NULL),(895,'27SEPTIEMBRE','Juan Carlos','Morales','carlos.morales@hospitalteleton.org.mx','especialista','Encargado de seguridad radiológica','Hospital infantil Teletón de oncología','MX','5534481967','','2025-09-18 00:54:31',NULL),(896,'27SEPTIEMBRE','Yamila','Rodriguez','yloreya.28@gmail.com','especialista','Radióloga','Centro médico nacional','PY','972166915','','2025-09-18 01:29:14',NULL),(897,'27SEPTIEMBRE','Eugenio Romario','Mendoza Ramírez','eu.mendoza.r@gmail.com','licenciado','Tecnólogo Médico en Radiología','Hospital Feliz Mayorca Soto Tarma Junin','PE','999503932','','2025-09-18 12:09:42',NULL),(898,'27SEPTIEMBRE','Henry Diego','Patty Flores','legendryus@gmail.com','doctor','medico nuclear','ABEN CMNYR EL ALTO','BO','72536718','','2025-09-18 12:50:27',NULL),(899,'27SEPTIEMBRE','Angel Esteban','Méndez Guillén','omega2014.60@gmail.com','doctor','Oncologo Radioterapeuta','Instituto del Cancer de El Salvador','SV','72720172','','2025-09-18 13:49:46',NULL),(900,'27SEPTIEMBRE','Norma Rosario','Rodriguez Cerna','rosariorodriguez_22@yahoo.com','licenciado','Tecnologo Medico','Essalud','PE','990112431','','2025-09-18 17:28:09',NULL),(901,'27SEPTIEMBRE','Jose Antonio','Chamia','Jachamia@gmail.com','licenciado','Lic en produccion de bio imagen','Hospital oñativia','AR','387 4514507','','2025-09-18 18:06:19',NULL),(902,'27SEPTIEMBRE','Zintia Milagros','Arqque Meza','mochimedsac@gmail.com','otro','ING. Electronica','Mochimed','PE','937119980','','2025-09-18 21:52:42',NULL),(903,'27SEPTIEMBRE','Cristian Daniel','Alfaro','cristianodanielalfaro@gmail.com','licenciado','Servicio de Radiólogia. Servicio de Medicina Nuclear','Hospital San Bernardo. Cordis S.A.','AR','387 5531625','','2025-09-19 19:09:00',NULL),(904,'27SEPTIEMBRE','Ronald William','Gavarrete Gómez','ronaldgavarrete@gmail.com','licenciado','Informática','Dirección Nacional de Investigación e Inteligencia','HN','+50432339526','Qué países de centroamérica cuentan ya con una Estrategia Nacional de Capacitación de Protección Radiológica?','2025-09-20 01:15:30',NULL),(905,'27SEPTIEMBRE','Walter','Erazo','waltererazo807@yahoo.com','tecnico','Tecnólogo médico/ radioterapia','Centro oncológico hondureño','HN','50499365568','','2025-09-20 10:27:06',NULL),(906,'27SEPTIEMBRE','Niny','Moncada','Ninymoncada@gmail.com','tecnico','Tecnólogo en radiología','Cidim','CO','3146355738','','2025-09-21 01:19:19',NULL),(907,'27SEPTIEMBRE','Fidel','Torres','torresgarcetefidel@gmail.com','licenciado','Radiologo','INCAN','PY','983480796','','2025-09-21 12:08:19',NULL),(908,'27SEPTIEMBRE','Blanca Lisseth','Arbizu De Lopez','blanca.arbizu@unab.edu.sv','licenciado','Radiología','Universidad De. Andrés Bello','SV','71507311','','2025-09-21 15:35:39',NULL),(909,'27SEPTIEMBRE','Elio Ramón','Escalona Casas','escalonacasas@yahoo.es','especialista','Médico General Integral','MINSAP','CU','51395011','','2025-09-21 20:23:49',NULL),(910,'27SEPTIEMBRE','Aleida','Giraldo','aleida.trinidad@cediemd.com','otro','Coordinadora Tecnica y OPR de medicina Nuclear y Pet-Ct','Cedimed','CO','3207711713','','2025-09-22 12:24:33',NULL),(911,'27SEPTIEMBRE','José Oswaldo','Abad Ovalle','joseoswaldo.abadovalle@gmail.com','licenciado','Físico','FAP','PE','969680964','','2025-09-22 17:54:59',NULL),(912,'27SEPTIEMBRE','Karla Marlene','Flores Osegueda','karlaoseguedaflores@gmail.com','licenciado','Lic radiología','Clínica Brito mejia peña','SV','70338862','','2025-09-22 20:33:32',NULL),(913,'27SEPTIEMBRE','Miguel','Hernandez','mhrnandezjunior@yahoo.com.ar','tecnico','Radiologo','Privado','AR','1155945193','','2025-09-22 23:48:40',NULL),(915,'11OCT','Enny Carolina','Ariza García','enny.ariza@nuclearespecialistas.com','especialista','Bacterióloga','Nuclear Especialistas SAS','CO','3203053101','Formación continua','2025-09-23 22:08:49',NULL),(916,'11OCT','Jessica','Gonzalez','jkg24en@hotmail.com','licenciado','Profesional en rx','Cnrt','SV','77477722','','2025-09-23 22:10:20',NULL),(917,'11OCT','Yessica','González','yessigonzalez1218@gmail.com','tecnico','Tecnologa en manejo de fuentes abiertas','Clínica shaio','CO','3212494243','','2025-09-23 22:11:11',NULL),(918,'11OCT','Yuliana','Gutiérrez Palacio','yuligupa01@gmail.com','otro','Tecnologa en Medicina Nuclear','Sociedad de cirugía hospital de San jose','CO','3192590715','.','2025-09-23 22:11:49',NULL),(919,'11OCT','Mary Luz','Cortes Puentes','maryluz16cortes@gmail.com','tecnico','Tecnólogo de Medicina Nuclear','H Universitario Mayor Mederi','CO','3188041592','','2025-09-23 22:13:47',NULL),(920,'11OCT','Andrea','Pineda Ramírez','mnuclear.apineda@gmail.com','otro','Tecnólogo en medicina nuclear','Clínica Marly s.a','CO','3114415576','','2025-09-23 22:18:18',NULL),(921,'11OCT','Diana Soraya','Muñoz','diana_munoz2316@hotmail.com','tecnico','Tecnólogo en radiología w imágenes diagnósticas','Colsubsidio','CO','3150576866','“Doctor, teniendo en cuenta los avances en nuevos radiofármacos y en tecnologías híbridas como el PET/CT y el PET/MRI, ¿cuál considera que será el mayor impacto de la medicina nuclear en los próximos años en el manejo integral del paciente oncológico?”\r\n\r\n? Es una pregunta abierta, demuestra interés en innovación, pone el foco en el paciente y le da al ponente espacio para profundizar en investigación, tecnología y clínica.','2025-09-23 22:18:23',NULL),(922,'11OCT','Sandra Patricia','Sánchez Nova','spsanchez@colsanitas.com','tecnico','Tecnóloga en medicina nuclear','Clínica Colsanitas','CO','3173023507','','2025-09-23 22:21:01',NULL),(923,'11OCT','Jeiffer','Marín Escobar','Sirjeiffer@gmail.com','tecnico','Tecnólogo en el menejo de fuentes abiertas','Coa','CO','3178821352','','2025-09-23 22:25:00',NULL),(924,'11OCT','Astrid Paola','Mejía Ovalle','emalme2412@gmail.com','tecnico','Tecnologa en medicina nuclear','Nuclear Especialista SAA','CO','3213871353','','2025-09-23 22:26:07',NULL),(925,'11OCT','Jhon Jairo','Hernández Padilla','eileenhernandez2701@gmail.com','otro','Tecnólogo en medicina nuclear','Clínica imat auna','CO','3103272072','','2025-09-23 22:44:58',NULL),(926,'11OCT','Leidy Concepcion','Lamus Ceron','leidy.lamus27@gmail.com','tecnico','Tecnologa en medicina nuclear','Hospital chicoutimi','otro','5814479349','','2025-09-23 22:49:01',NULL),(927,'11OCT','Yuli Paulina','Sánchez Leyva','yupasale@hotmail.com','tecnico','Tecnologo de fuentes abiertas','Colsubsidio','CO','3118298257','','2025-09-23 23:11:34',NULL),(928,'11OCT','Karla Lizeth','Rivera Camas','Kriveracamas34@gmail.com','tecnico','Radiotecnologo','Centro de cancer emma romero callejas','HN','+504 32991536','','2025-09-23 23:14:37',NULL),(929,'11OCT','Iván','Lamus Rey','ivanyesidr@gmail.com','otro','Tecnólogo de manejo de fuentes abiertas de uso diagnóstico y terapéutico.','Medinuclear','CO','3232770774','','2025-09-23 23:37:41',NULL),(930,'11OCT','Diana Paola','García Rodriguez','dianapaogarciaro@gmail.com','especialista','Oficial de Protección Radiológica','PharmaNuclear','CO','3102495441','','2025-09-23 23:51:13',NULL),(931,'11OCT','Diego','Lopez','diegolopez82@gmail.com','licenciado','Medicina nuclear','Org. Clínica Bonnadona-Prevenir','CO','3008399830','','2025-09-24 00:23:57',NULL),(932,'11OCT','Juan Miguel','Olalla Pilco','jmiguelolalla@gmail.com','doctor','Físico','Nuclearmed','EC','999796645','Que opinión tiene sobre el establecimiento de niveles de referencia para diagnóstico en medicina nuclear como herramienta para optimizar la Protección Radiológica','2025-09-24 04:03:13',NULL),(933,'11OCT','Juan Carlos','Espin Cuzco','j_c2324@hotmail.com','licenciado','IMAGENOLOGO','Hospital Metropolitano','EC','0981418279','','2025-09-24 04:19:26',NULL),(934,'11OCT','Rocío','Viteri','rocio.viteri@gmail.com','magister','Físico medico','PETCI','EC','9797905647','','2025-09-24 11:55:18',NULL),(935,'11OCT','Jessica','Naula','jessicanaulac@gmail.com','especialista','Medicina nuclear','Solca guayaquil','EC','980321169','','2025-09-24 12:07:49',NULL),(936,'11OCT','Erika','Tavuri','eri-kar@hotmail.com','licenciado','Lcda imagenologia','Solca cuenca','EC','0979279729','','2025-09-24 12:52:33',NULL),(937,'11OCT','Ernesto','Jiménez','netojs@yahoo.com.mx','especialista','Físico Médico','NUCLEARMED','EC','980684288','','2025-09-24 15:13:40',NULL),(938,'27SEPTIEMBRE','Keylin','Rosales','Keylinrosales88@gmail.com','tecnico','Radiotecnologia','Oncord, Honduras','HN','95500488','En caso de que un centro no cumpla con todas las normas de protección radiológica, ¿qué responsabilidades recaen sobre el personal y qué medidas debería tomar?','2025-09-24 17:33:26',NULL),(939,'11OCT','Dario','Sarmiento','dsarmiento1962@gmail.com','licenciado','Oficial de Protección Radiologico','Instituto Oncológico Nacional','PA','507 5127043','','2025-09-24 22:18:06',NULL),(940,'27SEPTIEMBRE','Leonel','Hincapié Hernandez','leonelhh9009@hotmail.com','magister','Fisico Medico','UNAD','CO','3002352099','','2025-09-25 01:48:32',NULL),(941,'11OCT','Yeimy','Naranjo Restrepo','Yeimalexa@hotmail.com','tecnico','Tecnóloga n medicina nuclear','Hospital militar central','CO','3222913473','','2025-09-25 16:29:07',NULL),(942,'11OCT','Andrea','Rodríguez','andriuzmy@gmail.com','tecnico','Medicina nuclear','Mederi','CO','3112502214','N/a','2025-09-25 18:10:26',NULL),(943,'11OCT','Elcy Rocio','Ortiz Romero','elcyhernandez292427@gmail.com','otro','Auxiliar de enfermería','Clinica oncomedica auna','CO','3182285294','','2025-09-25 22:11:24',NULL),(944,'27SEPTIEMBRE','Karla Lizeth','Rivera Camas','Kriveracamas34@gmail.com','tecnico','Técnico medicina nuclear','Centro de cancer emma romero callejas','HN','+504 32991536','','2025-09-26 12:04:02',NULL),(945,'27SEPTIEMBRE','Jeiffer','Marin Escobar','sirjeiffer@gmail.com','tecnico','Tecnólogo en el manejo de fuentes abiertas','Coa','CO','3178821352','','2025-09-26 12:06:07',NULL),(946,'27SEPTIEMBRE','Ruth Esther','Amparo Muñoz','ruthamparo23@gmail.com','licenciado','Licenciado en imagenologia','Hospital Dra. Armida García','DO','829-606-9784','','2025-09-26 12:10:00',NULL),(947,'27SEPTIEMBRE','Holver Andres','Gonzalez Delanoy','dtsfpabon@gmail.com','licenciado','Quimico Farmaceutico','Centro de Cuidados CardioNeuroVascular Pabon','CO','3164571950','','2025-09-26 12:18:05',NULL),(948,'27SEPTIEMBRE','Gabriela Alessandra','Villacorta García','vg16009@ues.edu.sv','otro','Estudiante de Física','Universidad de El Salvador','SV','68447235','','2025-09-26 12:28:14',NULL),(949,'27SEPTIEMBRE','Vilma Ruth','Serrano Sanchez','vilma.serrano@ues.edu.sv','licenciado','Licenciada en Radiología e imágenes','Universidad de El Salvador','SV','78246021','','2025-09-26 12:50:26',NULL),(950,'27SEPTIEMBRE','Manuela','Farro Quesquen','manuelapedro27@gmail.com','licenciado','Tecnológo médico en Radiologia','Hospital Amazónico Yarinacocha Ucayali','PE','948923460','','2025-09-26 13:27:28',NULL),(951,'27SEPTIEMBRE','Angela','Suarez','angesuar3@gmail.com','tecnico','Tecnico radiologo','Sistema Público','AR','381-5396420','','2025-09-26 13:50:38',NULL),(952,'27SEPTIEMBRE','Rosselly','Ramos Chinchay','roselyramosch01@gmail.com','licenciado','Fisica','Asl servicios multiples','PE','950452611','','2025-09-26 14:51:46',NULL),(953,'27SEPTIEMBRE','Gabriela','Sanchez Gonzalez','gabysg3@hotmail.com','magister','MESTRIA EN FARMACIA','SERVICIOS DE SALUD DE VERACRUZ/LABORATORIO ESTATAL DE SALUD PUBLICA','MX','2291747474','','2025-09-26 15:15:29',NULL),(954,'27SEPTIEMBRE','Jennifer','Nima','jennifergeomara@gmail.com','licenciado','Licenciada en imagenologia','Asisrad','EC','0959794926','','2025-09-26 15:59:36',NULL),(955,'27SEPTIEMBRE','Rosa Magali','Marcillo Noroña','rosa.marcillo@ucacue.edu.ec','licenciado','oficial de seguridad radiologica','Universidad Cátolica de Cuenca','EC','979190980','','2025-09-26 16:40:20',NULL),(956,'27SEPTIEMBRE','Jhon Jairo','Hernández Padilla','eileenhernandez2701@gmail.com','otro','Tecnólogo en medicina nuclear','Clínica imat auna','CO','3103272072','','2025-09-26 16:47:12',NULL),(957,'27SEPTIEMBRE','Homero Josué','Álvarez Fuentes','jossalf83@gmail.com','licenciado','Técnico Radiólogo','SSA','MX','7472210512','','2025-09-26 20:42:31',NULL),(958,'27SEPTIEMBRE','Jose Luis','Tejaya','tejayajoseluis@gmail.com','licenciado','lic. en bioimagenologia','INSTITUTO ONCOLOGICO DEL ORIENTE BOLIVIANO','BO','75619311','','2025-09-26 21:52:06',NULL),(959,'11OCT','Miguel Mateo','Arteaga Iraheta','mateoiraheta.20@gmail.com','licenciado','Enfermería','DINAC','SV','60419889','Me gustaría poder participar en toda ponencia o curso, diplomado que tenga relaciones con Protección radiológica. Muchas gracias','2025-09-27 14:26:36',NULL),(960,'11OCT','Gabriela Alessandra','Villacorta García','vg16009@ues.edu.sv','otro','Estudiante de Física','Universidad de El Salvador','SV','68447235','','2025-09-27 16:37:38',NULL),(961,'11OCT','Evaneida','Hiciano Pimentel','evahp07@outlook.com','doctor','Medico','Hospital','DO','829-637-4145','','2025-09-27 16:41:21',NULL),(962,'11OCT','Vilma Ruth','Serrano Sanchez','vilma.serrano@ues.edu.sv','licenciado','Licenciada en Radiología e imágenes','Universidad de El Salvador','SV','78246021','Siempre me inscribo y al final nunca me llega el link para conectarme a seminario.','2025-09-30 15:37:50',NULL),(963,'11OCT','Fátima Mabel','Villalta Ramos','fvillalta97@gamail.com','doctor','Médico','Dirección General de centros penales','SV','75278983','','2025-10-07 00:28:33',NULL),(964,'11OCT','Ruth Esther','Amparo Muñoz','ruthamparo23@gmail.com','licenciado','Licenciado en imagenologia','Hospital Dra. Armida García','DO','829-606-9784','','2025-10-08 02:37:02',NULL),(965,'11OCT','Cesar Augusto','Zapeta','dxcesarlopez1945@gmail.com','tecnico','Tecnico Radiologo','EScuela Nacional de Radiologia','GT','55415055','','2025-10-08 12:34:25',NULL),(966,'11OCT','Odorico Iván','Belzusarri Padilla','ivanbelzusarri@gmail.com','doctor','MÉDICO','INSTITUTO NACIONAL DE ENFERMEDADES NEOPLASICAS','PE','997529542','','2025-10-08 21:12:03',NULL),(967,'11OCT','Liliana','Zegarra Huacac','lilyzegarra18@gmail.com','magister','Tecnologo médico','Clínica internacional','PE','956768845','','2025-10-08 23:38:32',NULL),(968,'11OCT','Patricia','Recinos','patrice_26r@hotmail.com','especialista','Medico','HNZ','SV','69218017','','2025-10-09 15:08:02',NULL),(969,'11OCT','Julieta','Ruiz','Ruizjulietamaria3@gmail.com','tecnico','Radióloga','38350136','AR','3865740115','','2025-10-09 17:25:59',NULL),(970,'11OCT','Brisa','Augier','brisaaugier49@gmail.com','tecnico','Radiologo','No tengo','AR','3865372662','','2025-10-09 17:40:51',NULL),(971,'11OCT','Florencia Soledad','Lezcano','florencialezcano402@gmail.com','tecnico','Radióloga','Hospital centro de salud Aguilares','AR','3865262732','','2025-10-09 17:45:48',NULL),(972,'11OCT','Johana','Veliz','Johanaveliz75@gmail.com','tecnico','Técnico en Diagnóstico por imagenes','Atsa','AR','3865644107','','2025-10-09 18:43:26',NULL),(973,'11OCT','Luciana','Bazán','Lucia.bazan0505@gmail.com','tecnico','Radiologo','No tengo','AR','3865689390','','2025-10-10 01:13:07',NULL),(974,'11OCT','Rita Jacqueline','Vera Rosado','radiologyimage48@gmail.com','otro','Tecnóloga Superior en Imagenología y Radiología','CONRAYO','EC','0996305214','','2025-10-10 05:10:58',NULL),(975,'11OCT','Milton Alejandro','Jimenez Martinez','jm_milton@hotmail.com','licenciado','Lic en Radiología e imágenes','Ministerio de salud','SV','73786781','','2025-10-10 16:43:01',NULL),(976,'11OCT','Nora Liliana','Anampa Vega','noraav24@hotmail.com','licenciado','Tecnólogo médico','INSN','PE','999322582','','2025-10-10 16:43:53',NULL),(977,'11OCT','Francisco Javier','Torres Castillo','franjatc@hotmail.com','otro','Tecnólogo Medicina Nuclear','Hospital Mayor de Mederi','CO','3213492532','','2025-10-10 16:43:58',NULL),(978,'11OCT','Pedro','Cortez','tezcotoberal@gmail.com','especialista','DOSIMETRÍSTA','Instituto Oncológico Nacional','BO','72278002','','2025-10-10 16:44:58',NULL),(979,'11OCT','Katherine','Figueroa','KFIGUEROAMERCEDES@GMAIL.COM','licenciado','Radiólogia','SNS','DO','8297579828','','2025-10-10 16:45:52',NULL),(980,'11OCT','Diana Letici','Hernández Suarez','dialhs.ds@gmail.com','licenciado','Licenciada en Radiología e Imágenes','Hospital San Francisco, UNIRAD','SV','7046-6640','','2025-10-10 16:49:24',NULL),(981,'11OCT','Jose','Morel','josemorel1977@hotmail.com','licenciado','Licenciado en imágenes médicas','Hospital metropolitano de Santiago (HOMS)','DO','849-201-2316','','2025-10-10 16:50:28',NULL),(982,'11OCT','Willy Victor','Berrio Huisa','willy_berrio@hotmail.com','licenciado','Tecnología medica','Essalud','PE','984112772','Limitación de exámenes al paciente hacia áreas sensibles','2025-10-10 16:51:07',NULL),(983,'11OCT','Andres Felipe','Barrera Guerra','felipeanb504@gmail.com','tecnico','Tecnólogo en PETCT','La cardio','CO','3115754819','Protección radiología en PETCT','2025-10-10 16:55:00',NULL),(984,'11OCT','María José','Rivas González','majo.rivasg10@gmail.com','licenciado','Enfermería','DINAC','SV','71691523','','2025-10-10 16:55:08',NULL),(985,'11OCT','Gabriela Isabel','García Pérez','Isabelgarciap00@gmail.com','licenciado','Licenciada en Radiología e Imágenes','Hospital Nacional de Sonsonate Dr Jorge Mazzini Villacorta','SV','69805579','','2025-10-10 16:58:02',NULL),(986,'11OCT','Alexander Aimar','Cajusol Paez','alexaimarcajusol@gmail.com','licenciado','Tecnólogo médico en radiología','Essalud','PE','922998029','','2025-10-10 17:19:14',NULL),(987,'11OCT','Álvaro','Posú','aposu01@yahoo.com','magister','Físico Médico','Hospital Universitario de Santander','CO','3223076897','','2025-10-10 17:28:27',NULL),(988,'11OCT','Eugenio Romario','Mendoza Ramírez','eu.mendoza.r@gmail.com','licenciado','Tecnólogo Médico en Radiología','Minsa','PE','999503932','','2025-10-10 17:33:23',NULL),(989,'11OCT','Elizabeth','Rivera','liz.rivera2010@gmail.com','doctor','Médico radiólogo','IGSS','GT','57044445','','2025-10-10 17:33:52',NULL),(990,'11OCT','Luis','Avila Abril','avilaabdhul@gmail.com','magister','Fisica','Universidad de la Amazonia','CO','3228801301','','2025-10-10 17:37:21',NULL),(991,'11OCT','Homero Josué','Álvarez Fuentes','jossalf83@gmail.com','licenciado','Técnico Radiólogo','SSA','MX','7472210512','','2025-10-10 17:45:27',NULL),(992,'11OCT','Nathaly Elynor','García De Bernave','elycega10@gmail.com','licenciado','Licenciatura en Radiología e Imagenes','Nuevo hospital rosales','SV','7246-5702','','2025-10-10 17:56:27',NULL),(993,'11OCT','Jose Fernando','Marquez Pachas','Jmarquezp@unmsm.edu.pe','magister','Físico','Instituto Nacional de Enfermedades Neoplásicas','PE','991764223','','2025-10-10 18:27:36',NULL),(994,'11OCT','Margoth','Prieto','margothprieto@gmail.com','licenciado','Tecnologa médica','Hospital','PE','986929249','','2025-10-10 20:05:24',NULL),(995,'11OCT','German David','Alfaro Peña','germanalfaro1954@gmail.com','doctor','Medicina','Ministerio de salud','SV','75321510','','2025-10-10 20:39:24',NULL),(996,'11OCT','Suremy','Delgado Arribas','suremidelgado03@gmail.com','doctor','Estudiante','Universidad de Ciencias Médicas de Camagüey','CU','54927365','','2025-10-10 21:42:24',NULL),(997,'11OCT','Yostyn Alexander','Fuentes Diaz','yostynfd14@gmail.com','tecnico','Física','AUNA','PE','906124505','','2025-10-10 21:50:59',NULL),(998,'29NOV','Alexis Mauricio','Cruz Hernández','ma.manzanocruz@icloud.com','magister','Radiología e Imagen','Gobierno de El Salvador','SV','74499150','','2025-10-11 16:45:48',NULL),(999,'1NOV','Pedro','Cortez','tezcotoberal@gmail.com','especialista','DOSIMETRÍSTA','Instituto Oncológico Nacional','BO','72278002','','2025-10-20 21:10:14',NULL),(1000,'1NOV','Victor Daniel','Molina Mujica','molivictor17@gmail.com','licenciado','Ingeniero mecánico','Instituto venezolano de investigaciones científicas','VE','4161716138','En el evento','2025-10-20 23:25:55',NULL),(1001,'1NOV','Maurice José','González Basulto','mauricejgb1985@gmail.com','doctor','Profesor Universitario','Educación Superior','CU','52040116','','2025-10-20 23:33:07',NULL),(1002,'1NOV','Astrid Paola','Mejía Ovalle','emalme2412@gmail.com','tecnico','Tecnologa en medicina nuclear','Nuclear Especialista SAA','CO','3213871353','','2025-10-21 10:48:28',NULL),(1003,'1NOV','Senayda','Ortiz Rojas','senayda.or@gmail.com','otro','Física','UNMSM','PE','945782461','','2025-10-21 17:39:18',NULL),(1004,'1NOV','Fátima Mabel','Villalta Ramos','fvillalta97@gamil.com','doctor','Médico','Dirección General de Centros Penitenciarios','SV','75278983','','2025-10-22 22:02:26',NULL),(1005,'1NOV','Jose Antonio','Chamia','Jachamia@gmail.com','licenciado','Lic en produccion de bio imagen','Hospital oñativia','AR','387 4514507','','2025-10-23 15:09:18',NULL),(1006,'1NOV','Elcy Rocio','Ortiz Romero','elcyhernandez292427@gmail.com','tecnico','Auxiliar de enfermería','Clinica oncomedica auna','CO','3053744689','','2025-10-23 15:09:21',NULL),(1007,'1NOV','Oshin Valentina','Bellido Ramirez','shnbellido@gmail.com','licenciado','Tecnologo médico en radiologia','Ninguno','PE','975935711','Ninguna','2025-10-23 15:09:44',NULL),(1008,'1NOV','María José','Rivas','majo.rivasg10@gmail.com','licenciado','Enfermera','Hospital Rosales','SV','71691523','','2025-10-23 15:09:50',NULL),(1009,'1NOV','Jhon Jairo','Hernandez Padilla','eileenhernandez2701@gmail.com','tecnico','Tecnologo en medicina nuclear','Clinica oncomedica auna','CO','3103272072','','2025-10-23 15:10:30',NULL),(1010,'1NOV','Marieta','Del Rosario','marietadelrosario@outlook.com','especialista','Oficial de proteccion radiologica','Css','PA','68176208','','2025-10-23 15:16:20',NULL),(1011,'1NOV','Ruth Esther','Amparo Muñoz','ruthamparo23@gmail.com','licenciado','Licenciado en imagenologia','Hospital Dra. Armida García','DO','829-606-9784','','2025-10-23 15:25:12',NULL),(1012,'1NOV','Teresa Giuliana','Calero Gómez','tgcalerogomez1980@gmail.com','licenciado','Tecnologo Médico radiología','Hospital Vista Alegre','PE','976985751','','2025-10-23 15:31:26',NULL),(1013,'1NOV','Edith Gloria','Carrion Torres','gloriae_786@hotmail.com','licenciado','TECNÓLOGO MÉDICO EN RADIOLOGÍA','HOSPITAL CARLOS LANFRANCO LA HOZ','PE','928855406','.','2025-10-23 15:33:03',NULL),(1014,'1NOV','Ramiro','Huamaní Saravia','ramihs2005@outlook.com','licenciado','Radiologia','Hospital Cayetano Heredia','PE','921200883','.','2025-10-23 15:35:39',NULL),(1015,'1NOV','María Daniela','Rodriguez Bolívar','rodriguezb.mdaniela@gmail.com','otro','Ingeniero de Petróleo','Dirección de Energía Atómica. Ministerio de ciencia tecnología','VE','04128374274','','2025-10-23 15:45:07',NULL),(1016,'1NOV','Juan Miguel','Olalla Pilco','jmiguelolalla@gmail.com','doctor','Física','NUCLEARMED','EC','999706645','Considera usted que es importante evaluar el riesgo radiológico asociado a la exposición a NORM en los hogares','2025-10-23 15:54:51',NULL),(1017,'1NOV','Iralda','Ramos','ieragroup68@gmail.com','magister','DOCTORA BIOQUIMICA','CIMAT','EC','998506884','','2025-10-23 16:25:10',NULL),(1018,'1NOV','Alexander Aimar','Cajusol Paez','alexaimarcajusol@gmail.com','licenciado','Tecnólogo médico en radiología','Essalud','PE','922998029','','2025-10-23 16:45:16',NULL),(1019,'1NOV','Micxy Nelly','Guerrero Julca','minellyguerrerojulca@gmail.com','licenciado','Tecnologo médico Radiologia','EsSalud','PE','933303295','','2025-10-23 16:50:06',NULL),(1020,'1NOV','Abdhul','Avila','avilaabdhul@gmail.com','magister','Fisico','Universidad Amazonia','CO','3228801301','','2025-10-23 17:00:59',NULL),(1021,'1NOV','Cesar Jheferson','Guevara Pillaca','cesar.guevara@anphysrad.com','magister','Físico','Anphysrad SAC','PE','942456500','','2025-10-23 17:25:53',NULL),(1022,'1NOV','Andres Felipe','Barrera Guerra','felipeanb504@gmail.com','tecnico','Tecnólogo en PETCT','La cardio','PA','3115754819','','2025-10-23 17:45:33',NULL),(1023,'1NOV','Marco Rene','Ponciano Girón','renegold@gmail.com','doctor','Médico y Cirujano','Ministerio de Salud Publica','GT','59785470','','2025-10-23 18:36:39',NULL),(1024,'1NOV','Henry Diego','Patty Flores','legendryus@gmail.com','doctor','medico nuclear','ABEN CMNYR LA PAZ','BO','72536718','','2025-10-23 19:09:49',NULL),(1025,'1NOV','Josue','Torrez','tben0281@gmail.com','licenciado','Físico','Centro Nacionl de Radioterapia','NI','58783477','Cual es la importancia  con respecto al campo petrolero','2025-10-23 21:20:59',NULL),(1026,'1NOV','Anali Judith','Tapia Pereda','analiju25071@gmail.com','licenciado','Tecnologo medico','Clinica Montesur','PE','988881736','','2025-10-23 22:46:28',NULL),(1027,'1NOV','German David','Alfaro Peña','germanalfaro1954@gmail.com','doctor','Doctor en medicina','Ministerio de salud pública','SV','72983721','','2025-10-24 01:06:08',NULL),(1028,'1NOV','Gabriela','Sánchez González','gabysg3@hotmail.com','magister','Químico Farmacéutico Biologo','Servicios de Salud de Veracruz/Laboratorio Estatal de Salud Publica','MX','2291747474','','2025-10-24 14:12:30',NULL),(1029,'1NOV','Niny','Moncada','NinyMoncada1213@gmail.com','tecnico','Tecnologa en radiología e imágenes y ayudas diagnósticas','Cidim','CO','3146355738','','2025-10-25 01:47:31',NULL),(1030,'1NOV','Manuela','Farro Quesquen','manuelapedro27@gmail.com','licenciado','Tecnológo médico en Radiologia','Hospital Amazónico Yarinacocha Ucayali','PE','948923460','','2025-10-25 01:51:20',NULL),(1031,'1NOV','Daniela','Avalos','danianavas88@gmail.com','magister','Licenciada en Radiología','Hpas','EC','0983142010','','2025-10-25 05:27:26',NULL),(1032,'1NOV','Fidel','Torres','torresgarcetefidel@gmail.com','licenciado','Radiologo','INCAN','PY','983480796','','2025-10-25 21:49:59',NULL),(1033,'1NOV','Larissa','Noguera','larissagisseln@gmail.com','licenciado','Radiologa','Instituto Nacional del Cáncer','PY','992652100','','2025-10-26 14:02:51',NULL),(1034,'1NOV','Leonel','Hincapié Hernandez','leonelhh9009@hotmail.com','magister','Fisico Medico','UNAD','CO','3002352099','','2025-10-27 02:17:11',NULL),(1035,'1NOV','Mildred','Mora','fisicamedicaoncologia2025@gmail.com','magister','Fisica Medica','HCU Dr Antonio Maria Pineda','VE','04245217912','','2025-10-27 02:25:16',NULL),(1036,'1NOV','Jorge Oswaldo','Cedeño Cedeño','jorgebectruc18@hotmail.com','otro','Físico','Grupo de Investigación Desarrolló para el Ambiente y Cambió Climático, Escuela Superior Politécnica ','EC','981314626','¿Qué protocolo se seguiría para medir NORM en cavernas?','2025-10-27 12:17:43',NULL),(1037,'1NOV','Kelly','Asanza','kellys_a.l@hotmail.com','especialista','Ingeniera Ambiental','Gobierno Autónomo Descentralizado Municipal del cantón Lago Agrio','EC','0939994284','','2025-10-27 15:25:41',NULL),(1038,'1NOV','Mario','Cisneros Flor','mario.cisnerosflor@gmail.com','magister','Diseñador gráfico','Sabio | Branding & Diseño Estratégico','EC','998810985','¿Cuál es el máximo de nivel radioactivo qué un ser humano adulto puede soportar sin sufrir daños y perjuicios a su salud, tanto sin protección, como con el uso de protección adecuada?','2025-10-27 21:56:52',NULL),(1039,'1NOV','Dr.: Elio Ramón','Escalona Casas','escalonacasas@yahoo.es','especialista','Médico General Integral','MINSAP','CU','51395011','','2025-10-28 01:04:25',NULL),(1040,'1NOV','Maria Zuleima','Carrasco','mariasulec@gmail.com','magister','Físico Médico','Hospital Exequiel','CL','988047814','','2025-10-28 11:03:47',NULL),(1041,'1NOV','Victor','Acurio','Victoracurior@gmail.com','magister','Radiologo','Hcam','EC','0998741023','','2025-10-28 14:14:29',NULL),(1042,'1NOV','Virginia Ingrid','Haro Chafla','ingridharo2001@gmail.com','licenciado','Física','Fundación Municipal de la Mujer y el Niño','EC','994834731','Que sucede cuando un material radioactivo está contaminado y esté es inyectado en un paciente ?','2025-10-28 16:48:08',NULL),(1043,'1NOV','Victor','Armijos','armijos427@gmail.com','licenciado','Quimico','CIDEC ZETESIS','EC','981945732','','2025-10-28 17:42:26',NULL),(1044,'1NOV','Adrian','Barcenas','adrianbarcenas288@gmail.com','tecnico','Radioterapia','Hospital Domingo luciani','VE','4241348589','','2025-10-29 17:25:11',NULL),(1045,'1NOV','Aleida','Gil','agilrojas@gmail.com','licenciado','Fisica','MINCYT-Autoridad Reguladora','VE','00584241892051','','2025-10-30 00:34:44',NULL),(1046,'1NOV','Giancarlo','Arditto','rescuegian84@gmail.com','especialista','Enfermería','Cuerpo General de Bomberos Voluntarios del Peru','PE','511 985834539','','2025-10-30 12:49:56',NULL),(1047,'1NOV','Jesica Gabriela','Castillo Jiménez','esi.jgcj@gmail.com','tecnico','Consultor en Sistemas de Gestión','Evaluación y Soluciones Ambientales','MX','5551047899','','2025-10-30 13:49:27',NULL),(1048,'1NOV','Williams','Ramirez','warb188@gmail.com','licenciado','Analista de higiene y seguridad','FOGADE','VE','4125847257','Hola\r\n¿Tiene alguna certificación?','2025-10-30 14:07:17',NULL),(1049,'1NOV','Carlos','Jimenez','cjimenezvz@yandex.com','magister','Instrumentación','IVIC','VE','04123361151','Diferencia entre NORM y TENORM?','2025-10-30 14:21:51',NULL),(1050,'1NOV','José','Cornieles','josehcornieles@gmail.com','licenciado','Operador de Irradiadores Gamma','Instituto Venezolano de Investigaciónes Científicas','VE','04242048599','','2025-10-30 14:22:45',NULL),(1051,'1NOV','Yorkis','Urbaneja','urbanejayc@gmail.com','magister','Bombero Profesional de Carrera','MINCYT / DIRECCIÓN DE ENERGÍA ATÓMICA','VE','4242144663','¿cuáles considera que son los mayores desafíos o riesgos específicos en la gestión y protección radiológica frente a los Materiales Radiactivos de Origen Natural (NORM), y cuáles son las mejores prácticas o tecnologías emergentes para mitigarlos de manera efectiva?','2025-10-30 14:26:10',NULL),(1052,'1NOV','Kenny','Prieto','kennyprieto@gmail.com','licenciado','Quimico','IVIC','VE','04241506898','','2025-10-30 14:37:09',NULL),(1053,'1NOV','Luis','Reyes','luis.texla@gmail.com','magister','OPR','Texla','VE','4127298172','','2025-10-30 14:50:06',NULL),(1054,'1NOV','Beysi','Guarepero','bguarepero@gmail.com','tecnico','Mercadeo','IVIC','VE','04128210548','','2025-10-30 21:41:20',NULL),(1055,'29NOV','Diana','Carranza','dimaricarranza@gmail.com','tecnico','Enfermera','Clínica privada','SV','7831 5865','Ninguna','2025-11-01 12:09:47',NULL);
/*!40000 ALTER TABLE `events_register` ENABLE KEYS */;
UNLOCK TABLES;

--
-- Table structure for table `events_register_old`
--

DROP TABLE IF EXISTS `events_register_old`;
/*!40101 SET @saved_cs_client     = @@character_set_client */;
/*!50503 SET character_set_client = utf8mb4 */;
CREATE TABLE `events_register_old` (
  `register_id` int NOT NULL AUTO_INCREMENT,
  `firstname` varchar(30) NOT NULL,
  `lastname` varchar(30) NOT NULL,
  `email` varchar(100) NOT NULL,
  `inputs` text,
  `event_id` varchar(10) DEFAULT NULL,
  PRIMARY KEY (`register_id`)
) ENGINE=InnoDB AUTO_INCREMENT=19 DEFAULT CHARSET=utf8mb3;
/*!40101 SET character_set_client = @saved_cs_client */;

--
-- Dumping data for table `events_register_old`
--

LOCK TABLES `events_register_old` WRITE;
/*!40000 ALTER TABLE `events_register_old` DISABLE KEYS */;
INSERT INTO `events_register_old` VALUES (1,'Cecilia','Alonzo','Ceciliaalfaro536@gmail.com','Doctora|50378845155|Unime|Jefe|Educación','26ABRIL'),(2,'Raul','Villalta','raulvillalta@gmail.com','Lcdo. Física|584122949106|Hosp. Domingo Luciani|Físico Médico|','26ABRIL'),(3,'Jessica','Gonzalez','jkg24en@hotmail.com','Licda en radiologia e imagenes|77477722|Cnrt|Prof en radiologia|Ampliar conocimientos','26ABRIL'),(4,'William Antonio','Aristizabal Loaiza','kelgaras@outlook.com','Tecnólogo en radiología|3007483936|La cardio|Tecnólogo|Aprender, instruirse y tener mejores conocimientos cada día.','26ABRIL'),(5,'Hillary','Bautista','hcbautista@fucsalud.edu.co','Estudiante|3138345059|Fucs|Radiologia|','26ABRIL'),(6,'Leoreana','Marcano','leoreanasantos@gmail.com','Maestría en física médica|04248897718|||','26ABRIL'),(8,'Lorena','Arias','lorebea82@yahoo.com','Licenciada en ciencias jurídicas|72613071|FGR|Auxiliar fiscal|','26ABRIL'),(9,'Juan Miguel','Olalla Pilco','jmiguelolalla@gmail.com','Maestría|+593999796645|Nuclearmed|OSR|Conocer los fundamentos del Derecho Nuclear','26ABRIL'),(10,'Cristian','Pajaro','ccpajaro@fucsalud.edu.co','Estudiante|+57 3105505394|FUCS|Estudiante|Quisiera aprender más sobre otras ramas relacionadas a la la radiología','26ABRIL'),(11,'Duvan','Lopez lopez','duvanlolo7@gmail.com','Tecnologo en radiología|3112227898|Hospital|Radiologo|Capacitarnos','26ABRIL'),(12,'Jessica','Acero','alejaguzman68_ecuador@hotmail.com','Lic. Radiología|0984707962|Servisalud|Radiologia|Tener mayor conocimiento en el ámbito','26ABRIL'),(13,'María Fernanda','Giménez Riveros','gimenezfernanda2311@gmail.com','Licenciatura|+595 973 200 206|||Aprender','26ABRIL'),(14,'GIOVANNI VICENTE','GANTE RENDON','ggante3@gmail.com','Lic. Radiologia e Imagen|7471092443|HGRAA|Radiologia|Aprender y actualizar sobre protección Radiologica','26ABRIL'),(15,'Julian Orlando','Paez Lopez','jopaezl@unal.edu.co','Maestría física médica|+57 3222066473|Instituto Nacional de Cancerologia|Físico médico- Protección Radiológica|Estoy interesado en conocer desde una óptica internacional lo relacionado con derecho nuclear y las diferentes formas en que se implementa y sus retos. Esto en razón de mis funciones como OPR de la institución en la que trabajo.','26ABRIL'),(16,'Úrsula','Carrera','ursula.carrera@ibama.gov.br','Biologa|55 61 981038004|Ibama|Analista de Medio Ambiente|Trabajo con solicitudes de permiso para generacion de energía.','26ABRIL'),(17,'Carlos Raúl','Rodríguez salgado','bufetejuridicorodriguez647@gmail.com','Abogado|50488946255|SEN|Asesor legal|Ampliar los conocimientos legales','26ABRIL');
/*!40000 ALTER TABLE `events_register_old` ENABLE KEYS */;
UNLOCK TABLES;

--
-- Table structure for table `links_key`
--

DROP TABLE IF EXISTS `links_key`;
/*!40101 SET @saved_cs_client     = @@character_set_client */;
/*!50503 SET character_set_client = utf8mb4 */;
CREATE TABLE `links_key` (
  `link_id` varchar(5) NOT NULL,
  `link` varchar(200) NOT NULL,
  `time_register` datetime DEFAULT CURRENT_TIMESTAMP,
  PRIMARY KEY (`link_id`)
) ENGINE=InnoDB DEFAULT CHARSET=utf8mb3;
/*!40101 SET character_set_client = @saved_cs_client */;

--
-- Dumping data for table `links_key`
--

LOCK TABLES `links_key` WRITE;
/*!40000 ALTER TABLE `links_key` DISABLE KEYS */;
INSERT INTO `links_key` VALUES ('Gfe','https://aspr.pythonanywhere.com/evento/5JULIO/','2025-07-02 19:06:41');
/*!40000 ALTER TABLE `links_key` ENABLE KEYS */;
UNLOCK TABLES;

--
-- Table structure for table `newsletter_part`
--

DROP TABLE IF EXISTS `newsletter_part`;
/*!40101 SET @saved_cs_client     = @@character_set_client */;
/*!50503 SET character_set_client = utf8mb4 */;
CREATE TABLE `newsletter_part` (
  `id` int NOT NULL AUTO_INCREMENT,
  `event_id` varchar(20) NOT NULL,
  PRIMARY KEY (`id`)
) ENGINE=InnoDB AUTO_INCREMENT=68 DEFAULT CHARSET=utf8mb3;
/*!40101 SET character_set_client = @saved_cs_client */;

--
-- Dumping data for table `newsletter_part`
--

LOCK TABLES `newsletter_part` WRITE;
/*!40000 ALTER TABLE `newsletter_part` DISABLE KEYS */;
INSERT INTO `newsletter_part` VALUES (4,'5JULIO'),(5,'5JULIO'),(6,'5JULIO'),(7,'5JULIO'),(8,'5JULIO'),(9,'5JULIO'),(10,'5JULIO'),(11,'5JULIO'),(12,'5JULIO'),(13,'5JULIO'),(14,'5JULIO'),(15,'5JULIO'),(16,'5JULIO'),(17,'5JULIO'),(18,'5JULIO'),(19,'5JULIO'),(20,'5JULIO'),(21,'5JULIO'),(22,'5JULIO'),(23,'5JULIO'),(24,'5JULIO'),(25,'5JULIO'),(26,'5JULIO'),(27,'5JULIO'),(28,'5JULIO'),(29,'5JULIO'),(30,'5JULIO'),(31,'5JULIO'),(32,'5JULIO'),(33,'5JULIO'),(34,'5JULIO'),(35,'5JULIO'),(36,'5JULIO'),(37,'5JULIO'),(38,'5JULIO'),(39,'5JULIO'),(40,'5JULIO'),(41,'5JULIO'),(42,'5JULIO'),(43,'5JULIO'),(44,'5JULIO'),(45,'5JULIO'),(46,'5JULIO'),(47,'5JULIO'),(48,'5JULIO'),(49,'5JULIO'),(50,'5JULIO'),(51,'5JULIO'),(52,'5JULIO'),(53,'5JULIO'),(54,'5JULIO'),(55,'5JULIO'),(56,'5JULIO'),(57,'5JULIO'),(58,'5JULIO'),(59,'5JULIO'),(60,'5JULIO'),(61,'5JULIO'),(62,'5JULIO'),(63,'5JULIO'),(64,'5JULIO'),(65,'5JULIO'),(66,'5JULIO'),(67,'5JULIO');
/*!40000 ALTER TABLE `newsletter_part` ENABLE KEYS */;
UNLOCK TABLES;

--
-- Table structure for table `newsletter_register`
--

DROP TABLE IF EXISTS `newsletter_register`;
/*!40101 SET @saved_cs_client     = @@character_set_client */;
/*!50503 SET character_set_client = utf8mb4 */;
CREATE TABLE `newsletter_register` (
  `register_id` int NOT NULL AUTO_INCREMENT,
  `firstname` varchar(30) NOT NULL,
  `lastname` varchar(30) NOT NULL,
  `email` varchar(100) NOT NULL,
  `time_register` datetime DEFAULT CURRENT_TIMESTAMP,
  PRIMARY KEY (`register_id`)
) ENGINE=InnoDB AUTO_INCREMENT=536 DEFAULT CHARSET=utf8mb3;
/*!40101 SET character_set_client = @saved_cs_client */;

--
-- Dumping data for table `newsletter_register`
--

LOCK TABLES `newsletter_register` WRITE;
/*!40000 ALTER TABLE `newsletter_register` DISABLE KEYS */;
INSERT INTO `newsletter_register` VALUES (1,'Cecilia','Alonzo','Ceciliaalfaro536@gmail.com',NULL),(2,'Raul','Villalta','raulvillalta@gmail.com',NULL),(4,'William Antonio','Aristizabal Loaiza','kelgaras@outlook.com',NULL),(5,'Hillary','Bautista','hcbautista@fucsalud.edu.co',NULL),(6,'Leoreana','Marcano','leoreanasantos@gmail.com',NULL),(8,'Lorena','Arias','lorebea82@yahoo.com',NULL),(9,'Juan Miguel','Olalla Pilco','jmiguelolalla@gmail.com',NULL),(10,'Cristian','Pajaro','ccpajaro@fucsalud.edu.co',NULL),(11,'Duvan','Lopez lopez','duvanlolo7@gmail.com',NULL),(12,'Jessica','Acero','alejaguzman68_ecuador@hotmail.com',NULL),(13,'María Fernanda','Giménez Riveros','gimenezfernanda2311@gmail.com',NULL),(14,'GIOVANNI VICENTE','GANTE RENDON','ggante3@gmail.com',NULL),(15,'Julian Orlando','Paez Lopez','jopaezl@unal.edu.co',NULL),(16,'Úrsula','Carrera','ursula.carrera@ibama.gov.br',NULL),(17,'Carlos Raúl','Rodríguez salgado','bufetejuridicorodriguez647@gmail.com',NULL),(18,'Luis Alfonso','Menéndez','luis.menendez1990@gmail.com',NULL),(20,'Elizabeth','Rivera','liz.rivera2010@gmail.com',NULL),(21,'Gabriela','Valencia Aguilera','gvvalencia-es@udabol.edu.bo',NULL),(22,'Marthagraciela','Rodríguez maya','marthagracielarodriguezmaya@gmail.com',NULL),(23,'Liz','Peña Franco','lapf23@gmail.com',NULL),(24,'Daniel','Canjura','dokanjura@gmail.com',NULL),(25,'PAOLA','ANDREA CONDORI YAVE','yave.paola021@gmail.com',NULL),(26,'Juan R.','Cruz Castaños','fisiokinecruz@gmail.com',NULL),(27,'Chory','Heredia matos','Herediamatos268@gmail.com',NULL),(28,'Jerry','Rivera Barco','jerryriverabarco10@gmail.com',NULL),(29,'Blanca','Mereles','bgmereles@gmail.com',NULL),(30,'Dario','Bustos','dariobustosconcordia@gmail.com',NULL),(31,'Mildref','Mora','mnmnphdeducacion2024@gmail.com',NULL),(33,'Jean','Teodoro','fis_jean@yahoo.com.br',NULL),(34,'Ricardo','Anglada','Ranglada@cne.gob.do',NULL),(35,'Celso luis','Melgarejo Arevalos','melgarejo356@gmail.com',NULL),(36,'Francisco Javier','Hernández Flores','franciscohernandez_f2010@hotmail.com',NULL),(37,'Yamil','Alí Cruz','yac69.13@gmail.com',NULL),(38,'Estefanía Katherine Freire','Navas','sthefyfreire@gmail.com',NULL),(39,'César Augusto López','Zapeta','dxcesarlopez1945@gmail.com',NULL),(40,'Yldrin Mariel','Rojas','yldrinrojas@gmail.com',NULL),(41,'Katherine Gabriela','Garcia Lagod','Abogkatherinelagos585@gmail.com',NULL),(42,'Ilda','Chica','ildachica@yahoo.es',NULL),(43,'laura','Pimentel','pimentellaura48@gmail.com',NULL),(44,'Rosio Galvez','Vasquez','rosi_gv@hotmail.com','2025-04-26 00:24:15'),(45,'Maryory','Ramos Gómez','medic.hokage@hotmail.com','2025-04-26 03:15:59'),(47,'Narda Elizabeth','Alvarado Rivas','elizabethrivas169@gmail.com','2025-04-28 02:33:29'),(48,'Carlos anubis','Jovel melendez','Anubisjovelrx@gmail.com','2025-04-28 17:49:59'),(49,'Glenda Aracely','Montiel Flores','aracely.montiel022@gmail.com','2025-04-28 18:04:47'),(50,'Dheymar luis','Gonzales Rodriguez','dheymar72@gmail.com','2025-04-29 00:06:26'),(51,'Xiomara Lisette','Guzmán Ayala','lissette_guzman1994@hotmail.com','2025-04-29 11:02:04'),(52,'Danny','Pasijojoa','goyesdany0@gmail.com','2025-04-29 21:42:51'),(53,'Gustavo','Sandoval','gusta_200274@hotmail.com','2025-04-30 00:33:12'),(54,'Luis','Villalta','luisfernandovillaltamanrique@gmail.com','2025-05-01 15:13:00'),(55,'German David','Alfaro peña','germanalfaro1954@gmail.com','2025-05-01 16:09:38'),(56,'Merlyn','Cruz','cruzlozano.merlyn@gmail.com','2025-05-01 19:04:32'),(57,'Natalua','Urquilla','urquillanatalia162@gmail.com','2025-05-01 19:28:43'),(58,'Josue Israel','Ventura Ayala','Venturaj064@gmail.com','2025-05-01 19:32:15'),(59,'Fátima','Chinchilla','fatima.chinchilla@isbm.gob.sv','2025-05-01 19:40:06'),(60,'Carlos Daniel','López Portillo','dl4401531@gmail.com','2025-05-01 19:40:47'),(61,'Allison Verenice','Hernández Martínez','martinezverenice6@gmail.com','2025-05-01 19:42:41'),(62,'Simoni Marielos','Hernández Mendoza','marielos12517aquino@gmail.com','2025-05-01 20:24:45'),(63,'Gabriela Isabel','García Pérez','Isabelgarciap00@gmail.com','2025-05-01 20:30:37'),(64,'Luis Osmar','Espinoza Ramos','osmar218914@gmail.com','2025-05-01 20:38:49'),(65,'Gloria Apolonia','Palacios Recinos','soicalap27@gmail.com','2025-05-01 20:44:24'),(66,'Doris Elena','Abrego Rivera','doris_abrego@hotmail.com','2025-05-01 20:52:41'),(67,'Oscar Armando','Henriquez','patriciohenriquez19@gmail.com','2025-05-01 21:50:22'),(68,'Giselle Abigail','Orellana Anzora','giselleanzora104@gmail.com','2025-05-01 22:57:27'),(69,'Marlon Ernesto','Hernández Escobar','madoxsak@gmail.com','2025-05-01 23:23:45'),(70,'Karla Patricia','Hernández Hernández','paty40281@gmail.com','2025-05-01 23:48:24'),(71,'Ingrid Lisseth','Villatoro','lissethvillatoro680@gmail.com','2025-05-04 16:16:55'),(72,'Yanira Guadalupe','Cárcamo Reyes','unikotrece@hotmail.com','2025-05-04 16:19:35'),(73,'Hilda Elisseth','Palacios Elizondo','elissethpalacioso5@gmail.com','2025-05-04 23:43:10'),(74,'Gerson Fernando','Díaz Santacruz','diaz8581@gmail.com','2025-05-05 14:14:08'),(75,'Johana Beatriz','Albanes de Bolaños','johanaalbanes17@gmail.com','2025-05-05 14:40:29'),(76,'Billy Alsamendi','Guzmán Ramos','billyguzman1286@gmail.com','2025-05-05 14:44:45'),(77,'Jeniffer Guadalupe','Galvez Ramirez','lujen_94gr@outlook.com','2025-05-05 14:57:32'),(78,'ricardo','anglada','ricardo_ak@outlook.com','2025-05-09 23:12:23'),(79,'Jessica','Gonzalez','jkg24en@hotmail.com','2025-05-14 21:07:23'),(80,'Diana Marilu','Carranza de Portillo','dimaricarranza@gmail.com','2025-05-16 03:47:46'),(81,'Jeison Esteban','Peña Díaz','Jeison.brs.98@gmail.com','2025-05-17 10:22:30'),(82,'Guido','Rincon','guidorin22@gmail.com','2025-05-18 21:19:48'),(83,'Jennifer','Pasos Martinez','Jennpasos93@gmail.com','2025-05-18 21:52:12'),(84,'Erika','Chisag','erifernanda.osr@hotmail.com','2025-05-18 22:02:53'),(85,'Dr.C. Maurice José','González Basulto','mauricejgb1985@gmail.com','2025-05-18 22:25:31'),(86,'José Oswaldo','Abad Ovalle','joseoswaldo.abadovalle@gmail.com','2025-05-18 22:30:23'),(87,'Maria Angélica','Jiménez Pingo','angi301185@gmail.com','2025-05-18 22:59:13'),(88,'Pedro','Cortez','tezcotoberal@gmail.com','2025-05-18 23:00:05'),(89,'Luis Arturo','Nuñez Nieves','arturoparaeltuy@gmail.com','2025-05-19 01:17:12'),(90,'Magda','Montaña','mmontana954@gmail.com','2025-05-19 01:34:47'),(91,'José Alexander','Leal Lopez','leal.josealex@gmail.com','2025-05-19 10:09:41'),(92,'Marcos','Torres','marcostorres220695@gmail.com','2025-05-19 10:16:15'),(93,'María Daniela','Rodríguez','rodriguezb.mdaniela@gmail.com','2025-05-19 11:12:42'),(94,'Yaurima','Gómez','yaurima.gomez@gmail.com','2025-05-19 15:44:29'),(95,'Cristofer Hamilton','Barrios Villagran','cristoferbarrios20@gmail.com','2025-05-19 20:31:50'),(96,'Stanley','Santos Sanchez','stanley.ruben.2013@gmail.com','2025-05-19 20:37:15'),(97,'Luis','Mejía','luigimejia1@gmail.com','2025-05-19 20:45:21'),(98,'Enny Carolina','Ariza García','ecariza@gammahealthsa.com','2025-05-19 20:54:19'),(99,'Christian Erick','García Castellón','cegarcia@gammahealthsa.com','2025-05-19 21:15:28'),(100,'Ivan','Castillo Alcantara','castilloivan@msn.com','2025-05-19 21:54:22'),(101,'Juan Manuel','Moraes','Juanmoraes53@gmail.com','2025-05-19 22:07:22'),(102,'José Andrés','Morales Barrutia','andrezbarrutia@gmail.com','2025-05-19 22:46:15'),(103,'Lara Cruz','Marleny','marlenylara63@gmail.com','2025-05-20 00:56:37'),(104,'Reina Elizabeth','Mejia Alvarado','reinaelizabeth0555@gmail.com','2025-05-20 01:17:15'),(105,'Daniela','Rodriguez','daniela.r30@yahoo.com','2025-05-20 06:07:18'),(106,'Yulisa','Villanueva Chavez','yuhaniss501@gmail.com','2025-05-20 06:39:07'),(107,'Marco Rene','Ponciano Giron','renegold@gmail.com','2025-05-20 11:27:48'),(108,'Victor Daniel','Molina Mujica','molivictor17@gmail.com','2025-05-20 11:32:17'),(109,'Ana Flor','Pedraza Vargas','ynesa_4@hotmail.com','2025-05-20 12:22:02'),(110,'Jaime Cristobal','Rivera Agudelo','jaimerivera_26@hotmail.com','2025-05-20 12:38:29'),(111,'Bibiana Aracely','Similox Sut','bibi_simi@live.com','2025-05-20 17:59:24'),(112,'Luis Emilio','Marroquín Reyes','emiliomarroquin123@gmail.com','2025-05-20 17:59:38'),(113,'Nery','Flores','Nerya.flores502@gmail.com','2025-05-20 18:11:21'),(114,'Victor Josué','Hernández Pérez','Josueantigua2020@gmail.com','2025-05-20 18:19:43'),(115,'Fernando Gabriel','Olmedo','folmedo@cemenurnk.org.ar','2025-05-20 22:09:25'),(116,'Esmeralda','Juanito Yepes','esmeraldajyu@gmail.com','2025-05-20 22:48:40'),(117,'Homero Josué Álvarez','Fuentes','jossalf83@gmail.com','2025-05-20 23:02:55'),(118,'Julio Augusto','Hernández García','julioaugustohernandezgarcia@gmail.com','2025-05-21 02:24:58'),(119,'Diana Carolina','Mucha Lopez','dayan12cg45733701@gmail.com','2025-05-21 11:21:53'),(120,'Urbano','Marroquin Galindo','tecniurba@gmail.com','2025-05-21 14:05:32'),(121,'Marvin','Gross','marvinhn1985@hotmail.com','2025-05-21 17:19:21'),(122,'Claudia karina','Baeza Vivar','baezavivarkarina@gmail.com','2025-05-21 17:34:26'),(123,'Anderson','Quinteros','anderquin84@gmail.com','2025-05-21 17:40:07'),(124,'Michael','Chavez','michael.chavez180@gmail.com','2025-05-22 03:10:05'),(125,'Eunice Abigail','Hernández Cabrera','abigailcabre13@gmail.com','2025-05-22 19:37:15'),(126,'Rosselly Petronila','Ramos Chinchay','roselyramosch01@gmail.com','2025-05-23 17:34:00'),(127,'Kevin Rudel','López','13002620@galileo.edu','2025-05-25 05:16:06'),(128,'Ruben Ismael','Perez','rubenismaelperez741@gmail.com','2025-05-26 18:58:36'),(129,'Yasmin Ivette','Monge Quijano','yasminmonge09@gmail.com','2025-05-26 19:31:56'),(130,'Jose Alfredo','Soriano Vaquerano','jose.soriano@accesa.com.sv','2025-05-26 20:39:11'),(131,'Noé Francisco','Aguirre Zepeda','noe.aguirre@cepa.gob.sv','2025-05-26 20:59:36'),(132,'Rossana','Herrera','rossherr10@gmail.com','2025-05-27 17:55:59'),(133,'Ricardo Alexander','Martinez Andres','ricardo.martinez190826@liveusam.edu.sv','2025-05-27 21:54:48'),(134,'Gloria Maribel','Andres','gloriandres30@gmail.com','2025-05-27 23:40:55'),(135,'Andres De Jesus','Pinto Mazariegos','andrespinto11@hotmail.com','2025-05-29 00:10:08'),(136,'Angel','Palacios','lapfuentes1604@gmail.com','2025-05-29 00:28:46'),(137,'Edgar Gudiel','Salazar Acosta','gudielsalazar@gmail.com','2025-05-29 00:31:48'),(138,'Jacks Wilson','Mamani Abado','Jackwil.m3a@gmail.com','2025-05-29 02:58:45'),(139,'Ricardo Antonio','Rosales Yat','rosalesrichar77@gmail.com','2025-05-29 14:31:57'),(140,'Cristian Fernando','Rosales González','rosalescristian6@gmail.com','2025-05-29 16:16:03'),(141,'German Haroldo','Chiquin Icó','chiquin9@gmail.com','2025-05-29 16:29:36'),(142,'Aris Marlene','Morales Williams','williamsaris21@gmail.com','2025-05-29 16:35:36'),(143,'Luis Felipe','Ramirez Vicente','luisfeliperamirez35@gmail.com','2025-05-29 18:24:46'),(144,'Arturo','Martinez Rivas','arturomarti1212@gmail.com','2025-05-30 03:15:56'),(145,'Roberto Carlos','Aparicio Guatemala','robertoapariciomp@gmail.com','2025-05-30 03:19:48'),(146,'Brandom Miguel','Vazquez Flores','brandom251298@gmail.com','2025-05-30 04:57:45'),(147,'Lilian','Brasesco','lilian.brasesco@gmail.com','2025-05-30 09:24:23'),(148,'Angie Ximena','Lamprea Yara','Axlamprea@fucsalud.edu.co','2025-05-30 14:43:57'),(149,'Cristian Jesús','Ccanto Najarro','cristianccanto97@gmail.com','2025-05-30 15:41:29'),(150,'Lizeth Guadalupe','López Linares','lupita300784@hotmail.com','2025-05-30 16:24:03'),(151,'Yohanna','Pérez','yohannamargot.doc@gmail.com','2025-05-30 16:42:53'),(152,'Byron','González','bygomon2000@yahoo.com','2025-05-30 19:57:27'),(153,'Dina Lourdes','Alcamari Imata','dina.tmrad19@gmail.com','2025-05-30 20:04:29'),(154,'Venecia','Calandron','vene_23@hotmail.com','2025-05-30 23:41:14'),(155,'Ofni Otoniel','Aburto Dávila','Otonieldavila737@gmail.com','2025-05-31 02:09:48'),(156,'Leylis Vanessa','Raúdez Gómez','ley.raudez@gmail.com','2025-05-31 02:45:25'),(157,'Carmen','Aquino Francisco','aquinofranciscocarmen@gmail.com','2025-05-31 04:26:00'),(158,'José Abel','Díaz Fernández','Abelfernan1997@gmail.com','2025-05-31 04:29:42'),(159,'Miguel Angel','Torrez Almaraz','migueltorrezalmaraz@gmail.com','2025-05-31 04:59:24'),(160,'Fredy','Félix Purilla','fredyaries@hotmail.es','2025-05-31 05:00:50'),(161,'Fernando Javier','García Sánchez','fer1310@hotmail.com','2025-05-31 05:09:04'),(162,'Allison','Tapia','allisonarchi@gmail.com','2025-05-31 05:23:33'),(163,'Arturo Leonell','Gomez Tarco','algomezt@unac.edu.pe','2025-05-31 05:53:13'),(164,'Paula','Madeira','madeirapaula22@gmail.com','2025-05-31 09:10:52'),(165,'Maikel Octavio','Naranjo Castellano','maikeloctavionaranjo@gmail.com','2025-05-31 09:55:27'),(166,'Silvio Damián','Musso','silviodamianmusso.hf@gmail.com','2025-05-31 11:07:15'),(167,'Norma Ester','Barca','normaesterbarca.hf@gmail.com','2025-05-31 11:08:51'),(168,'Veronika','Padilla Tineo','veronikapadilla8@gmail.com','2025-05-31 11:17:17'),(169,'Yerko Orlando','Huanca Luna','yerko7_7@hotmail.com','2025-05-31 11:40:40'),(170,'Antonia Gabriela','Sosa Molino','gabrielasosamo@live.com.ar','2025-05-31 12:25:30'),(171,'Mariana','Signorino','Maruu_signorino@hotmail.com','2025-05-31 12:34:10'),(172,'Daiana','Suarez Molina','daivalenbustos@gmail.com','2025-05-31 12:35:24'),(174,'Evelin Ruth Calizaya','Chambi','ecalizayachambi@gmail.com','2025-05-31 12:50:38'),(175,'Héctor','Mendoza','mrhams@gmail.com','2025-05-31 13:19:18'),(176,'Angela','Jurado Casallas','angelajucat@gmail.com','2025-05-31 13:21:52'),(177,'Monica Patricia','Rodriguez','patriciarodriguez301027@gmail.com','2025-05-31 13:22:05'),(178,'Fidel','Torres Garcete','torresgarcetefidel@gmail.com','2025-05-31 13:36:11'),(179,'Yanet','García Lozada','thedragarcia@gmail.com','2025-05-31 13:36:46'),(180,'Ethel Guisella','Borja Solano','borjaset245@gmail.com','2025-05-31 13:39:47'),(181,'Cristina','Ajila','cristiajila980@gmail.com','2025-05-31 13:41:42'),(182,'Cristhel','Bautista','crbago@outlook.com','2025-05-31 14:23:28'),(183,'Marco Antonio','Requena Sánchez','calebantonio1976@gmail.com','2025-05-31 14:47:22'),(185,'Denis Cristian','Villarroel Garcia','denis.villarroel77@gmail.com','2025-05-31 15:28:19'),(186,'Boris Harold','Dominguez Terán','borisharolddominguezteran@gmail.com','2025-05-31 16:32:13'),(187,'Ramiro','Huamaní Saravia','ramirohs26@hotmail.com','2025-05-31 16:33:14'),(188,'Javier','Robleto','jrobleto@gmail.com','2025-05-31 17:11:59'),(189,'Luz Dary','Torres Angarita','luzdatoan@gmail.com','2025-05-31 17:56:30'),(190,'Carolina','Bermudez Rios','caritobermudez79@gmail.com','2025-05-31 21:01:08'),(191,'Brigete Ibone','Tibis Fernandez','ibonetibis40@gmail.com','2025-05-31 21:03:19'),(192,'Mileinis Paola','Tilano Barraza','mileinistilano13@gmail.com','2025-05-31 22:18:27'),(193,'Emilton Antonio','Arrieta Lara','emiltonarrietalara82@gmail.com','2025-05-31 23:12:21'),(195,'María Cruz','Inga Quistan','mafer040816@gmail.com','2025-06-01 11:58:14'),(196,'Álvaro David','Ruiz Hidalgo','prl.osr.13b@gmail.com','2025-06-01 14:03:18'),(197,'Fabián Isac','Sanchez Chavez','fisch070807@gmail.com','2025-06-01 16:10:06'),(198,'Erik','Albaiceta','albaicetaerik@gmail.com','2025-06-01 16:55:34'),(199,'Larissa Gissel','Noguera Aguilera','larissagisseln@gmail.com','2025-06-01 19:30:30'),(200,'Manuela','Farro Quesquen','manuelapedro27@gmail.com','2025-06-01 20:56:59'),(201,'Liz','Bravo Chuquillanque','lizbravo789@gmail.com','2025-06-01 21:38:21'),(202,'Vicenta','Velarde Andrade','vicenta.velarde.a.6@gmail.com','2025-06-01 21:45:26'),(203,'Henry Diego','Patty Flores','legendryus@gmail.com','2025-06-01 21:53:49'),(204,'Andrea','Maldonado','amaldonadomachado69@gmail.com','2025-06-01 22:26:22'),(205,'Gabriela','Sánchez González','gabysg3@hotmail.com','2025-06-02 02:22:33'),(206,'Gustavo Henry','Orihuela Sandoval','gustavo123orihuela@gmail.com','2025-06-02 02:50:13'),(207,'Juan','Valdez','valdez.0018677@gmail.com','2025-06-02 05:35:05'),(208,'Katherine Ivonne','Santos Pérez','kisp146@gmail.com','2025-06-02 12:17:41'),(209,'Gabriela','Sáenz Silva','gabysaenzsilva@yahoo.com.mx','2025-06-03 00:45:05'),(210,'Alvaro','Posu','aposu01@yahoo.com','2025-06-03 02:44:46'),(211,'Dario','Sarmiento','dsarmiento1962@gmail.com','2025-06-03 11:31:16'),(212,'Lorena','Sandoval','llsandovalcas@gmail.com','2025-06-03 14:40:23'),(213,'Alexandra','Pabon','chemyalex22@gmail.com','2025-06-03 14:50:34'),(214,'Nicolas David','Duarte Benavides','nicolas.duarte@ucuenca.edu.ec','2025-06-03 15:06:44'),(215,'Larry Manuel','Cueto Aburto','lcueto29@outlook.com','2025-06-03 15:34:02'),(216,'Nestor Daniel','Vacca Campos','nedanvaca@gmail.com','2025-06-03 17:18:25'),(217,'Oscar Abel','Apaza Blanco','oscar.12apaza@gmail.com','2025-06-03 19:45:07'),(218,'Angel','Velásquez','angel.velasquezsilva@gmail.com','2025-06-03 19:50:00'),(219,'José','Marquez Pachas','Jfmarquezp@yahoo.es','2025-06-03 20:02:45'),(220,'Mario José','Vicente González','dandymr1@yahoo.es','2025-06-03 20:22:13'),(221,'Dagoberto','González López','degonzal@ccss.sa.cr','2025-06-03 20:23:32'),(222,'Angel Esteban','Méndez Guillén','omega2014.60@gmail.com','2025-06-03 20:29:13'),(223,'Fernando','Matos Ortega','fmatos2002@hotmail.com','2025-06-03 20:53:47'),(224,'Roger','Portillo','Roger.portillo17@yahoo.es','2025-06-03 21:27:45'),(225,'Kelvin','Rios','kelvinrios_g@hotmail.com','2025-06-03 22:18:25'),(226,'Valeria','Becerra Sanmartin','stefaniavaleria94@gmail.com','2025-06-04 00:49:27'),(227,'Reina','Jiménez','reinagripina@gmail.com','2025-06-04 02:36:40'),(228,'Yostyn Alexander','Fuentes Diaz','yostynfd14@gmail.com','2025-06-04 02:56:41'),(229,'Stephanie Katherine','Buhezo Crespo','katabucres@gmail.com','2025-06-04 15:17:54'),(230,'Jose Alejandro','Soler Ramirez','josesr423@gmail.com','2025-06-04 17:50:47'),(231,'Luisiana','Jimenez','luisianaljm@gmail.com','2025-06-04 19:09:56'),(232,'Floriana','Flores','floriflores1@gmail.com','2025-06-04 19:11:33'),(233,'Jose Alfredo','Soriano Vaquerano','jasv.josesoriano@gmail.com','2025-06-04 21:22:55'),(234,'Leonel','Hincapie H','leonelhh9009@hotmail.com','2025-06-05 03:08:41'),(235,'Kevin','Orellana','kevinorellanag99@gmail.com','2025-06-05 05:44:05'),(236,'Luis Arturo','Barbosa Espinosa','luisbertiz38@gmail.com','2025-06-05 10:19:45'),(237,'Juan','Bedoya','jcbedoyat@gmail.com','2025-06-05 15:00:19'),(238,'Guillermina Esther','Aviles Rivas','rivasavilez9@gmail.com','2025-06-05 15:15:01'),(239,'Jaime Enrique','Castro Rendón','jaimeecastrorendon@gmail.com','2025-06-05 16:45:35'),(240,'João Paulo','Felizardo','Jfelizardo@sapo.pt','2025-06-05 17:48:42'),(241,'Sergio Josue','Martinez Velasquez','sergi2290@gmail.com','2025-06-07 01:22:29'),(242,'Omar','Gamez','ogsomar2001@gmail.com','2025-06-07 04:49:54'),(243,'Angel','Fermin','angel_fer_lan@me.com','2025-06-07 13:36:06'),(244,'Ebert','Bacilio','ebertbaciliourcia@outlook.com','2025-06-11 04:35:13'),(245,'David','Chacón Obando','david.chacon.obando@una.cr','2025-06-11 17:46:49'),(246,'Maritza','Peralta Cusi','maritzapc.2105@gmail.com','2025-06-12 01:13:23'),(247,'Juan José Compean','Barboza','juancbrayosx@gmail.com','2025-06-12 01:15:05'),(248,'Evaneida Hiciano','Pimentel','evahp07@outlook.com','2025-06-12 01:33:59'),(249,'Liliana','Zegarra Huacac','lilyzegarra18@gmail.com','2025-06-12 01:41:26'),(250,'Ruth Esther','Amparo Muñoz','ruthamparo23@gmail.com','2025-06-12 01:55:24'),(251,'Marieta','Del Rosario','Marietadelrosario@outlook.com','2025-06-12 02:24:42'),(252,'Marbella','Jacho','j-marbe@hotmail.com','2025-06-12 02:28:06'),(253,'Jose Mercedes Gonzales','Rojas','gonzalesrojasjose@gmail.com','2025-06-12 02:33:21'),(254,'Jose Rodolfo','Pagoaga Cruz','Josepagoaga32@gmail.com','2025-06-12 02:34:02'),(255,'Ronald','Gavarrete','ronaldgavarrete@gmail.com','2025-06-12 02:34:06'),(256,'Josué','Melgar','melgarjosue0@gmail.com','2025-06-12 02:34:49'),(257,'Manuel Said','Gonzales Lambert','manuellesaid@gmail.com','2025-06-12 02:36:05'),(258,'Cristhian','Guillen','cristhianmaradiaga1997@gmail.com','2025-06-12 02:36:43'),(259,'José Alejandro','Rivera Torres','Jriverat1975@gmail.com','2025-06-12 02:44:32'),(260,'Sindy Paola','Maldonado','Spmm19@hotmail.com','2025-06-12 02:46:05'),(261,'Nadia Alejandra','Rivera García','animus1409@yahoo.es','2025-06-12 02:54:06'),(262,'Hubbie Luis','Guzman Martinez','Trhubbie7@gmail.com','2025-06-12 03:01:20'),(263,'José Eduardo','Garnique Millones','eduardogarnique94@gmail.com','2025-06-12 03:02:24'),(264,'David','García','dmeza8104@gmail.com','2025-06-12 03:08:34'),(265,'Cesia Raquel','Silva Mejia','Cesymejia74@gmail.com','2025-06-12 03:15:39'),(266,'Yoycelin Lissette','Rudas Rodriguez','yoy_rudas@yahoo.es','2025-06-12 03:16:17'),(267,'Wolfrank Leonardo','Villamil Deantonio','wolfranklvillamil@gmail.com','2025-06-12 03:19:47'),(268,'Mildred','Mora','fisicamedicaoncologia2025@gmail.com','2025-06-12 03:41:14'),(269,'Walter','Erazo','waltererazo807@yahoo.com','2025-06-12 03:56:42'),(270,'Diego Armando','Lopez Dominguez','diegolopez82@gmail.com','2025-06-12 04:23:59'),(271,'Daniel','Umaña','traits.digit8v@icloud.com','2025-06-12 04:55:30'),(272,'Ronald','Serrano','ronaldnuclear202@gmail.com','2025-06-12 06:52:05'),(273,'Erlinda Yamileth','Maldonado Sevilla','erlinda01maldonado@yahoo.com','2025-06-12 13:15:52'),(274,'Carla Valeria','Reyes Silva','lic.carlareyess@gmail.com','2025-06-12 14:42:02'),(275,'Nora','Anampa','noraav24@hotmail.com','2025-06-12 15:18:09'),(276,'Antonia','Soto','antonia.soto.rx@gmail.com','2025-06-12 15:39:44'),(277,'Ronald','Guiña Naranjo','ronaldyalexandra@hotmail.com','2025-06-12 16:50:32'),(278,'Michael','Sandro','leandresmichael@gmail.com','2025-06-12 16:58:21'),(279,'José Moisés','Arias','moisesarias56@yahoo.com','2025-06-12 22:42:59'),(280,'Luis','Soto','lfersoto@hotmail.com','2025-06-13 00:32:59'),(281,'Erika','Tierra','magachatv@hotmail.com','2025-06-13 09:09:38'),(283,'Edgar Antonio','Angulo Páez','angulopaez@gmail.com','2025-06-13 20:52:04'),(285,'Alejandro Ausberto','Rentería Vinces','viejo599@hotmail.com','2025-06-14 00:34:46'),(286,'Myriam Dayeira Muñoz','Ibarra','mmyriamdayeira@yahoo.es','2025-06-14 05:34:26'),(287,'Fernando','Chichique','fchichique@gmail.com','2025-06-14 13:24:24'),(288,'David','Pleitez','David.rafael@ues.edu.sv','2025-06-14 13:48:35'),(289,'Gilson','Pucha','gilson.pucha@espoch.edu.ec','2025-06-14 14:03:14'),(290,'Cecilia Patricia','Rivera Sánchez','patryrs28@gmail.com','2025-06-14 15:20:13'),(291,'Rosiel','Matos','rosielmmv@gmail.com','2025-06-14 16:04:07'),(292,'Yasser Alexander','García Flores','yagarcuni@gmail.com','2025-06-14 16:04:20'),(293,'Gabriela Alessandra','Villacorta García','vg16009@ues.edu.sv','2025-06-14 17:38:34'),(294,'Margoth','Prieto','margothprieto@gmail.com','2025-06-15 22:07:35'),(297,'Karla Marlene','Flores Osegueda','karlaoseguedaflores@gmail.com','2025-06-21 14:55:47'),(298,'Patricia Carolina','Moreno Rivas','carolim19@gmail.com','2025-06-21 17:02:28'),(299,'Cecilia Patricia','Rivera Sánchez','patryrs@gmail.com','2025-06-24 22:46:30'),(300,'Nadia','Reyes','nadiareyes@arsa.gob.hn','2025-06-25 00:23:48'),(301,'Gilda','Choque Mamani','Choquegildabiotm@gmail.com','2025-06-25 02:39:07'),(302,'Milton Alejandro','Jimenez Martinez','jm_milton@hotmail.com','2025-06-25 18:26:28'),(304,'Daniel','Umaña','daniel_u571@hotmail.com','2025-06-28 17:20:45'),(305,'Lupita','Monsalvo','lupitamonsalvo08@gmail.com','2025-07-03 23:05:46'),(306,'Elsy','Garduño','jisg.stak@gmail.com','2025-07-04 06:33:28'),(307,'Juan Manuel','Hernandez Esquivel','fisjmvel@gmail.com','2025-07-04 18:10:29'),(308,'Josue Benito','Torrez Gomez','tben0281@gmail.com','2025-07-22 16:07:37'),(309,'Guadalupe','Quiroz','guadalupequirozramirez95@gmail.com','2025-07-23 22:57:19'),(310,'Yober Roy','Mendoza Vicaña','yobermv0808@gmail.com','2025-07-23 23:16:26'),(311,'Christian Eduardo','Navas Campos','navaschristian13@gmail.com','2025-07-23 23:24:06'),(312,'Denisse','Anzora','denisseodalis07@gmail.com','2025-07-23 23:26:19'),(313,'Alexander Aimar','Cajusol Paez','alexaimarcajusol@gmail.com','2025-07-23 23:32:12'),(314,'Luis','Simon Hervas','TUNQUI007@HOTMAIL.COM','2025-07-23 23:52:56'),(315,'Divhey','López','yevidlopez@gmail.com','2025-07-24 00:17:52'),(316,'Ricardo','Bermudez','ricardobermudez350@gmail.com','2025-07-24 11:36:26'),(317,'Ernesto Rafael','Perez','rafaelperezctes236@gmail.com','2025-07-24 12:03:49'),(318,'Diana','Rodríguez','dianarodriguezr01@gmail.com','2025-07-24 15:12:19'),(319,'Carol Lizeth','Bautista Rodríguez','clbautista@fucsalud.edu.co','2025-07-24 18:54:57'),(320,'Niny','Moncada','Ninymoncada1213@gmail.com','2025-07-24 19:09:02'),(321,'Helen','Balderrama','balderramahelen49@gmail.com','2025-07-25 12:33:17'),(322,'Milagros','Villanueva','villanuevamilagros1999@hotmail.com','2025-07-27 23:39:14'),(323,'Veronica Romina','Revollo','rominarevollo@gmail.com','2025-07-27 23:42:54'),(324,'Gabriela','Alonso','gabrielavalonso@hotmail.com','2025-07-28 00:27:40'),(325,'Silvia','Quispe','silviaquispejurado19@gmail.com','2025-07-28 01:33:10'),(326,'Victor Javier','Vazquez Zamora','ctulu66@gmail.com','2025-07-28 02:34:21'),(327,'Carolina Lucia','Benitez','lubenitez660@gmail.com','2025-07-28 11:35:02'),(328,'Brisa','Augier','Brisaaugier49@gmail.com','2025-07-28 21:30:29'),(329,'Mildred Ericka','Kubatz La Madrid','milykubatz84@gmail.com','2025-07-29 03:01:25'),(330,'Jhon','Téllez','phyjhon@gmail.com','2025-07-30 23:22:30'),(331,'Milton Alejandro','Jimenez Martinez','Jimiltonmenez@gmail.com','2025-08-03 00:13:22'),(332,'Rocio Anahi','Rojas','rojasrocioanahi@gmail.com','2025-08-05 11:09:53'),(333,'María Cruz','Inga Quistan','Mafer04086@gmail.com','2025-08-06 14:24:45'),(334,'Enny Carolina','Ariza Garcia','Enny.ariza@nuclearespecialistas.com','2025-08-07 08:50:38'),(335,'Carlos','Hernández','Chernandez@radioterapia.com.ve','2025-08-07 10:25:18'),(336,'Guadalupe','Fernández','guadafernandez3096@gmail.com','2025-08-07 15:24:42'),(337,'Enny Carolina','Ariza García','encarga77@hotmail.com','2025-08-08 02:41:26'),(338,'Odorico','Belzusarri','ivanbelzusarri@gmail.com','2025-08-08 03:52:59'),(339,'Leoreana Jacinta','Marcano Santos','Physionfisicomedico@gmail.com','2025-08-08 11:36:03'),(340,'Aarón','Ascanio','eiron00@gmail.com','2025-08-08 12:54:31'),(341,'Iralda','Ramos','iraldyramos@gmail.com','2025-08-08 13:54:37'),(342,'David','Silva','silvaprades.edu@gmail.com','2025-08-08 17:36:48'),(343,'Liset','Quintero','lisandreaq96@gmail.com','2025-08-08 21:37:15'),(344,'Yanet','García Lozada','thedragarcia.ucsti@gmail.com','2025-08-09 17:28:59'),(345,'Gabriel','Cabana','gcabana84@gmail.com','2025-08-09 19:15:45'),(346,'Javier Guillermo','Posada Rudas','Jgposadar@unal.edu.co','2025-08-09 23:49:24'),(347,'Miguel Angel','Díaz Castañeda','miguel.ek99@gmail.com','2025-08-10 00:29:03'),(348,'Saira Tatiana','Diaz Aldana','saira.t.di.al19@gmail.com','2025-08-10 01:45:21'),(349,'Juan Carlos','Morales','mocj_carlos@ciencias.unam.mx','2025-08-10 15:16:22'),(350,'Vilma','Serrano','pytcc87@gmail.com','2025-08-10 18:08:29'),(351,'Amalia','Perez Sosa','laykandmia00@gmail.com','2025-08-11 01:05:38'),(352,'Miguel Ángel','Martinez Guerrero','miguel.mtz.gro.06@gmail.com','2025-08-11 02:14:46'),(353,'Dulce','Guillén','dulciernaga5@gmail.com','2025-08-12 00:06:43'),(354,'Francesca','Ibarra Valderrama','feibarrav@gmail.com','2025-08-12 19:07:33'),(355,'Frank Michael','Melendez Ladron De Guevara','frnk.8613@gmail.com','2025-08-12 20:29:54'),(356,'Victor Hugo','Herrera','vickherrera844@gmail.com','2025-08-12 20:56:01'),(357,'Andrés Felipe','Chávez Contreras','andres.fchavez6@gmail.com','2025-08-12 22:36:28'),(358,'Ana','Muñoz Sepúlveda','Tm.anams00@gmail.com','2025-08-12 23:20:45'),(359,'Hellen','Suazo','Hellensuazo.tm@gmail.com','2025-08-13 00:12:10'),(360,'Andrés','Roldán','andresroldanr.23@gmail.com','2025-08-13 00:59:07'),(361,'Ricardo Enrique','Okumura Aparicio','okumuraaparicioenrique@gmail.com','2025-08-13 01:28:40'),(362,'Monica Beatriz','Rudaz','rudazmonica1@gmail.com','2025-08-13 12:47:05'),(363,'Romina','Echevarría','romina.r.echevarria@gmail.com','2025-08-13 13:54:34'),(364,'Yasmin','Navarro','yasmin_na@hotmail.com','2025-08-13 15:38:16'),(365,'Nicolas','Hernadez Toro','nicolashernandeztoro@gmail.com','2025-08-13 21:31:02'),(366,'Miguel','Hernandez','mhernandezjunior@yahoo.com.ar','2025-08-14 09:15:34'),(367,'Astrid Paola','Mejía Ovalle','emalme2412@gmail.com','2025-08-14 10:35:55'),(368,'María Emilse','Corredor Muñoz','maremcor77@gmail.com','2025-08-14 10:45:15'),(369,'Wilson Alexander','Soto Arias','wasoto95@gmail.com','2025-08-14 10:45:30'),(370,'Camila Andrea','López','lopezkami68@gmail.com','2025-08-14 10:45:42'),(371,'Yuli Paulina','Sánchez Leyva','yupasale@hotmail.com','2025-08-14 10:51:50'),(372,'Leidy','Lamus','leidy.lamus27@gmail.com','2025-08-14 11:10:56'),(373,'Ximena','Rojas Salgado','ximerojas753@gmail.com','2025-08-14 11:14:26'),(374,'Lina Maria','Montoya Arango','lmmontoyaa@hptu.org.co','2025-08-14 11:20:37'),(375,'Aleyda','Gutiérrez','aleydagutierrez1975@gmail.com','2025-08-14 12:08:53'),(376,'Jeniffer','Reyes','Jeniferr.olaya@hotmail.com','2025-08-14 12:11:49'),(377,'Yessica','González','yessigonzalez1218@gmail.com','2025-08-14 12:15:40'),(378,'Zully Mayerlly','Anturi Moreno','zully.anturi1@gmail.com','2025-08-14 12:17:58'),(379,'Sebastián','Prado','sebastianprado5112001@gmail.com','2025-08-14 12:39:01'),(380,'Sandra Milena','Barrera Orozco','sbarrera0527@gmail.com','2025-08-14 12:47:40'),(381,'Francisco Javier','Torres Castillo','franjatc@hotmail.com','2025-08-14 13:25:00'),(382,'Katheryn','Caicedo Sánchez','katheryncaicedo06@gmail.com','2025-08-14 13:56:55'),(383,'Andrea','Pineda Ramírez','mnuclear.apineda@gmail.com','2025-08-14 14:03:01'),(384,'Deisy Andrea','Muñoz Bravo','andreqf7@gmail.com','2025-08-14 14:15:53'),(385,'Nidya','Zambrano','nidyazc85@gmail.com','2025-08-14 14:22:30'),(386,'Aleida','Giraldo','aleida.trinidad@cedimed.com','2025-08-14 15:42:49'),(387,'Luis Miguel','Guacales','luismiguelguacalesp@gmail.com','2025-08-14 17:17:18'),(388,'Caty Liliana','Cerón Yela','caliceye9032@gmail.com','2025-08-14 17:33:14'),(389,'Juan Pablo','Pajajoy Bolaños','Juanp216brs@gmail.com','2025-08-14 18:11:33'),(390,'Andres Felipe','Barrera Guerra','felipeanb504@gmail.com','2025-08-14 19:11:46'),(391,'Vilma Ruth','Serrano Sanchez','vilma.serrano@ues.edu.sv','2025-08-15 02:26:02'),(392,'Melvin Omar','Melara Ariza','melaramelvin6@gmail.com','2025-08-18 22:02:23'),(393,'Enny Carolina','Ariza García','encarga123@gmail.com','2025-08-18 23:13:38'),(394,'Elio Ramón','Escalona Casas','escalonacasas@yahoo.es','2025-08-19 04:15:57'),(395,'Holver Andres','Gonzalez Delanoy','holver17@hotmail.com','2025-08-19 20:52:54'),(396,'Suremy','Delgado Arribas','suremidelgado03@gmail.com','2025-08-19 22:45:38'),(397,'Yisell','Hernández Barzagas','hernandezbarzagasy@gmail.com','2025-08-22 02:06:57'),(398,'Mateo Emiliano','Franco Guevara','francmateo1001@gmail.com','2025-08-24 04:18:34'),(399,'Abdhul','Avila','avilaabdhul@gmail.com','2025-08-24 13:10:34'),(400,'Diana Paola','García Rodriguez','dianapaogarciaro@gmail.com','2025-08-26 03:23:33'),(401,'Kyla Jamileth','Guevara Garcia','Kylajamilethguevaragarcia@gmail.com','2025-08-28 23:21:39'),(402,'Bernarda','Silva','bernarda.e.silva@gmail.com','2025-08-29 01:04:41'),(403,'Ruben','Flores','rubenoctavioarevaloflores904@gmail.com','2025-08-29 15:58:39'),(404,'Margoth','Prieto Veramendi','margotprieto@gmail.com','2025-08-29 18:34:42'),(405,'Cristian','Pájaro','cristianpajarodonado1@gmail.com','2025-08-29 21:36:30'),(406,'Arturo Leonell','Gomez Tarco','algomezt23@gmail.com','2025-08-29 21:54:13'),(407,'Ramiro','Huamaní Saravia','ramirohs2005@outlook.com','2025-08-29 22:00:49'),(408,'Isna Liz','Larico Pampamalllco','isnaiz_19@hotmail.com','2025-08-29 22:31:29'),(409,'Alfredo','Solano Pumacayo','alfredo.solano@unmsm.edu.pe','2025-08-29 22:36:56'),(410,'Delenis','Verdecia Vicet','delenisverdecia63@gmail.com','2025-09-01 16:48:53'),(411,'Adrián','Carbonell De Loyola','carbonelladrian319@gmail.com','2025-09-01 17:34:24'),(412,'Helen','Solano','Yuniacalderonmarrero@gmail.com','2025-09-01 17:55:18'),(413,'Liusdrianna','Quesada','liusdryquesada@gmail.com','2025-09-01 21:52:33'),(414,'Yan Pablo','Díaz Ruiz','yanpablodiazruiz7@gmail.com','2025-09-02 00:10:43'),(415,'Paula','Levy','pau_2686@hotmail.com','2025-09-02 11:50:43'),(416,'Marlon','Salazar','marlonpaulsalazar@outlook.com','2025-09-02 11:55:09'),(417,'Tejaya Cespedes','Jose Luis','tejayajoseluis@gmail.com','2025-09-02 12:06:26'),(418,'Dimelsa Virginia','Aguilar Villar','cj.aguilar1303@gmail.com','2025-09-02 12:18:55'),(419,'Erik Israel','Rangel Gonzalez','erikirg@gmail.com','2025-09-02 12:22:55'),(420,'Raul Tatti','Llantoy Esteban','rauljara1979@gmail.com','2025-09-02 12:23:00'),(421,'Isna','Larico','isnaliz_19@hotmail.com','2025-09-02 12:27:06'),(422,'Ana Gabriela','Torres','anagabrielatorres87@gmail.com','2025-09-02 12:33:25'),(423,'Cristian Carlos','Zaldivar Puga','cristiancarloszaldivar@gmail.com','2025-09-02 12:35:46'),(424,'Eugenio Romario','Mendoza Ramírez','eu.mendoza.r@gmail.com','2025-09-02 12:40:11'),(425,'Vilca Layme','Daniela','tmdanielavilca@gmail.com','2025-09-02 13:06:02'),(426,'Willy Víctor Berrio','Huisa','willy_berrio@hotmail.com','2025-09-02 13:28:12'),(427,'Luis','Soto','lfersoto@gmail.com','2025-09-02 13:29:46'),(428,'Norma Rosario','Rodríguez Cerna','rosariorodriguez_22@yahoo.com','2025-09-02 13:32:49'),(429,'Iris','Rodriguez','mssrodriguez1989@gmail.com','2025-09-02 13:33:50'),(430,'Kimberly','Duarte Nuñez','kimdua24@gmail.com','2025-09-02 13:39:58'),(431,'Katherine','Figueroa','kfigueroamercedes@gmail.com','2025-09-02 13:46:18'),(432,'Vidal','Umanzor','vidalumanzor@hotmail.com','2025-09-02 13:49:39'),(433,'Denovan','Hernández','denovan.hernandezestrada@dhl.com','2025-09-02 13:51:25'),(434,'Gil','Portillo','gil.portillo80@gmail.com','2025-09-02 14:02:42'),(435,'Javier','Colindres','javiercolindrestrad@gmail.com','2025-09-02 14:23:59'),(436,'Yanet','Bellido','yanetbellidoc@gmail.com','2025-09-02 14:45:46'),(437,'Magaly Karin','Manosalva Chavez','magalykarin80@gmail.com','2025-09-02 15:07:36'),(438,'Edith Gloria','Carrion Torres','gloriae_786@hotmail.com','2025-09-02 15:08:48'),(439,'Anali','Tapia Pereda','analiju25071@gmail.com','2025-09-02 15:13:43'),(440,'Oshin Valentina','Bellido Ramirez','shnbellido@gmail.com','2025-09-02 15:14:56'),(441,'Cristian','Burga','cristianburgasantacruz@gmail.com','2025-09-02 15:35:28'),(442,'Omar','Gómez García','ogomez688@gmail.com','2025-09-02 16:14:15'),(443,'Azaria','Elvir Figueroa','Zazahn@hotmail.com','2025-09-02 16:31:00'),(444,'Doris','Paz','dorispazunah@gmail.com','2025-09-02 16:54:23'),(445,'Yamila Lorena','Rodriguez Zarate','yloreya.28@gmail.com','2025-09-02 17:21:50'),(446,'Alexis','Vera Tapia','alexisvt1990@gmail.com','2025-09-02 18:50:41'),(447,'Roxana Lily','Ramos López','rlily409@yahoo.com','2025-09-02 19:15:53'),(448,'Xiomara Elizabeth','Vasquez Morales','xlizmorales@gmail.com','2025-09-02 19:20:39'),(449,'Zintia Milagros','Arqque Meza','zintiamilagrosmeza@gmail.com','2025-09-02 19:49:40'),(450,'Magali','Marcillo','magamarcillo@hotmail.com','2025-09-02 20:50:09'),(451,'Allison','Ninatanta','allison.ninatanta@gmail.com','2025-09-02 21:06:36'),(452,'Erick Santiago','Quenaya Yáñez','santiago16qy@gmail.com','2025-09-02 21:11:39'),(453,'Jennifer','Nima','jennifergeomara@gmail.com','2025-09-02 22:29:14'),(454,'Karen','Rodríguez Maldonado','karenrodriguezdm1@gmail.com','2025-09-02 22:37:48'),(455,'Jesica','Lopez','jesiicaloopez@gmail.com','2025-09-03 01:10:45'),(456,'Rogelio','Robledo Rebolledo','rogerobledo68@hotmail.com','2025-09-03 01:34:30'),(457,'Johana Karin','Montalvo Rodriguez','johana.montalvo.rodriguez@gmail.com','2025-09-03 01:55:56'),(458,'Karina Del Rosario','Nororis Lopez','Karina.nororis@hotmail.com','2025-09-03 01:59:19'),(459,'Susan Sadith','Mendoza Duran','susanmendoza358@gmail.com','2025-09-03 02:18:38'),(460,'Andy Josue','Torres Aguaisa','andyjosuetorresa@gmail.com','2025-09-03 02:25:00'),(461,'Angela Beatríz','Suárez','angesuar3@gmail.com','2025-09-03 03:39:06'),(462,'Julieta Saraí','Aguila Villicaña','jaguila222@gmail.com','2025-09-03 09:43:41'),(463,'Cristian Daniel','Alfaro','cristianodanielalfaro@gmail.com','2025-09-03 10:56:10'),(464,'Jose Antonio','Chamia','Jachamia@gmail.com','2025-09-03 11:50:08'),(465,'Jose','Morel Laureano','josemorel1977@hotmail.com','2025-09-03 14:27:19'),(466,'Ramiro','Huamaní Saravia','ramihs2005@outlook.com','2025-09-03 14:44:06'),(467,'Keylin','Rosales','Keylinrosales88@gmail.com','2025-09-03 16:38:05'),(468,'Ethel','Borja Solano','borjset245@gmail.com','2025-09-03 21:25:43'),(469,'Rita Jacqueline','Vera Rosado','gabyleen77@gmail.com','2025-09-03 21:54:39'),(470,'Yeimy Alexandra','Naranjo Restrepo','Yeimalexa@hotmail.com','2025-09-03 22:31:09'),(471,'Isna Liz','Larico Pampamalllco','isnaliz_19@hotmail.com','2025-09-04 01:19:04'),(472,'Jose Alejandro','Rivera Torres','Jriverar1975@gmail.com','2025-09-04 01:34:02'),(473,'Franky Eduardo','Reyes Osorio','zonaradiokogica@outkook.com','2025-09-04 13:23:48'),(474,'Rosa Magali','Marcillo Noroña','rosa.marcillo@ucacue.edu.ec','2025-09-04 14:02:04'),(475,'Daniela Alejandra','Avalos Navas','danianavas88@gmail.com','2025-09-04 14:15:42'),(476,'Diana Leticia','Hernandez Suarez','dialhs.ds@gmail.com','2025-09-04 16:05:47'),(477,'Nathaly Elynor','García De Bernave','elycega10@gmail.com','2025-09-04 16:10:41'),(478,'Magda Lizeth','Bonilla Eslava','mlbeslava@gmail.com','2025-09-04 16:26:56'),(479,'Andrea Susana','Prieto','aprieto@colsanitas.com','2025-09-04 16:27:12'),(480,'Aleida','Giraldo','aleida.trinidad@quironsalud.com','2025-09-04 20:19:47'),(481,'Joselin Michelle','Guillén Santillán','joselinguillen09@gmail.com','2025-09-04 21:17:40'),(482,'Daniel','Andisco','daniel.andisco@gmail.com','2025-09-05 18:38:54'),(483,'Madeline','De León','madelinedeleon.26@gmail.com','2025-09-05 19:02:40'),(484,'Omaira','Crespo','mendezomaira@gmail.com','2025-09-05 20:09:15'),(485,'Paola','Parra','paolaparra2025adm@gmail.com','2025-09-05 21:16:39'),(486,'Mary Luz','Cortes Puentes','maryluz16cortes@gmail.com','2025-09-05 23:50:50'),(487,'Maria José','Rivas González','majo.rivasg10@gmail.com','2025-09-06 17:07:53'),(488,'Malia Julieth','Pinzón Cubides','juli12pinzon@gmail.com','2025-09-06 17:17:31'),(489,'Rita Jacqueline','Vera Rosado','radiologyimage48@gmail.com','2025-09-06 17:21:38'),(490,'Massiel','Machado Díaz','mdiaz.cmw@infomed.sld.cu','2025-09-13 21:12:39'),(491,'Iralda','Ramos','ieragroup68@gmail.com','2025-09-17 19:26:07'),(492,'Juan Carlos','Morales','carlos.morales@hospitalteleton.org.mx','2025-09-18 00:54:31'),(493,'Zintia Milagros','Arqque Meza','mochimedsac@gmail.com','2025-09-18 21:52:42'),(494,'Niny','Moncada','Ninymoncada@gmail.com','2025-09-21 01:19:19'),(495,'Blanca Lisseth','Arbizu De Lopez','blanca.arbizu@unab.edu.sv','2025-09-21 15:35:39'),(496,'Aleida','Giraldo','aleida.trinidad@cediemd.com','2025-09-22 12:24:33'),(497,'Miguel','Hernandez','mhrnandezjunior@yahoo.com.ar','2025-09-22 23:48:40'),(498,'Yuliana','Gutiérrez Palacio','yuligupa01@gmail.com','2025-09-23 22:11:49'),(499,'Diana Soraya','Muñoz','diana_munoz2316@hotmail.com','2025-09-23 22:18:23'),(500,'Sandra Patricia','Sánchez Nova','spsanchez@colsanitas.com','2025-09-23 22:21:01'),(501,'Jeiffer','Marín Escobar','Sirjeiffer@gmail.com','2025-09-23 22:25:00'),(502,'Jhon Jairo','Hernández Padilla','eileenhernandez2701@gmail.com','2025-09-23 22:44:58'),(503,'Karla Lizeth','Rivera Camas','Kriveracamas34@gmail.com','2025-09-23 23:14:37'),(504,'Iván','Lamus Rey','ivanyesidr@gmail.com','2025-09-23 23:37:41'),(505,'Juan Carlos','Espin Cuzco','j_c2324@hotmail.com','2025-09-24 04:19:26'),(506,'Rocío','Viteri','rocio.viteri@gmail.com','2025-09-24 11:55:18'),(507,'Jessica','Naula','jessicanaulac@gmail.com','2025-09-24 12:07:49'),(508,'Erika','Tavuri','eri-kar@hotmail.com','2025-09-24 12:52:33'),(509,'Ernesto','Jiménez','netojs@yahoo.com.mx','2025-09-24 15:13:40'),(510,'Elcy Rocio','Ortiz Romero','elcyhernandez292427@gmail.com','2025-09-25 22:11:24'),(511,'Miguel Mateo','Arteaga Iraheta','mateoiraheta.20@gmail.com','2025-09-27 14:26:37'),(512,'Patricia','Recinos','patrice_26r@hotmail.com','2025-10-09 15:08:02'),(513,'Julieta','Ruiz','Ruizjulietamaria3@gmail.com','2025-10-09 17:25:59'),(514,'Florencia Soledad','Lezcano','florencialezcano402@gmail.com','2025-10-09 17:45:48'),(515,'Johana','Veliz','Johanaveliz75@gmail.com','2025-10-09 18:43:26'),(516,'Jose Fernando','Marquez Pachas','Jmarquezp@unmsm.edu.pe','2025-10-10 18:27:36'),(517,'Alexis Mauricio','Cruz Hernández','ma.manzanocruz@icloud.com','2025-10-11 16:45:48'),(518,'Senayda','Ortiz Rojas','senayda.or@gmail.com','2025-10-21 17:39:18'),(519,'Teresa Giuliana','Calero Gómez','tgcalerogomez1980@gmail.com','2025-10-23 15:31:26'),(520,'Micxy Nelly','Guerrero Julca','minellyguerrerojulca@gmail.com','2025-10-23 16:50:06'),(521,'Cesar Jheferson','Guevara Pillaca','cesar.guevara@anphysrad.com','2025-10-23 17:25:53'),(522,'Jorge Oswaldo','Cedeño Cedeño','jorgebectruc18@hotmail.com','2025-10-27 12:17:43'),(523,'Kelly','Asanza','kellys_a.l@hotmail.com','2025-10-27 15:25:41'),(524,'Victor','Acurio','Victoracurior@gmail.com','2025-10-28 14:14:29'),(525,'Virginia Ingrid','Haro Chafla','ingridharo2001@gmail.com','2025-10-28 16:48:08'),(526,'Adrian','Barcenas','adrianbarcenas288@gmail.com','2025-10-29 17:25:11'),(527,'Aleida','Gil','agilrojas@gmail.com','2025-10-30 00:34:44'),(528,'Giancarlo','Arditto','rescuegian84@gmail.com','2025-10-30 12:49:56'),(529,'Jesica Gabriela','Castillo Jiménez','esi.jgcj@gmail.com','2025-10-30 13:49:27'),(530,'Williams','Ramirez','warb188@gmail.com','2025-10-30 14:07:18'),(531,'Carlos','Jimenez','cjimenezvz@yandex.com','2025-10-30 14:21:51'),(532,'José','Cornieles','josehcornieles@gmail.com','2025-10-30 14:22:45'),(533,'Kenny','Prieto','kennyprieto@gmail.com','2025-10-30 14:37:09'),(534,'Luis','Reyes','luis.texla@gmail.com','2025-10-30 14:50:06'),(535,'Beysi','Guarepero','bguarepero@gmail.com','2025-10-30 21:41:20');
/*!40000 ALTER TABLE `newsletter_register` ENABLE KEYS */;
UNLOCK TABLES;

--
-- Table structure for table `request_register`
--

DROP TABLE IF EXISTS `request_register`;
/*!40101 SET @saved_cs_client     = @@character_set_client */;
/*!50503 SET character_set_client = utf8mb4 */;
CREATE TABLE `request_register` (
  `request_id` int NOT NULL AUTO_INCREMENT,
  `name` varchar(40) NOT NULL,
  `document` varchar(20) NOT NULL,
  `associate` varchar(30) NOT NULL,
  `profession` varchar(30) NOT NULL,
  `adress` varchar(200) NOT NULL,
  `home_phone` varchar(20) NOT NULL,
  `phone` varchar(20) NOT NULL,
  `work_phone` varchar(20) NOT NULL,
  `email` varchar(100) NOT NULL,
  `country` varchar(10) NOT NULL,
  `work_place` varchar(30) NOT NULL,
  `job_title` varchar(30) DEFAULT NULL,
  `board_number` varchar(30) DEFAULT NULL,
  `referring_member` varchar(40) DEFAULT NULL,
  `time_register` datetime DEFAULT CURRENT_TIMESTAMP,
  PRIMARY KEY (`request_id`)
) ENGINE=InnoDB AUTO_INCREMENT=5 DEFAULT CHARSET=utf8mb3;
/*!40101 SET character_set_client = @saved_cs_client */;

--
-- Dumping data for table `request_register`
--

LOCK TABLES `request_register` WRITE;
/*!40000 ALTER TABLE `request_register` DISABLE KEYS */;
INSERT INTO `request_register` VALUES (3,'Raul Villalta','10889879','adherent','Fisico Medico','Caracas Venezuela','02392252703','+584122949106','02123654247','raulvillalta@gmail.com','VE','Hospital Domingo Luciani','Fisico Medico','NO ApliCA','Dra Cecilia Alfaro','2025-09-24 14:30:57'),(4,'Luis Abdhul Avila Abril','1049634870','adherent','Físico','calle 66 # 10-73 Apto 201 Chapinero','3228801301','3228801301','3228801301','avilaabdhul@gmail.com','CO','Universidad de la Amazonia','Docente','','','2025-10-11 16:48:12');
/*!40000 ALTER TABLE `request_register` ENABLE KEYS */;
UNLOCK TABLES;

--
-- Table structure for table `users`
--

DROP TABLE IF EXISTS `users`;
/*!40101 SET @saved_cs_client     = @@character_set_client */;
/*!50503 SET character_set_client = utf8mb4 */;
CREATE TABLE `users` (
  `user_id` int NOT NULL AUTO_INCREMENT,
  `firstname` varchar(50) NOT NULL,
  `lastname` varchar(50) NOT NULL,
  `email` varchar(100) NOT NULL,
  `gender` enum('m','f','o') NOT NULL DEFAULT 'o',
  `password` varchar(255) NOT NULL,
  `active` tinyint(1) DEFAULT '1',
  `user_rank` tinyint(1) DEFAULT NULL,
  PRIMARY KEY (`user_id`)
) ENGINE=InnoDB AUTO_INCREMENT=2 DEFAULT CHARSET=utf8mb3;
/*!40101 SET character_set_client = @saved_cs_client */;

--
-- Dumping data for table `users`
--

LOCK TABLES `users` WRITE;
/*!40000 ALTER TABLE `users` DISABLE KEYS */;
INSERT INTO `users` VALUES (1,'Luis','Villalta','luisfernandovillaltamanrique@gmail.com','m','pbkdf2:sha256:600000$Ixa1jjSw4RI6k8Zc$e7d26b8587babf03184cb0079106819fdb9b3be8df23bb37373c46458ed9d466',1,1);
/*!40000 ALTER TABLE `users` ENABLE KEYS */;
UNLOCK TABLES;
/*!40103 SET TIME_ZONE=@OLD_TIME_ZONE */;

/*!40101 SET SQL_MODE=@OLD_SQL_MODE */;
/*!40014 SET FOREIGN_KEY_CHECKS=@OLD_FOREIGN_KEY_CHECKS */;
/*!40014 SET UNIQUE_CHECKS=@OLD_UNIQUE_CHECKS */;
/*!40101 SET CHARACTER_SET_CLIENT=@OLD_CHARACTER_SET_CLIENT */;
/*!40101 SET CHARACTER_SET_RESULTS=@OLD_CHARACTER_SET_RESULTS */;
/*!40101 SET COLLATION_CONNECTION=@OLD_COLLATION_CONNECTION */;
/*!40111 SET SQL_NOTES=@OLD_SQL_NOTES */;

-- Dump completed on 2025-11-04  5:01:54
